"ResponseId","bisbas_matrix_1","bisbas_matrix_2","bisbas_matrix_3","bisbas_matrix_4","bisbas_matrix_5","bisbas_matrix_6","bisbas_matrix_7","bisbas_matrix_8","bisbas_matrix_9","bisbas_matrix_10","bisbas_matrix_11","bisbas_matrix_12","bisbas_matrix_13","bisbas_matrix_14","bisbas_matrix_15","bisbas_matrix_16","bisbas_matrix_17","bisbas_matrix_18","bisbas_matrix_19","bisbas_matrix_20","bisbas_reward_res","bisbas_drive","bisbas_fun_seek","bisbas_bis"
"R_38XVirtBWEjoVTi",1,1,1,1,3,4,3,4,4,4,4,4,1,4,4,4,4,4,4,4,20,16,13,14
"R_67qEr703rxZJ9M8",3,3,3,3,2,3,1,1,1,3,2,2,3,3,1,4,4,4,4,3,19,7,9,18
"R_5e7vCy3nbA5HC9j",3,3,3,4,3,3,2,3,3,2,3,3,3,2,2,3,3,3,3,3,15,11,10,21
"R_6IydxRFiQ2G12Ol",2,1,1,2,1,2,2,2,2,2,2,3,3,3,1,2,3,3,3,2,13,8,10,11
"R_30I6tQ8sgkkVyLo",3,3,3,3,2,3,2,3,3,3,3,3,3,3,2,3,3,3,4,3,16,12,11,19
"R_6LLp1ZRkT0DD6o1",3,3,3,3,1,3,1,3,3,4,3,3,3,3,3,3,4,4,3,3,17,13,12,17
"R_1G8GBeF6278PxJ8",3,3,3,3,3,4,1,4,4,4,4,3,1,1,1,3,3,3,1,3,13,16,6,20
"R_7cJjMQLtw3wmtMd",4,4,1,2,0,3,1,3,3,3,2,3,1,1,3,3,4,3,3,3,16,11,8,15
"R_5Q0AnuVkFwBDZ2h",1,2,3,3,2,3,1,2,2,2,2,3,2,3,1,3,3,3,4,3,16,8,9,15
"R_6sQGpmhlw3ksmnD",3,3,4,3,3,3,3,1,2,3,3,3,3,3,3,3,4,3,3,3,16,9,12,22
"R_3ic3WJgZ6aQnj8d",3,3,3,3,3,3,1,3,3,3,3,3,3,3,3,3,4,4,3,3,17,12,12,19
"R_7etRBZ2jsvktJRB",1,1,2,2,0,1,0,1,1,3,2,2,1,2,1,3,3,3,3,3,15,7,6,7
"R_6kNhEuyMUlwpF9b",2,3,1,3,2,2,1,2,2,3,2,2,2,3,2,3,4,3,4,2,16,9,9,14
"R_3qArdP8OJgeCuhb",4,4,4,4,0,4,2,4,4,1,1,1,1,1,1,4,4,4,4,4,20,10,4,22
"R_7EavZVcL3A3ZkGa",2,3,3,3,2,3,2,2,2,2,2,3,2,2,2,3,3,3,2,2,13,8,9,18
"R_3yf4dJ3L9J2uFp0",2,3,3,3,2,3,1,4,4,4,3,4,4,4,4,3,3,4,4,4,18,15,16,17
"R_51LUqCwheDpdPHj",3,2,3,3,2,3,1,2,1,2,2,2,2,1,2,3,3,3,3,3,15,7,7,17
"R_6hpbXJoC2PPC6KR",3,3,3,3,2,3,2,2,2,2,2,2,2,2,2,2,3,3,3,3,14,8,8,19
"R_6oAnB09QwpjNbya",2,3,2,3,1,3,1,2,3,2,1,2,1,2,2,2,3,3,3,2,13,8,7,15
"R_5rfrQri9pkYyncF",3,2,4,4,0,4,1,3,3,3,2,2,2,2,3,3,3,3,3,3,15,11,9,18
"R_6amXYdjgporasOg",2,2,2,2,2,2,2,3,3,3,3,3,3,3,3,3,3,3,2,3,14,12,12,14
"R_6hGzBQPOAyIbY6Q",2,1,1,1,2,2,2,2,2,3,1,1,2,3,1,2,3,3,4,2,14,8,7,11
"R_1BwztGYBq2PShpd",3,3,2,2,2,3,2,2,3,2,3,2,2,3,2,3,3,3,3,3,15,10,9,17
"R_3M5PrJrxz2KW1H8",2,2,3,2,1,3,2,3,3,2,3,3,2,3,2,3,3,3,3,2,14,11,10,15
"R_7uDsikm425tlZQb",3,3,4,3,3,3,2,1,1,1,1,1,1,1,1,1,3,3,4,2,13,4,4,21
"R_3kS0hUeA2lXUQeU",1,1,1,1,3,1,3,1,1,1,1,1,1,4,1,4,4,4,4,4,20,4,7,11
"R_1ffMPw9Rzu6wsur",1,1,1,2,1,3,2,3,2,3,2,3,2,3,2,3,4,4,3,3,17,10,10,11
"R_5Kp4Q0WtzeXR8HW",1,3,4,4,2,3,1,3,3,3,2,3,2,3,2,3,3,3,3,3,15,11,10,18
"R_6vdFh4IkYfL2I7L",2,2,2,2,1,2,1,3,3,3,3,3,3,3,3,3,3,3,3,3,15,12,12,12
"R_3qju1UW3VVD07L3",3,3,3,3,3,3,3,1,1,1,1,2,1,1,1,4,4,4,4,3,19,4,5,21
"R_32R1XDSNyTGYVAl",2,3,3,4,2,4,1,2,3,3,2,3,3,3,2,3,3,3,3,3,15,10,11,19
"R_17o9bGXX1rzmFRT",3,3,2,2,2,2,2,2,2,3,2,2,2,3,3,4,4,4,4,3,19,9,10,16
"R_3EhdoD79VmV1t9i",3,3,2,2,1,3,1,2,2,3,2,3,2,3,2,3,3,3,3,2,14,9,10,15
"R_6fksUNreH0F98ia",3,3,3,3,1,3,2,1,2,2,1,3,2,2,1,3,4,4,3,3,17,6,8,18
"R_1313um8ltp5qBYF",2,2,3,3,3,2,2,3,3,1,3,4,2,2,3,3,3,3,2,2,13,10,11,17
"R_6dMjcWj3GWD8EzO",4,1,3,4,2,3,1,4,4,4,3,3,1,3,3,4,4,3,4,4,19,15,10,18
"R_3h0zobr1r6pB7QZ",3,3,4,4,3,4,3,2,2,2,2,3,2,3,3,3,4,3,3,3,16,8,11,24
"R_35i5cyfDisIibzX",3,3,4,4,3,3,3,3,3,3,3,1,1,2,1,4,4,4,3,4,19,12,5,23
"R_3Eye5Xgk4iKLSaB",2,3,2,2,2,3,2,2,1,1,1,1,1,1,1,2,3,3,3,2,13,5,4,16
"R_5dMAqVdv1f99630",1,2,1,1,1,2,0,3,3,3,3,4,2,3,2,3,3,3,2,3,14,12,11,8
"R_1NRWwynls6gcJuV",2,2,3,2,2,3,1,3,2,3,2,2,3,2,2,3,3,2,3,3,14,10,9,15
"R_6JxCAWCw1IXgOjz",2,3,2,2,1,3,1,3,3,3,2,2,2,3,2,3,3,3,3,2,14,11,9,14
"R_7JGl8z4ucGPe4Bb",3,2,2,3,2,3,2,3,2,2,2,3,2,3,3,3,3,3,3,3,15,9,11,17
"R_6LNZZghzTUIlyFI",3,3,3,3,2,3,1,3,2,2,3,3,3,3,3,3,3,3,3,3,15,10,12,18
"R_5U6UiKL17Q36uhX",1,2,2,2,1,3,1,3,3,3,3,3,3,3,3,2,3,3,3,2,13,12,12,12
"R_3ISquNyz1s1qspR",1,2,2,1,0,3,0,4,3,3,3,3,3,3,2,3,3,3,3,3,15,13,11,9
"R_7g1MtgrksD2Vb4j",2,3,2,2,2,2,2,2,2,2,1,1,1,1,1,3,3,3,3,3,15,7,4,15
"R_32nTc41frgcVM61",1,1,3,3,2,3,2,1,1,1,1,1,1,1,1,3,3,3,3,2,14,4,4,15
"R_3q2xC423oLHuOLB",2,2,3,2,1,3,2,2,2,2,2,1,1,1,1,3,3,3,3,2,14,8,4,15
"R_78ICdKcMczkIj2l",3,3,2,4,2,3,2,2,2,2,2,4,2,3,3,3,4,4,4,4,19,8,12,19
"R_6K8zf1Le39U5UCv",2,4,3,3,2,3,2,3,1,1,2,1,1,1,1,4,3,4,4,3,18,7,4,19
"R_12KupiIBwBAiAlT",3,3,1,2,1,3,1,3,4,3,2,3,2,2,3,3,3,3,3,3,15,12,10,14
"R_7itB7zhRgpKX78t",1,3,3,3,2,3,1,2,3,3,2,4,3,3,2,3,3,2,3,3,14,10,12,16
"R_7aryV0zJJHMF7D1",2,3,1,2,1,3,1,3,3,3,2,3,3,3,2,4,3,4,3,3,17,11,11,13
"R_1axWcYgeIg0SLXn",4,4,4,4,3,4,3,4,4,4,4,1,4,4,1,4,4,4,4,4,20,16,10,26
"R_7NS6K0ckKzR33xL",1,2,3,3,2,3,3,3,3,3,3,3,3,3,3,3,4,4,4,3,18,12,12,17
"R_3ab2B3gcURS6JBa",2,2,2,2,1,3,1,2,2,2,2,2,2,2,2,3,3,3,2,2,13,8,8,13
"R_3e7h3H9CmPZFAm5",3,3,3,3,1,3,1,3,2,3,3,3,3,3,2,3,3,3,3,3,15,11,11,17
"R_36RZgx00aPw0jBL",3,2,3,3,2,3,2,3,3,3,3,2,1,2,1,3,2,2,3,3,13,12,6,18
"R_5I6mQYvdnxvmCHL",3,3,3,3,2,3,3,2,2,3,2,2,2,2,2,3,3,3,3,3,15,9,8,20
"R_138L3WxYejGK0Kt",2,2,3,3,2,3,2,3,3,2,2,3,2,3,2,3,3,4,3,4,17,10,10,17
"R_7YG545zyuAwH2pz",2,3,2,3,2,3,1,2,2,2,2,3,3,3,2,3,3,3,3,3,15,8,11,16
"R_5zSejDVfxYjUQrF",4,4,4,4,3,4,3,2,2,2,2,1,1,1,1,3,3,3,3,2,14,8,4,26
"R_50leIBHtgptrTbI",2,3,3,3,2,3,2,3,3,3,2,3,3,3,2,3,3,3,3,2,14,11,11,18
"R_5lACVPPM014Wmwd",3,3,3,3,2,3,1,3,3,2,2,3,2,2,2,2,3,2,3,2,12,10,9,18
"R_3GnrbByp0pONqKd",2,2,3,2,1,2,1,2,2,2,2,3,1,2,2,3,3,3,2,3,14,8,8,13
"R_64jC50kf2fwXiOA",2,2,2,2,2,2,1,3,3,3,3,2,2,3,2,3,3,3,3,2,14,12,9,13
"R_6wjeDONWdHCNJ0q",1,2,3,2,1,2,1,3,2,2,3,2,2,1,1,3,3,4,3,2,15,10,6,12
"R_3fk0NLdiIxzKrcD",1,2,1,2,2,2,1,2,2,1,1,2,1,3,2,3,3,2,1,2,11,6,8,11
"R_3NeikfJMuZEEHQJ",1,1,3,3,3,1,3,4,4,4,4,4,3,4,3,4,4,4,4,4,20,16,14,15
"R_5ClKVwFWaPfnpqH",1,1,3,3,2,2,2,2,3,3,2,2,1,3,1,3,3,3,3,2,14,10,7,14
"R_7471xG7AkXS7wBv",1,1,1,1,1,1,2,3,2,3,2,3,3,3,3,3,3,3,4,3,16,10,12,8
"R_7JJdmquPgws7SFI",2,2,3,2,2,3,2,2,2,2,2,2,2,3,2,2,3,3,3,2,13,8,9,16
"R_5Bqu98WSa3SSJW1",3,2,3,3,2,1,1,3,2,2,2,2,1,2,2,3,3,3,3,3,15,9,7,15
"R_531awRduDvVkAjg",1,1,1,1,1,1,1,3,2,1,1,2,1,2,2,3,4,2,3,3,15,7,7,7
"R_3I6PL2Bnd5m6YEX",1,1,2,3,2,2,0,3,3,3,2,1,3,4,2,4,3,3,4,3,17,11,10,11
"R_6SicG1vZUCP2r9B",2,1,2,1,1,1,3,2,2,2,2,3,2,3,2,3,3,3,3,3,15,8,10,11
"R_7QKtauf23FclmZj",3,2,2,3,2,3,2,2,3,3,2,2,2,2,3,3,3,3,3,2,14,10,9,17
"R_6TZYbwLG4nocXUB",1,1,1,1,3,1,3,1,1,1,1,1,1,3,2,1,1,1,3,1,7,4,7,11
"R_1g1vgz3QFgAhwQQ",1,2,3,3,2,2,2,1,1,1,1,2,1,2,1,2,3,4,3,1,13,4,6,15
"R_11Xp6WTjpIMr4S5",3,3,3,3,2,3,2,3,3,3,3,3,3,3,3,3,3,3,3,3,15,12,12,19
"R_1PaFNv9vDENJGNE",1,1,3,2,1,3,1,2,2,2,2,2,2,2,2,2,2,2,2,2,10,8,8,12
"R_6T1wQD1rmx6N3QR",3,4,4,4,3,4,2,2,3,4,1,2,1,3,4,3,4,3,4,3,17,10,10,24
"R_5qfOcAw70W5DkiD",3,3,3,3,2,4,3,3,3,3,3,3,3,3,1,3,3,3,4,3,16,12,10,21
"R_5uU0dvwVvNPHJte",2,2,3,3,2,3,1,2,2,2,2,1,1,2,1,3,3,3,3,3,15,8,5,16
"R_3sFBnxQPk46qH9D",3,3,3,3,2,2,2,3,2,3,2,3,3,3,2,2,3,2,3,3,13,10,11,18
"R_6CHWDVch8w52adB",1,1,1,2,2,2,1,3,3,3,2,1,1,1,1,2,3,3,3,3,14,11,4,10
"R_1xUhPp3zey4FFG9",1,2,2,2,2,3,1,3,2,3,2,2,1,2,1,2,2,2,3,2,11,10,6,13
"R_5rYdDWufu9FV5mQ",2,2,3,2,2,3,1,2,2,2,2,3,2,3,2,3,3,3,3,2,14,8,10,15
"R_7hDBH7TkCn3yCFe",2,2,2,2,0,2,0,3,4,3,2,4,4,4,4,2,4,4,4,4,18,12,16,10
"R_7qDzfEBhnDwkUJ8",2,2,2,2,2,2,2,2,2,2,2,3,3,3,3,3,3,3,4,3,16,8,12,14
"R_1eb1NSTKnLSHOX0",4,4,3,3,3,3,2,3,3,3,3,3,3,3,3,3,3,3,4,3,16,12,12,22
"R_3VDu1BK5ATfisr8",2,2,3,3,1,3,0,4,4,4,3,2,1,2,2,3,4,3,4,3,17,15,7,14
"R_5dEluXxdZDk3643",1,3,2,2,1,3,2,2,2,3,2,3,2,3,3,2,3,3,3,2,13,9,11,14
"R_5pJspTFI2ecHa13",2,2,3,3,1,2,2,3,2,3,2,3,3,3,2,3,2,3,3,2,13,10,11,15
"R_5jq8Mn5ZFB4D9Ch",2,2,3,2,1,2,2,1,1,1,1,2,1,2,1,3,3,3,2,2,13,4,6,14
"R_7TcDCk78NjtuyhH",2,3,3,3,1,3,2,2,1,2,1,2,2,2,2,3,3,3,2,3,14,6,8,17
"R_7y2UeJqv33Elk96",3,2,2,2,1,2,0,3,3,3,3,1,1,2,2,3,4,2,3,2,14,12,6,12
"R_7ukudufgKJgWcOR",3,4,2,3,3,3,2,2,2,3,2,3,2,2,3,3,3,3,3,2,14,9,10,20
"R_1K8No2eE39sJWrD",2,2,2,2,2,2,2,2,2,2,2,1,2,3,2,3,3,3,2,3,14,8,8,14
"R_1DCD2E8uJt0KgNn",3,2,2,2,2,3,1,2,2,2,2,3,2,3,3,3,3,3,3,3,15,8,11,15
"R_7gT8lbNyAzSepeV",1,1,1,1,3,1,3,1,1,1,1,1,1,1,1,1,4,4,4,1,14,4,4,11
"R_1IbzQcUIZ4M9Lqh",2,2,2,2,1,2,2,3,3,3,2,2,1,2,2,3,3,2,3,2,13,11,7,13
"R_6Mm1oqYQmmdp9lp",4,3,3,4,1,4,1,4,3,4,3,4,3,3,4,3,4,3,4,3,17,14,14,20
"R_7smWVJpQ51w4vBv",2,3,2,3,1,3,1,3,3,3,3,2,3,3,2,3,3,3,3,3,15,12,10,15
"R_3Eh3FTlsiu0yIEj",3,3,2,3,2,3,1,3,2,2,3,3,2,2,2,3,3,3,3,3,15,10,9,17
"R_11Ql7h4eSbog1D9",2,1,1,1,1,2,0,3,2,3,2,3,3,3,2,3,4,4,3,4,18,10,11,8
"R_5O1djSg5wX2ZTeE",2,2,2,3,2,2,2,2,2,2,2,3,3,3,2,3,3,2,3,3,14,8,11,15
"R_3VD59h7RqZYqask",2,2,2,2,1,2,1,3,3,3,2,2,3,3,2,3,3,3,3,3,15,11,10,12
"R_6kcwU8P0KpikFoh",2,2,3,2,2,3,2,2,2,2,1,2,2,3,2,2,3,3,3,2,13,7,9,16
"R_3WVHRGB2jzC0S41",4,3,4,3,3,3,1,3,3,2,3,3,2,3,2,4,3,4,3,3,17,11,10,21
"R_5mPnRERrrGDSR6Y",2,2,2,3,2,3,1,3,3,3,2,2,2,2,2,3,3,3,3,3,15,11,8,15
"R_6NQdgYBqdshoh00",3,3,2,3,1,3,1,3,3,2,2,2,2,3,2,3,3,3,3,3,15,10,9,16
"R_6IUJwxm2U67iepH",3,3,3,3,2,3,2,2,2,2,2,3,2,2,2,3,3,3,3,3,15,8,9,19
"R_7AYo58CkpJRMdkl",3,2,2,2,2,3,2,3,2,2,3,2,2,2,2,3,3,3,4,3,16,10,8,16
"R_7nT3PFAEZrviE1d",1,2,1,2,1,2,1,4,3,2,3,4,3,4,4,4,3,4,2,3,16,12,15,10
"R_7pJpOnRfelnL3Zq",1,1,2,1,1,1,1,3,2,3,2,1,2,2,3,1,3,2,3,3,12,10,8,8
"R_1Cdbc0YPaonCUCZ",3,2,4,3,2,3,1,2,2,2,2,3,2,3,2,3,3,4,3,3,16,8,10,18
"R_6e8YopyHShDxzxE",2,2,2,2,2,3,2,3,3,3,2,3,3,3,3,3,3,3,3,3,15,11,12,15
"R_10xdJGGJABI6P2o",2,3,2,2,1,2,2,2,2,2,2,2,2,2,2,2,3,2,3,2,12,8,8,14
"R_710bC1IOA9cqUpH",3,3,3,3,2,3,1,3,3,3,3,3,3,3,2,3,4,3,4,3,17,12,11,18
"R_7qffoiWVZNLKuLx",4,3,4,3,1,4,3,3,4,3,4,3,4,4,3,4,3,4,4,4,19,14,14,22
"R_5ixPTr0uHqI2Sfu",1,1,1,1,1,1,1,3,2,3,2,1,1,2,1,3,3,4,4,3,17,10,5,7
"R_31db3e0KcsC3Hqp",2,2,2,2,1,2,0,3,3,3,2,2,2,2,2,2,2,2,1,2,9,11,8,11
"R_6OV5OalPygdHNAu",1,1,1,1,0,1,1,2,2,3,3,3,3,4,1,4,4,4,4,4,20,10,11,6
"R_3q2t6FfZEe7xoEZ",2,2,3,3,2,2,2,3,3,2,3,3,2,4,3,3,3,3,3,3,15,11,12,16
"R_5IxYYDGpPqOWuKu",2,3,3,3,3,3,1,1,1,1,1,1,1,2,2,3,3,3,3,3,15,4,6,18
"R_3QnqrkQsT6m8gGz",1,1,1,1,3,1,1,3,4,3,3,4,4,4,3,3,3,3,3,3,15,13,15,9
"R_5z1vGEvvn03lT3P",3,4,3,4,2,4,2,3,3,3,3,2,3,3,2,3,4,3,4,3,17,12,10,22
"R_6aDiWbvge35ZuzB",4,3,1,3,2,4,1,4,4,4,4,4,4,4,4,4,4,4,4,4,20,16,16,18
"R_3pS4UGNjUGhIFZT",3,3,4,3,2,4,2,3,3,3,4,3,3,3,2,3,3,4,4,3,17,13,11,21
"R_3qby870JiO6FspX",1,1,1,1,1,1,1,1,1,1,3,1,1,1,1,1,3,2,3,1,10,6,4,7
"R_5oYBS1C3GhrvWvN",3,3,4,4,3,4,3,2,2,2,2,2,1,2,2,3,4,4,4,3,18,8,7,24
"R_6f0NGQOyPoOxR0c",2,3,3,3,2,3,2,4,3,3,3,2,2,3,2,3,3,3,3,3,15,13,9,18
"R_6ULGxCjM2NBYE0x",2,2,2,2,2,2,2,2,2,2,2,3,2,3,3,3,3,3,3,2,14,8,11,14
"R_5GlYha5NaGXhs5W",2,2,2,2,1,1,1,4,3,3,3,3,3,3,3,3,3,3,3,3,15,13,12,11
"R_1QjwkebCB0V213j",3,2,2,2,1,2,2,2,2,2,2,3,2,2,2,3,3,3,3,2,14,8,9,14
"R_3NTWG9v4ZGTgOBH",3,3,4,3,3,3,2,3,3,2,2,2,1,1,1,4,4,4,4,3,19,10,5,21
"R_3GNzZGNnPumekPh",2,2,2,2,1,3,1,3,3,3,3,3,2,3,2,2,3,3,3,3,14,12,10,13
"R_5j6GBjhiORYOZA4",2,3,1,2,1,1,2,2,2,3,2,3,1,3,2,3,3,3,4,2,15,9,9,12
"R_6wS5TpPLUH8BNq9",3,4,4,3,3,4,3,2,3,3,1,3,2,3,1,3,4,4,1,2,14,9,9,24
"R_3zYN7dYYBAK9u0O",3,3,3,3,3,3,2,2,2,2,2,2,1,3,2,3,3,3,4,3,16,8,8,20
"R_5lyPBW3iNpEU5fW",3,3,1,3,2,3,1,3,3,2,2,3,2,3,2,3,3,3,3,3,15,10,10,16
"R_7asIJEEywE2iQFv",3,2,3,3,2,2,1,3,3,2,2,3,2,3,2,3,4,3,4,3,17,10,10,16
"R_7CZgMiBp1j6jcKl",3,3,3,3,1,3,1,3,2,2,2,3,2,2,3,3,2,3,3,3,14,9,10,17
"R_5OGZ4I0FqSj0zPX",3,3,3,3,3,3,3,2,2,2,1,2,1,2,1,3,3,3,3,3,15,7,6,21
"R_6oMjaAPnBnKkvpL",1,2,1,3,1,1,1,3,3,3,3,3,3,3,3,3,3,1,3,2,12,12,12,10
"R_7KiUtrBbZioGZ7X",2,3,3,3,2,3,1,3,3,3,2,2,2,3,2,3,3,3,4,3,16,11,9,17
"R_6huzMhFw2Poayvj",2,3,3,3,2,4,1,3,3,3,3,2,2,2,2,3,3,3,4,3,16,12,8,18
"R_7VPdEPFK8NVC5lR",1,1,1,2,2,2,1,2,1,1,2,2,1,1,2,1,2,3,2,2,10,6,6,10
"R_7j96P5KGC0KLL0s",3,2,1,1,2,3,0,3,3,2,2,2,2,3,2,3,4,4,4,3,18,10,9,12
"R_5EnIuaVKtrA7PJK",2,3,2,3,2,3,1,3,3,3,3,3,3,3,3,3,4,4,4,3,18,12,12,16
"R_7fa81plYMJGXUzf",2,2,2,2,1,3,1,3,3,3,3,2,1,2,3,3,3,3,3,3,15,12,8,13
"R_5MsZxvWgd71QNoJ",2,3,1,3,3,1,3,3,3,3,3,2,1,2,1,3,3,3,3,2,14,12,6,16
"R_3ruVXKXkCjALiuy",2,1,3,3,2,3,1,3,3,2,3,3,1,3,2,3,3,2,3,3,14,11,9,15
"R_3tEZf9k4YY8YABi",3,3,2,2,2,3,2,3,3,3,2,3,2,2,3,3,3,3,4,3,16,11,10,17
"R_323UDLYL1w6aEOr",2,4,4,4,1,4,3,2,3,3,3,3,1,2,2,4,4,4,3,3,18,11,8,22
"R_7QVTSE8Pzkp36lH",3,3,3,3,2,3,1,2,2,2,2,2,2,3,2,3,3,3,3,2,14,8,9,18
"R_7XtEGFXxOJgoM93",3,2,2,3,2,3,1,2,2,2,2,2,2,2,2,3,3,3,3,3,15,8,8,16
"R_1SwA1RGEhCLJZrF",4,4,4,4,3,4,3,3,3,3,2,2,2,2,2,3,4,3,4,3,17,11,8,26
"R_7ebuDuMKUIL9zyi",2,2,2,2,1,2,1,3,2,2,2,3,2,3,2,3,3,3,3,3,15,9,10,12
"R_5wWzfbWu0jq8Fc5",2,3,3,3,3,2,1,2,2,2,2,2,3,3,2,3,3,3,3,3,15,8,10,17
"R_50Ptqz8nPx7YHQD",2,3,3,3,2,3,1,3,3,3,2,3,3,3,2,3,3,3,3,3,15,11,11,17
"R_3uODD2pdNI8jXXP",2,3,3,3,2,3,2,3,3,3,3,3,2,3,2,3,3,3,3,3,15,12,10,18
"R_7uDQOrG28WLjm4m",2,2,2,2,1,2,1,3,3,3,3,3,2,3,3,3,3,3,3,3,15,12,11,12
"R_5R4LrQ8jXinBsMV",1,3,3,4,2,4,2,3,3,3,3,3,3,3,2,3,3,3,4,3,16,12,11,19
"R_5gFuI6Zdce2HOMq",2,3,3,2,2,3,1,3,3,4,3,3,4,3,4,3,4,2,4,4,17,13,14,16
"R_6NFhU0bXejXyu3v",3,4,3,4,2,3,2,2,3,2,2,3,3,3,2,3,3,3,3,3,15,9,11,21
"R_5dv8MJ9XT2tsOk6",3,3,4,3,0,3,2,2,3,4,3,3,3,4,3,2,1,3,3,4,13,12,13,18
"R_7MDxBq8mtH5I2a8",2,4,4,4,2,1,2,3,3,2,1,3,4,3,3,2,2,4,3,3,14,9,13,19
"R_1OXquApJXnrC9Hz",3,3,3,2,2,3,2,2,4,3,2,3,3,3,2,4,3,2,3,2,14,11,11,18
"R_59BGTvIulbj5Ok9",3,2,2,3,3,2,1,2,2,3,2,2,2,3,2,2,1,3,3,1,10,9,9,16
"R_3HSylAQObjq7nOk",3,4,2,3,2,3,2,2,2,2,2,2,3,3,2,3,3,2,3,3,14,8,10,19
"R_5ikEQ9CFFY4yKnv",4,4,4,4,0,4,3,1,3,3,3,3,3,2,2,3,3,3,3,2,14,10,10,23
"R_5cpAUcYiSFu8pFr",2,3,3,1,3,1,1,2,3,4,2,1,2,3,1,1,4,1,3,1,10,11,7,14
"R_5FncB44tYK8cz8R",1,3,4,4,0,4,3,4,4,4,4,4,4,4,4,4,4,4,4,4,20,16,16,19
"R_5IQCuxi5CkbT8HN",2,4,3,2,1,2,0,4,3,2,1,3,4,1,2,2,4,3,2,3,14,10,10,14
"R_1kFgIarWRGRiNHk",2,3,3,3,2,3,2,3,3,3,3,3,3,3,2,3,3,3,3,3,15,12,11,18
"R_1jNjo5BcokYvGAN",4,3,4,4,2,3,3,4,3,4,2,2,4,2,1,1,3,2,4,3,13,13,9,23
"R_7EmnTpRv4SVEkHD",2,2,2,2,1,2,1,2,2,2,3,2,2,3,2,3,3,3,2,3,14,9,9,12
"R_6lJ7CPijxHhmHlf",2,4,3,2,0,2,3,3,3,4,2,2,4,2,2,3,1,4,2,2,12,12,10,16
"R_6g7n6d7zHUwIoMX",2,3,3,1,2,2,2,3,3,3,2,1,2,3,3,4,3,2,3,2,14,11,9,15
"R_5RMLoJsyr6kr6gN",3,2,3,2,2,3,2,3,3,2,2,3,3,2,3,2,2,2,4,3,13,10,11,17
"R_3o8c5VkhDvyoBfB",4,4,4,4,3,4,3,1,1,1,2,2,1,2,2,3,3,4,3,2,15,5,7,26
"R_1Gg0qg71vPhfaav",3,4,3,4,2,3,2,2,2,2,2,3,2,3,4,2,3,3,3,3,14,8,12,21
"R_1YAfOl1rXVFwEkk",3,3,3,3,2,3,2,3,3,3,3,3,3,3,3,3,3,3,4,3,16,12,12,19
"R_5foOmJLH4T2YLv5",4,4,3,3,1,3,1,3,3,3,3,3,3,3,2,3,3,4,4,3,17,12,11,19
"R_1P6qnB3I6C4Vb09",3,3,2,3,2,4,2,2,3,3,2,1,3,4,2,4,3,2,4,3,16,10,10,19
"R_66jPZqvTxJhlvLH",3,2,2,4,1,2,0,3,2,4,4,3,4,4,3,4,3,3,1,3,14,13,14,14
"R_516BC81lOL3M6Qh",2,2,1,3,1,3,1,3,3,3,3,3,4,3,3,3,3,3,3,2,14,12,13,13
"R_7gZSKxivcLjxOJr",2,3,1,2,1,2,1,1,2,4,3,2,3,2,1,2,4,3,2,2,13,10,8,12
"R_59zetEikIlYTIad",3,3,4,3,2,3,2,4,4,3,4,3,4,3,3,4,3,3,3,4,17,15,13,20
"R_6eqJTSW3zwu7ANE",3,3,2,3,1,4,1,3,2,3,2,3,4,3,2,3,4,3,3,3,16,10,12,17
"R_5hxswS2xy8GQ8qP",3,2,2,2,1,2,2,3,3,3,3,3,3,2,3,4,3,3,3,2,15,12,11,14
"R_6gSi5HhPt3oAxfR",3,2,3,2,1,2,1,2,3,2,3,2,3,2,3,2,3,2,3,2,12,10,10,14
"R_3cwq0wtPh8hsz81",3,4,4,4,0,2,2,3,3,4,3,3,4,3,3,4,3,4,3,3,17,13,13,19
"R_57aHAd10ZZNuNxf",3,3,3,3,1,3,1,3,3,3,3,3,3,3,3,3,4,4,4,2,17,12,12,17
"R_3fnMhk29KXeSNNv",4,3,4,2,0,3,0,3,3,4,1,4,3,4,3,2,3,4,3,3,15,11,14,16
"R_1Mp5i366LBfPz2h",4,3,4,4,0,4,1,3,4,4,4,3,3,4,3,3,4,4,4,4,19,15,13,20
"R_6VgwOqGHVJ9OhaG",2,3,4,3,2,1,0,2,3,1,3,1,4,2,3,2,3,4,2,1,12,9,10,15
"R_6sYM7BVH8NIIYyL",1,4,1,1,0,4,0,4,4,4,4,4,4,4,4,4,4,4,4,4,20,16,16,11
"R_68VdwXabFtrchAB",4,4,4,4,3,4,2,2,2,2,3,3,3,2,2,4,4,3,4,4,19,9,10,25
"R_5tr3EtXA4JtjBK4",3,4,1,2,2,1,1,2,3,3,2,2,3,3,2,2,3,3,1,1,10,10,10,14
"R_7cc70RHrlvPR3zA",4,4,4,4,0,4,0,4,4,2,3,3,3,3,4,4,4,4,4,4,20,13,13,20
"R_3hywElMMNFsJMYp",1,2,3,2,2,3,2,2,3,2,2,2,3,2,3,2,2,3,3,2,12,9,10,15
"R_5YcZ2KLBmTsu8z7",3,4,3,3,3,3,3,2,2,2,2,3,4,3,2,3,3,4,4,4,18,8,12,22
"R_3taQqJWDTVGH5FD",1,1,3,4,2,4,3,3,3,3,2,4,3,4,3,3,4,4,4,3,18,11,14,18
"R_5sF3tdUQgMMs3mh",3,2,2,3,2,2,2,2,2,3,4,1,3,3,2,2,3,3,3,3,14,11,9,16
"R_1VQqjr1jMDX4D0t",2,2,2,2,0,4,0,4,4,4,4,4,4,4,4,4,4,4,4,4,20,16,16,12
"R_3ASdQREkJCScnFU",3,2,2,3,2,3,1,2,3,3,2,3,2,3,3,2,3,2,3,2,12,10,11,16
"R_3ssZNEMQJjTRgrv",4,4,4,4,0,4,0,4,3,4,4,1,3,3,2,2,2,1,1,3,9,15,9,20
"R_1CI5WjcD32clL84",3,3,2,3,1,3,2,3,2,2,3,3,3,2,2,2,2,3,3,3,13,10,10,17
"R_7N8sYhBOoS80djp",4,1,2,1,1,3,2,3,2,2,1,2,3,2,1,3,2,3,1,1,10,8,8,14
"R_70eQ3TMoJEkaFpw",4,2,1,2,1,2,0,3,1,2,4,3,1,2,3,2,3,1,4,3,13,10,9,12
"R_1R7tP2droQgUfmO",4,4,3,3,2,4,1,2,2,3,2,3,2,2,3,4,3,3,3,3,16,9,10,21
"R_6V2YSWkZewg4Mbr",3,3,3,3,1,3,1,3,3,3,2,2,1,1,3,3,2,1,2,2,10,11,7,17
"R_3KjX0VUXmGoF42r",1,3,1,3,1,3,1,3,3,2,2,2,3,2,3,3,3,3,3,3,15,10,10,13
"R_6CVBhsrOfyzPwP8",3,4,2,2,2,3,1,2,2,2,3,3,3,4,3,4,4,3,3,3,17,9,13,17
"R_7HGkxVvQiH22rAZ",1,2,3,3,2,3,0,4,2,1,2,3,3,2,4,1,2,3,2,3,11,9,12,14
"R_5QuOL3HQafCkeba",3,3,3,3,2,3,2,2,2,3,3,3,3,3,3,3,3,3,2,3,14,10,12,19
"R_1RwxoXtULUMrphD",3,4,3,3,3,3,3,2,2,2,2,2,2,3,1,3,4,3,3,3,16,8,8,22
"R_6YVUnYdOJJIImnE",3,3,3,3,2,4,3,3,3,3,3,1,3,3,1,3,3,3,3,3,15,12,8,21
"R_1njHekJDMtWTrP3",4,3,2,4,3,4,2,3,3,3,3,2,3,3,2,4,4,4,3,4,19,12,10,22
"R_5gj9wbDcXgY6vUy",2,3,3,4,2,3,2,3,3,2,2,2,3,3,2,3,3,3,4,4,17,10,10,19
"R_65YeVxqNrqJAdSa",2,4,4,1,2,4,1,1,4,2,3,3,2,3,1,4,3,3,1,4,15,10,9,18
"R_70f3kJjYxEPcEfj",2,1,3,3,1,2,2,4,4,4,3,4,4,4,3,4,4,3,4,4,19,15,15,14
"R_6oI4XXTv6BYJ68W",4,3,4,3,3,2,0,2,1,3,2,3,4,4,3,1,4,4,4,2,15,8,14,19
"R_6MnFF7Nk4n9fxor",4,4,4,4,3,4,3,3,2,4,4,4,4,2,2,4,4,4,4,2,18,13,12,26
"R_5zIpozcCK0Em7Pj",3,3,4,4,1,3,1,4,3,3,3,3,2,3,3,3,4,3,3,3,16,13,11,19
"R_72JGymiY2HhXLge",2,3,3,3,1,2,1,3,3,3,3,2,2,3,2,3,3,3,3,3,15,12,9,15
"R_5LveHzx1fgprU5K",2,2,2,2,1,3,1,3,3,4,3,4,3,3,2,3,3,3,3,3,15,13,12,13
"R_7vNtg3jwCYkxeFP",3,2,4,4,3,3,3,2,2,2,2,1,2,2,1,3,3,3,3,3,15,8,6,22
"R_54ICgWblx5Ukwyt",3,3,2,2,2,3,1,2,3,3,3,3,3,3,3,3,3,3,3,3,15,11,12,16
"R_3OqJNGKsvNTZs9Y",3,3,3,3,3,3,1,2,3,3,2,3,3,3,2,3,3,3,3,3,15,10,11,19
"R_7ez7MriTXjejJC2",3,3,1,1,2,3,1,2,3,3,3,2,4,3,4,3,3,3,4,3,16,11,13,14
"R_12X5wmxWTc8qh3Z",3,4,3,4,1,2,1,3,2,3,3,2,2,3,2,3,3,2,3,3,14,11,9,18
"R_58I4Q6hfuzXQFOx",3,1,3,1,1,4,2,2,1,3,3,3,4,4,3,3,3,4,3,3,16,9,14,15
"R_1yrHLXxiXfBpYWJ",1,3,3,3,2,3,1,2,2,2,3,3,3,3,3,3,3,3,3,3,15,9,12,16
"R_7OPVx66hHwwPYOs",1,3,3,2,1,4,0,4,4,2,3,3,4,4,2,3,3,3,2,4,15,13,13,14
"R_7XiCVkmVutzQs1O",1,3,2,4,0,4,0,4,4,2,3,4,4,4,4,4,4,4,3,2,17,13,16,14
"R_7prIEyfgxpjQhvr",4,4,2,3,2,1,1,4,4,4,2,3,3,4,4,3,4,3,3,3,16,14,14,17
"R_10wUwpQmoXdvyO7",2,3,4,4,2,3,3,3,3,3,3,2,2,2,3,3,3,3,4,3,16,12,9,21
"R_6rkXrCLgJVt3dDj",4,2,3,4,1,2,1,4,3,3,4,3,4,3,2,3,4,3,3,4,17,14,12,17
"R_3BA91EDJt5yeJqO",1,1,1,2,2,3,1,3,3,3,2,3,2,3,3,3,3,3,3,3,15,11,11,11
"R_37HTjiEy7eyRlhw",2,3,3,2,2,3,2,2,2,2,2,3,3,3,2,3,3,3,3,3,15,8,11,17
"R_1FLkMO3vfrw1uMy",1,1,1,1,2,3,1,3,3,3,2,3,2,3,2,2,3,3,4,3,15,11,10,10
"R_5C8ynOQuZHN74qM",3,4,4,3,1,3,0,4,4,4,4,3,4,4,3,4,3,3,4,4,18,16,14,18
"R_1IwmMjhBLuoyiCB",4,4,4,4,3,4,3,1,1,1,1,1,1,3,3,3,4,3,4,2,16,4,8,26
"R_3eRg4N5LM6CcG2m",4,4,4,4,3,4,3,2,2,2,2,2,2,3,2,3,2,4,3,2,14,8,9,26
"R_3A0fWLi30ZPDSVj",3,4,3,3,1,3,1,3,3,4,3,3,4,4,3,3,3,3,3,3,15,13,14,18
"R_7oQPi2nKfOL50KB",2,3,2,1,3,1,3,3,1,1,1,1,3,4,1,4,4,4,4,3,19,6,9,15
"R_1jiCSCifVR3LAdW",3,4,3,3,1,3,2,3,3,3,3,3,4,3,3,4,3,3,4,3,17,12,13,19
"R_5FJlyc0MyLnL958",3,4,3,4,2,4,1,2,2,2,2,3,3,3,4,4,3,3,4,3,17,8,13,21
"R_7aIYFnFjpt0UAvv",3,3,3,1,1,3,2,3,4,3,3,2,2,3,3,3,4,4,3,3,17,13,10,16
"R_5h0gUw9g6wRMdEg",3,4,3,3,1,4,2,2,3,3,3,3,3,2,3,2,2,3,3,3,13,11,11,20
"R_6pBg2X782vUmMdX",4,4,1,4,0,4,3,3,2,2,2,2,1,1,3,3,3,3,3,3,15,9,7,20
"R_3gtgjYgYKrJi389",3,2,3,2,3,3,2,2,3,3,2,1,2,3,2,2,3,2,3,1,11,10,8,18
"R_1n8GzjSOT8GaTQd",4,4,3,4,0,3,0,4,3,4,3,4,3,4,4,3,4,3,4,3,17,14,15,18
"R_1OHG95IozQ4AcJr",3,3,2,2,1,2,2,2,3,4,3,2,3,3,4,4,3,2,2,3,14,12,12,15
"R_7usJiKjcEwzZD7h",3,2,2,2,2,2,2,3,3,3,3,2,2,3,3,3,3,3,3,2,14,12,10,15
"R_3KljfxutjygJ3AR",3,3,3,2,1,4,1,3,3,3,2,3,2,3,2,3,2,3,2,2,12,11,10,17
"R_1pHdMVd3hcQrGy5",2,3,3,3,2,3,2,3,3,3,3,2,3,3,3,3,3,3,3,3,15,12,11,18
"R_7QtEnEFa3wAx3zj",4,3,4,4,3,4,2,3,3,3,3,2,2,2,1,4,4,4,3,3,18,12,7,24
"R_6DHqxnMKvrVBXwt",1,1,1,1,1,2,1,2,2,3,2,2,2,3,3,2,3,3,2,3,13,9,10,8
"R_5ePuhcORGYi2UIb",3,3,2,2,2,3,2,3,2,2,2,2,2,2,1,3,3,3,3,4,16,9,7,17
"R_59aWMbuIYpL4Fe0",1,2,3,2,2,3,2,2,2,2,2,2,3,3,3,3,4,4,3,3,17,8,11,15
"R_1rxI0dJppoKlOQV",2,1,3,1,2,2,0,3,2,3,2,4,4,3,3,4,4,3,1,2,14,10,14,11
"R_1wzYgUpy8FENH76",2,1,3,2,2,3,2,2,2,2,2,3,3,3,3,3,3,4,4,3,17,8,12,15
"R_6Sg0CtULnaAoFH3",4,4,4,4,3,4,3,3,4,4,3,3,3,3,2,4,4,4,4,4,20,14,11,26
"R_3TIykVe1REHdYQ1",2,2,3,3,2,3,1,2,3,3,3,3,3,4,4,3,3,3,4,2,15,11,14,16
"R_7sMwTP3HEqmcbFT",4,4,4,4,3,4,2,2,2,2,2,4,3,3,3,4,3,3,4,3,17,8,13,25
"R_5PZqLMxUWGMxcIY",3,3,2,1,2,3,2,3,3,3,3,2,4,4,1,4,4,4,4,3,19,12,11,16
"R_5Rr4JPCkcwI0r8n",2,3,4,4,1,4,1,3,2,2,3,4,3,3,3,4,4,4,4,4,20,10,13,19
"R_7MlzTKkdXR9Aklr",4,3,3,3,1,3,1,2,2,2,2,3,3,4,3,3,2,3,3,3,14,8,13,18
"R_6cUpbnrwRnxakjh",3,2,3,2,2,2,1,2,2,3,3,2,3,2,3,3,4,3,2,2,14,10,10,15
"R_7YM6Rf2fdp8KueI",2,2,2,2,2,2,1,3,3,3,3,2,2,3,2,3,3,3,3,3,15,12,9,13
"R_5eL8vtV1yB7vh1T",2,3,4,2,3,2,3,1,2,2,1,2,2,3,2,4,3,3,4,2,16,6,9,19
"R_5rjShz1zc8hZVYE",3,4,3,3,0,3,1,4,3,3,4,4,3,3,3,4,3,4,3,2,16,14,13,17
"R_1OkCwKXdfwK5aqB",3,3,2,2,2,2,1,3,3,3,3,3,3,3,3,3,3,3,3,3,15,12,12,15
"R_7mDwOBw7s0qaQtq",3,2,3,3,1,2,2,3,3,3,4,3,3,3,3,3,3,3,3,3,15,13,12,16
"R_6dcNHppBA1Mp9Fe",2,3,3,3,2,2,2,3,3,3,3,3,3,3,3,3,3,3,3,3,15,12,12,17
"R_3wKU79SyjdyBMnk",3,2,3,3,1,4,1,2,4,4,3,3,4,4,3,3,2,4,3,3,15,13,14,17
"R_3qjIhgK5y3nUjpC",3,3,1,3,2,2,1,2,3,3,3,2,3,2,2,3,3,3,3,2,14,11,9,15
"R_5MbZihlyeCN4Qh1",3,4,1,2,2,2,2,3,4,1,1,2,3,2,1,2,3,3,3,3,14,9,8,16
"R_1qCWv1qlEmbuDLo",2,3,3,3,2,3,0,2,3,3,3,3,3,3,2,3,3,3,3,3,15,11,11,16
"R_10UxMDsMVIhnoh9",3,3,4,2,1,3,1,3,1,3,2,2,3,3,1,1,3,3,4,3,14,9,9,17
"R_6JiaiHsBq0h426B",4,4,4,4,1,2,0,4,4,3,2,4,3,4,3,4,3,4,4,4,19,13,14,19
"R_6CmetbM7zLZMhQa",2,2,2,3,1,3,1,3,2,3,2,3,3,3,3,3,3,3,3,3,15,10,12,14
"R_3ob7v6i1y9xUXQB",3,3,3,3,3,4,3,3,3,3,2,2,3,4,2,3,4,3,4,3,17,11,11,22
"R_3wjg1sZe0EkZHul",3,3,2,3,2,3,2,4,3,2,3,3,1,3,1,3,4,4,3,2,16,12,8,18
"R_3dKEPjLL1Nq6CrH",1,1,1,1,2,2,2,2,2,3,3,3,2,3,1,3,3,3,3,3,15,10,9,10
"R_18sf7b999Pv0w7f",3,3,2,2,2,3,2,4,4,4,4,2,4,4,3,4,4,4,4,4,20,16,13,17
"R_1YaLMRsxkrfQT9n",2,3,3,3,2,2,2,3,3,2,2,3,2,2,2,3,3,3,2,3,14,10,9,17
"R_5aFwsuByz1zLHFV",1,2,1,1,3,1,2,3,2,3,3,4,2,1,3,2,3,1,4,3,13,11,10,11
"R_7DO9gDBqtctC2Cb",3,3,1,1,3,3,0,3,3,3,3,3,4,3,2,3,4,3,3,4,17,12,12,14
"R_114g6pjuBx5AvQq",1,3,3,3,3,4,3,3,2,3,3,2,2,1,1,3,3,4,4,2,16,11,6,20
"R_7CNj430G9Gf6zkM",3,4,3,3,1,3,1,3,4,3,3,3,2,3,3,4,4,3,4,3,18,13,11,18
"R_3mUl4hnWkQsOtFp",2,3,3,3,1,3,1,4,4,4,4,3,4,4,3,4,4,3,4,4,19,16,14,16
"R_3GIAMSJFo6rQT77",3,3,3,3,2,3,2,3,2,2,2,2,3,2,3,3,3,3,4,3,16,9,10,19
"R_7He94ppuZrxRUXv",3,3,4,3,3,3,2,3,3,3,2,2,2,3,2,3,3,3,3,4,16,11,9,21
"R_58aQ9Lqu9T1jSbT",2,2,2,2,1,3,1,4,4,4,4,3,3,3,3,3,3,3,3,3,15,16,12,13
"R_3CDuwlSLevvpvPd",3,3,3,2,2,4,1,3,4,3,2,4,3,4,2,4,4,4,4,4,20,12,13,18
"R_10SgocvjcYGUOop",2,3,3,3,2,3,2,3,2,3,2,3,3,3,2,3,3,3,3,3,15,10,11,18
"R_5LgUimIlyauBn44",2,3,3,3,2,3,1,3,3,3,3,4,3,3,3,3,4,3,3,3,16,12,13,17
"R_7n1rRn9eyOS2Apu",2,3,2,2,1,2,1,1,2,2,3,2,3,3,3,3,3,3,3,2,14,8,11,13
"R_7yoeMH4cTH4yK9r",1,2,4,1,2,2,1,2,1,4,3,3,2,2,3,4,3,1,3,2,13,10,10,13
"R_7zDtMIE46cG6gN3",2,3,3,3,2,3,2,2,2,2,2,3,3,2,3,3,3,3,3,3,15,8,11,18
"R_5R1HoLDPMo5Qjq8",4,3,3,2,1,2,1,1,2,2,3,3,3,2,3,3,3,2,2,4,14,8,11,16
"R_1PHMnWDyU33tkcA",2,2,2,2,1,2,1,3,3,3,3,3,3,3,3,3,3,2,3,3,14,12,12,12
"R_7i5kRVat6jVWK6Q",3,4,3,2,2,3,2,2,3,4,3,2,3,3,2,3,4,4,4,4,19,12,10,19
"R_1Mm4TUF8lN3RH4h",3,4,3,4,2,4,0,2,2,2,2,2,2,3,2,3,3,3,4,3,16,8,9,20
"R_7lcb8GLvIYqVLE0",1,4,1,1,3,4,3,1,1,1,1,2,1,1,1,1,1,1,4,1,8,4,5,17
"R_6t9W9dvlvurObRd",2,4,4,4,0,4,0,1,1,1,3,3,4,4,2,4,4,4,4,4,20,6,13,18
"R_7F4Kd95yZmIuur2",2,3,3,4,1,2,2,4,4,4,4,3,4,4,4,4,3,3,4,4,18,16,15,17
"R_7PBbR4M62NpzphA",3,4,3,3,1,4,2,3,3,3,2,3,3,3,3,3,3,3,3,3,15,11,12,20
"R_5PDwTdxYhCMiqKl",2,3,3,3,1,3,1,3,2,3,3,3,3,3,2,3,3,3,4,3,16,11,11,16
"R_5TKRnfxPPN6kAyR",3,3,3,3,2,3,2,2,2,3,2,3,3,3,2,2,3,3,2,2,12,9,11,19
"R_7jW0xD08RZNhLMd",3,3,4,4,2,4,0,3,4,2,3,3,3,4,3,2,4,4,2,3,15,12,13,20
"R_5f3Ove9840ufj43",2,3,3,2,2,3,1,3,3,3,4,3,3,4,4,3,4,3,4,3,17,13,14,16
"R_1Yycgl6YkfeDV5f",2,3,2,3,0,3,1,2,2,3,3,3,3,1,2,3,4,3,3,3,16,10,9,14
"R_1w0LAI68jz3tHhs",4,4,3,2,0,3,0,4,3,3,3,4,4,3,2,4,3,2,2,4,15,13,13,16
"R_7HjeA5NVqNHEn4b",4,4,4,3,1,3,2,3,4,4,3,4,4,3,3,4,3,4,3,3,17,14,14,21
"R_1JdYMIXBbFnRhMK",3,2,2,2,2,3,2,4,3,3,3,3,3,3,3,3,3,3,3,3,15,13,12,16
"R_17TE3uIaNjj5GAS",3,3,4,3,3,4,3,2,2,2,2,4,2,2,2,3,3,3,4,3,16,8,10,23
"R_6Y4aGORvjvLXwT2",3,3,3,3,2,3,2,3,2,2,2,2,3,3,2,3,4,4,4,3,18,9,10,19
"R_1g0x63j7ZqA3O2L",2,3,4,3,0,4,1,4,4,3,3,4,4,4,4,4,4,4,3,3,18,14,16,17
"R_8tPLj3W5d5J65bj",3,4,4,4,2,4,2,4,4,3,3,3,3,3,2,3,3,3,3,3,15,14,11,23
"R_6fvkdtpITkdmssM",3,3,1,2,3,4,3,4,4,4,4,3,4,4,2,4,4,4,4,4,20,16,13,19
"R_1nblzQ53UCyyChb",3,3,2,3,2,3,1,4,4,4,4,3,3,4,2,4,4,4,4,4,20,16,12,17
"R_5pSBX41VIENVGlb",3,3,3,3,1,2,1,3,3,3,3,3,3,3,2,3,3,3,3,3,15,12,11,16
"R_3FHZz1SlTev7QDn",3,3,2,3,2,2,1,2,3,2,3,3,2,2,2,3,3,2,3,3,14,10,9,16
"R_7PUHaeEXlSIozB4",3,2,2,2,1,2,2,3,4,3,3,3,4,4,3,4,3,4,4,3,18,13,14,14
"R_1OrmfvViIIXPDdr",2,4,2,3,1,3,2,2,2,1,2,3,3,3,2,3,3,3,3,2,14,7,11,17
"R_5WJzyXm1bPb1Mqr",1,1,1,1,3,1,1,3,3,3,3,3,3,4,3,3,3,3,3,3,15,12,13,9
"R_1mL80iqJBhDtnVr",1,4,3,1,1,1,0,4,4,4,4,2,3,4,2,4,4,4,4,4,20,16,11,11
"R_1VcbQ3znfpYryoN",2,2,2,2,0,3,1,3,4,3,4,2,3,2,3,2,3,3,3,4,15,14,10,12
"R_73BSGFP020mNMRZ",3,3,3,4,1,3,1,3,4,4,4,3,3,4,4,3,4,3,4,4,18,15,14,18
"R_7znMte9Fn0Kw6yq",3,4,4,3,0,3,0,4,3,4,3,4,4,3,3,4,4,3,3,4,18,14,14,17
"R_5c6nqaZjkF2vfuj",3,3,3,4,2,3,3,3,3,3,3,2,2,2,3,4,4,2,3,3,16,12,9,21
"R_74HSw0iTvD62TuS",1,1,2,3,0,3,0,3,3,3,3,4,4,4,4,3,3,4,4,4,18,12,16,10
"R_3H0oNQ7oDr9XRRH",4,3,3,4,1,3,1,3,4,3,3,3,3,4,3,3,3,3,4,3,16,13,13,19
"R_6102HTDOsz0J6SJ",1,1,3,3,2,4,2,3,3,4,4,2,4,4,4,3,3,3,3,2,14,14,14,16
"R_5vcqYL0BizsO7Qd",2,3,2,1,0,4,0,4,4,4,4,4,4,4,4,4,4,4,4,4,20,16,16,12
"R_7dogZ0Oz7azj1Xw",3,3,3,3,3,3,3,3,3,3,3,3,3,4,2,4,4,4,4,3,19,12,12,21
"R_3f2DHwfgRS0sAJG",4,3,2,2,0,3,3,1,3,3,3,3,3,4,3,3,3,3,3,3,15,10,13,17
"R_71TYMAVazqHNOcV",2,3,2,2,1,3,1,4,3,4,4,3,3,3,3,3,3,2,4,3,15,15,12,14
"R_5EHpaPbouwc4Aui",3,3,2,3,2,3,2,2,3,2,3,2,3,3,3,2,3,1,3,2,11,10,11,18
"R_169hOny4gr1kra1",2,2,2,3,2,3,1,3,3,3,3,3,3,3,2,3,3,3,4,4,17,12,11,15
"R_7DBxEAwbQm3IGaZ",3,4,3,1,1,3,1,2,3,2,2,2,3,3,3,2,3,3,3,3,14,9,11,16
"R_72VqWQ64cS9s1eS",2,3,3,3,2,3,2,2,2,2,2,3,2,3,2,3,3,3,4,3,16,8,10,18
"R_5qKBbFgLjUv6MvY",3,2,3,3,0,3,0,3,3,2,2,2,2,2,2,3,3,3,3,2,14,10,8,14
"R_7S8Yw1ljOZQdAUV",2,2,2,2,2,2,1,3,3,3,3,3,2,2,2,3,3,3,3,3,15,12,9,13
"R_1ygyr8RAzKWxizU",3,4,4,4,2,4,3,2,2,2,2,2,2,2,2,2,2,2,3,3,12,8,8,24
"R_1zx0Ht0LHoseGoD",2,2,2,2,2,2,2,2,2,2,2,2,4,2,2,3,4,4,4,3,18,8,10,14
"R_1EWOAaGRUzstYXe",4,1,2,2,1,1,3,4,4,4,4,1,3,4,4,3,4,4,4,3,18,16,12,14
"R_3aCtBWhSdvXdKIv",2,2,3,3,2,3,1,1,1,1,1,1,1,2,1,1,3,3,3,3,13,4,5,16
"R_7qaqCc0Dq7AD704",2,2,2,2,2,2,1,3,3,3,3,3,3,3,2,3,3,3,3,3,15,12,11,13
"R_5zJj0DBWnq8VaiF",3,3,3,3,2,3,2,2,2,3,3,1,1,1,1,2,3,3,3,2,13,10,4,19
"R_7KBKtmqWpZeeFIC",2,2,2,2,2,2,1,3,3,3,3,3,3,3,3,3,3,3,3,3,15,12,12,13
"R_7sd776tgHyHsY4x",3,3,2,3,3,4,3,3,4,3,3,3,2,2,1,3,3,3,3,3,15,13,8,21
"R_7jd2sk5m4kwCFkh",4,4,3,4,0,3,0,3,4,4,2,4,3,4,4,3,2,3,3,4,15,13,15,18
"R_1uw8Em9r995XY3H",3,4,3,4,3,3,3,2,2,3,2,3,3,3,2,3,3,4,3,3,16,9,11,23
"R_6PdMi1TwYvawJlW",2,1,2,2,3,2,2,3,3,4,3,2,4,3,4,3,4,3,3,4,17,13,13,14
"R_7h6E7YF3YFBnKpD",4,3,3,3,0,3,1,2,3,3,4,3,3,3,4,3,3,4,3,3,16,12,13,17
"R_7qHB1hl0ryivssd",2,3,3,4,1,3,0,3,3,3,3,4,3,4,3,4,3,3,4,3,17,12,14,16
"R_16aV2o4LR1hMeDb",1,3,3,3,2,1,3,1,2,3,1,3,3,2,1,2,1,4,3,3,13,7,9,16
"R_67PcRAXtMP0JUaQ",2,3,1,3,0,2,1,3,2,4,2,4,2,4,2,3,3,2,2,2,12,11,12,12
"R_3gCQAlE9kRFCBjz",1,2,2,2,1,3,1,3,3,2,2,2,2,3,4,4,4,4,4,3,19,10,11,12
"R_6qwfdFvKxe98zeJ",3,2,3,3,2,3,0,3,2,3,3,2,2,3,3,3,3,3,3,4,16,11,10,16
"R_70uDhyahvtsqduM",3,2,2,2,3,2,1,3,2,3,3,3,3,2,3,3,2,2,2,2,11,11,11,15
"R_7K2UaEf13kPFlf5",3,3,3,3,3,3,3,2,2,2,2,3,3,2,2,3,3,3,3,3,15,8,10,21
"R_1m2a7udOCDun13J",2,2,1,1,2,3,3,4,4,4,3,3,4,4,3,4,4,4,4,4,20,15,14,14
"R_15F4qBHBI8cfkAB",3,4,4,3,0,4,0,3,4,4,4,3,4,4,4,3,4,4,4,4,19,15,15,18
"R_5qgj4blxxqm1H3i",1,2,1,1,3,3,0,4,3,4,2,3,3,1,3,3,3,2,2,3,13,13,10,11
"R_3dHciQA5t6DOvw3",4,3,3,4,2,3,0,4,3,2,3,4,2,3,1,3,4,3,2,3,15,12,10,19
"R_3dMlw1oFPhqtbXI",2,4,3,4,3,4,3,2,2,2,2,2,2,2,2,3,3,3,3,3,15,8,8,23
"R_3LbDPvF5pZ04z9T",3,4,4,3,2,3,3,2,1,2,2,2,1,2,1,2,4,3,4,3,16,7,6,22
"R_38NVKpny3dgtqyC",2,3,3,3,3,3,2,2,1,1,1,3,1,2,2,3,3,3,3,3,15,5,8,19
"R_5EiKfJljrEZ15zh",1,2,4,4,2,3,1,2,1,1,1,2,2,3,1,3,3,4,4,1,15,5,8,17
"R_7alPva89UP0o5eG",2,2,2,2,2,2,1,2,2,3,3,2,3,1,2,2,3,3,3,2,13,10,8,13
"R_1Pd4ZMroipqVHCj",3,3,3,3,2,3,2,2,2,2,2,2,3,3,2,3,3,3,2,3,14,8,10,19
"R_3HRRLg2KU5uPl6x",2,3,3,3,3,3,2,2,2,2,3,3,2,2,3,3,3,3,4,3,16,9,10,19
"R_5JgfZUL3aaCOYpO",3,3,3,3,2,3,2,3,3,3,2,3,3,3,2,3,4,3,3,3,16,11,11,19
"R_6dGknuFTemF90Vf",1,1,2,2,1,3,1,2,2,1,1,3,2,3,3,3,3,2,3,2,13,6,11,11
"R_6finOPOpHNPbG1j",2,3,2,2,2,2,2,1,1,1,1,2,1,2,1,3,3,3,2,2,13,4,6,15
"R_1EAsCCQKlzUirN1",2,3,3,3,2,3,1,3,3,3,2,3,3,3,2,3,3,3,3,3,15,11,11,17
"R_6zTpgls81lmbP0t",4,3,4,2,0,3,0,3,4,2,4,3,2,3,4,3,3,4,3,4,17,13,12,16
"R_11tlkNzOkYrwCUS",2,1,3,3,1,2,1,3,2,2,1,3,2,2,2,3,3,3,3,3,15,8,9,13
"R_6dFXBS5Si207siG",2,3,4,2,1,4,2,2,3,3,2,3,3,2,2,3,1,2,2,1,9,10,10,18
"R_6F06Glbz5OzTcL7",4,3,2,4,1,2,1,3,3,2,3,2,2,3,3,3,4,3,3,4,17,11,10,17
"R_7IrPij1BKJtdzbR",2,3,2,3,0,3,0,3,3,3,4,2,3,3,2,3,4,2,3,3,15,13,10,13
"R_72Siro7VW7tRzkZ",3,3,3,3,2,3,2,3,3,3,2,2,2,3,2,3,3,3,3,3,15,11,9,19
"R_1yX02JbLMN46ckp",2,3,3,3,2,3,1,3,3,2,2,3,3,3,3,3,3,3,3,3,15,10,12,17
"R_5zaS6WQFyO5qPmN",2,1,1,2,3,2,3,2,3,2,2,1,2,1,2,1,2,1,2,2,8,9,6,14
"R_6ldSvtUjE6pIjKN",3,3,2,2,1,3,2,3,3,3,2,2,3,3,3,2,2,3,3,3,13,11,11,16
"R_7rOG1T8grQYPs8h",2,2,3,2,3,2,0,3,2,3,2,3,2,4,3,2,4,2,4,3,15,10,12,14
"R_1AQLRnuKuEWNIkI",3,3,3,4,2,3,2,3,3,4,3,3,4,4,3,4,3,3,3,3,16,13,14,20
"R_1I6RIVENtMLqQUB",2,2,2,2,2,2,2,2,2,3,2,3,3,3,2,2,2,2,3,2,11,9,11,14
"R_3MXNNpQV2QTJ9Cy",2,2,2,2,3,3,2,3,3,3,2,2,2,2,2,3,3,3,3,3,15,11,8,16
"R_5PAwH071nrHgdJX",1,1,3,3,1,2,1,3,3,2,2,1,2,3,1,3,4,3,4,3,17,10,7,12
"R_1w4z1tu6mG3geuB",3,4,4,3,0,4,0,3,4,3,2,1,2,3,4,4,3,3,4,3,17,12,10,18
"R_5xzz9CXJ4AvzLcl",3,3,3,3,1,2,2,4,2,2,2,3,3,2,2,4,4,3,4,3,18,10,10,17
"R_6stlrHG7rffrDXP",3,3,4,4,2,4,1,4,4,4,4,3,4,4,2,4,4,4,3,4,19,16,13,21
"R_7iufYs99mW3yj5L",3,3,3,3,2,3,2,2,2,2,2,3,1,3,3,2,3,3,2,2,12,8,10,19
"R_5bWpWG1wlKatK7T",2,2,2,2,2,2,2,1,2,2,3,1,1,2,1,3,2,2,3,3,13,8,5,14
"R_5lCJPrnlL8uEYfv",3,2,3,2,2,3,1,2,3,3,2,2,3,2,1,3,4,3,4,2,16,10,8,16
"R_6GhiklJsQhaWgnf",2,3,2,1,1,2,1,4,3,2,3,3,3,3,3,3,3,3,3,3,15,12,12,12
"R_3r0y6BLStOncJIB",2,3,2,2,1,2,1,2,2,2,2,3,2,3,2,3,3,3,3,3,15,8,10,13
"R_60GddwPLZm2WSpL",3,3,3,3,2,3,2,3,3,3,3,3,3,3,3,3,3,3,3,3,15,12,12,19
"R_60P7JYiwnN3GzGk",3,3,3,3,1,3,3,4,4,4,4,4,4,4,3,4,4,4,4,4,20,16,15,19
"R_6LopW5umgokWXAU",3,3,1,1,0,1,0,4,4,4,4,4,4,4,4,4,4,4,4,4,20,16,16,9
"R_1pF8QYJFGD4hoCB",2,3,3,3,2,3,2,3,2,3,3,2,1,2,1,2,3,2,3,2,12,11,6,18
"R_3CTlFsCWnVhuvNW",4,3,3,2,0,3,1,1,4,3,1,2,2,3,4,3,4,4,4,3,18,9,11,16
"R_5H208Tm2byZ91Wb",3,2,4,4,2,4,3,3,4,3,3,2,1,3,3,3,3,4,4,3,17,13,9,22
"R_1F37Kmyp23VsB59",4,4,4,4,3,4,3,2,2,2,3,1,1,1,1,3,4,4,3,1,15,9,4,26
"R_5Ibmzt5tVhFDd6o",3,2,1,3,3,4,1,2,3,4,2,1,3,4,2,1,3,4,2,3,13,11,10,17
"R_5tE0mtDRo0YJ5aV",4,3,3,3,2,4,1,3,3,2,3,3,3,4,4,3,4,3,3,3,16,11,14,20
"R_6jiVTlT1R6EqKVe",2,3,3,3,2,3,2,2,2,2,2,1,2,2,2,3,3,3,3,3,15,8,7,18
"R_1rIk7td49Pow0et",3,4,3,3,0,3,0,4,4,3,4,3,4,3,4,4,4,4,4,3,19,15,14,16
"R_2oEC4HxII5jKLLL",3,3,4,4,1,4,2,3,3,3,3,3,4,3,4,4,4,2,3,3,16,12,14,21
"R_5ylvzzWFHrbDGxN",3,3,3,3,1,3,1,3,3,3,3,3,2,3,3,3,3,3,2,3,14,12,11,17
"R_1RxHm4OOuJlfpa9",3,3,2,3,3,3,3,2,2,3,2,3,2,2,2,3,3,3,2,3,14,9,9,20
"R_3McBmfq2KRDKQEC",3,2,3,3,3,3,2,3,3,3,3,3,4,4,4,4,4,3,4,3,18,12,15,19
"R_3ohy07eHUUeYKp2",2,1,1,2,2,3,0,4,4,3,3,3,4,4,3,3,4,3,3,3,16,14,14,11
"R_1qI5L2BLlPaAblK",1,1,3,3,2,2,2,2,3,3,2,2,3,2,3,3,3,3,2,3,14,10,10,14
"R_5PcoGWjFsRj1joE",2,2,3,3,2,2,1,3,3,3,3,3,2,3,2,3,3,3,3,3,15,12,10,15
"R_5WDB38s1vy5QYXV",2,3,1,1,3,3,2,3,2,3,2,3,2,3,2,3,3,3,3,2,14,10,10,15
"R_5e4NnaSSq4hFvKT",1,1,1,1,1,2,1,3,1,2,3,2,3,3,1,4,3,3,3,3,16,9,9,8
"R_7prJE4PhW8CpLxY",1,3,3,3,1,3,1,3,2,3,3,2,3,3,3,3,3,3,4,4,17,11,11,15
"R_11dqQxHnak3INK0",2,4,3,4,2,3,1,1,4,3,2,4,3,3,4,3,3,2,4,4,16,10,14,19
"R_1sayNeYv020u5P2",3,4,2,2,1,3,2,3,2,2,3,3,3,2,2,4,3,2,3,3,15,10,10,17
"R_1gqAMEtVincD3Mx",3,3,3,3,2,3,2,2,2,3,2,3,2,2,2,3,3,3,3,3,15,9,9,19
"R_7I75ACYSV00s1xA",1,2,1,1,0,3,1,3,4,4,3,3,3,3,3,3,3,4,4,4,18,14,12,9
"R_7fkm7IRFmJBvH8Z",3,2,3,2,1,2,1,3,3,3,3,4,3,3,3,3,2,4,3,2,14,12,13,14
"R_1gTpXjQHhju4ku4",1,3,3,3,1,4,0,3,3,3,2,3,4,4,4,4,4,4,4,4,20,11,15,15
"R_5DSfVLR66aTVyJX",3,3,3,3,1,2,2,3,3,2,3,3,2,2,3,3,3,3,3,3,15,11,10,17
"R_5Hq3m8mu135Eamq",2,3,3,3,2,3,1,1,1,2,2,3,2,3,2,3,3,3,4,3,16,6,10,17
"R_5igRmYVFik4Dfbz",1,1,1,1,3,2,3,3,3,3,2,4,2,3,2,4,4,4,4,4,20,11,11,12
"R_7kcQizqGgcWrDgJ",4,3,4,4,3,4,2,3,3,2,2,4,3,3,2,4,3,4,4,3,18,10,12,24
"R_1SigqWleAcLOX18",1,1,1,1,1,2,2,2,2,2,2,1,2,2,2,2,2,2,2,2,10,8,7,9
"R_1GuohUMMUEnFvRn",3,3,3,3,1,3,0,3,2,2,2,2,4,3,4,2,3,3,3,3,14,9,13,16
"R_1J6ANvk8Fq9aVe9",2,3,3,3,2,3,2,2,2,2,2,2,3,3,2,3,3,3,3,3,15,8,10,18
"R_53xVrBm2sxauD33",2,3,3,3,2,3,2,2,2,2,2,2,2,2,2,2,2,2,2,2,10,8,8,18
"R_56kHJEAy42p6fep",3,1,4,3,2,3,2,3,3,4,3,2,2,2,2,3,3,3,4,3,16,13,8,18
"R_13jeAW48Huud0cN",3,4,3,3,1,3,1,3,3,3,4,3,3,4,3,3,4,2,3,4,16,13,13,18
"R_3431dwm2WlFhKox",2,2,2,3,1,3,2,3,3,3,2,2,3,3,2,3,3,3,4,3,16,11,10,15
"R_5tllqoBWhJMjVLn",2,3,3,3,2,3,1,3,3,3,2,2,2,3,2,3,3,4,4,4,18,11,9,17
"R_7v3ctLFVjoKz0pK",3,3,2,2,2,3,2,3,2,3,3,2,3,3,2,3,3,4,4,3,17,11,10,17
"R_5RkoVc51g5LX74M",3,3,3,3,2,3,2,3,3,3,3,3,3,3,3,3,3,3,3,3,15,12,12,19
"R_1P0hCbjU556NeVt",1,1,2,2,3,1,3,2,1,1,2,1,1,3,4,4,4,3,4,3,18,6,9,13
"R_5kUFi3285msYNmp",3,4,4,4,3,4,1,3,4,4,3,2,3,2,3,4,4,4,4,4,20,14,10,23
"R_5Mt2Ssx1UR9Bu7v",3,3,3,3,1,3,1,3,3,3,3,4,3,3,3,4,4,4,4,4,20,12,13,17
"R_6Keox7S6SKhqp0J",1,1,1,1,1,1,1,3,2,3,2,2,2,3,2,3,3,2,3,3,14,10,9,7
"R_9qTXNQzcUzej4rJ",4,4,3,4,0,4,1,1,4,4,4,4,4,4,3,4,3,4,4,3,18,13,15,20
"R_7Do44e0FzIKW61m",3,3,3,2,1,2,1,2,3,2,3,2,3,2,3,2,2,3,2,3,12,10,10,15
"R_3pi2cf2s5Wk8Hbf",2,3,2,3,2,3,2,3,2,3,2,3,2,4,2,4,2,3,2,3,14,10,11,17
"R_61G9f4NTJ1OFOUp",3,4,4,3,2,3,2,3,3,3,3,2,2,2,1,3,3,3,3,3,15,12,7,21
"R_6OYI8Wx0Yh8Oy5x",2,3,3,1,1,2,1,2,2,2,1,2,1,2,2,2,3,3,3,2,13,7,7,13
"R_7lgJ0wSMeyqbLkM",3,2,2,2,1,3,1,3,3,3,2,3,2,3,2,3,3,3,3,3,15,11,10,14
"R_7maUNcUixGsUwVM",3,3,2,4,1,3,1,3,4,4,2,3,3,3,4,3,4,3,4,3,17,13,13,17
"R_5CIp3b0EeTBsPeB",3,4,3,3,2,3,2,3,3,3,3,3,3,3,3,3,3,2,2,3,13,12,12,20
"R_77HP1j2rwKQe7N7",2,2,2,2,1,1,1,3,3,3,4,3,3,3,3,3,3,3,3,3,15,13,12,11
"R_35sflNi1UfK3GgX",3,4,3,3,2,2,3,4,4,4,4,4,3,4,4,4,4,4,4,4,20,16,15,20
"R_5l49BYgerK37t0B",2,3,1,2,2,1,1,1,4,2,2,3,1,2,4,1,2,2,3,4,12,9,10,12
"R_6VPwmew9n51jfhv",2,2,2,2,0,1,1,1,1,1,1,1,1,2,1,1,4,3,3,1,12,4,5,10
"R_6qfD38WBGs83PA1",4,3,4,3,2,4,1,3,4,3,2,4,3,2,4,3,2,4,3,4,16,12,13,21
"R_6sojCaqFbEVE0kF",3,2,3,3,2,3,2,3,2,3,3,2,1,2,1,3,3,3,3,3,15,11,6,18
"R_796XHMtpGldWMfD",3,3,3,3,1,4,2,4,4,4,4,3,3,3,3,4,3,3,3,4,17,16,12,19
"R_6gBkRCJzWl9nLyZ",1,1,1,1,3,1,3,1,1,2,1,3,3,4,3,2,2,4,3,2,13,5,13,11
"R_7CkUojfXdv83rVS",3,3,2,3,2,3,1,2,2,2,2,2,3,2,2,3,3,3,3,3,15,8,9,17
"R_6bUJOXQEMmerkGJ",4,3,4,3,0,4,2,3,3,4,4,3,4,3,4,3,4,3,3,4,17,14,14,20
"R_1MNjVMHuxVNF9vh",3,3,2,2,2,3,1,2,1,2,2,1,2,2,2,2,3,3,4,2,14,7,7,16
"R_3QWy7IDjLL7BsyZ",3,3,3,2,1,3,1,3,2,4,2,3,2,2,2,2,2,2,2,2,10,11,9,16
"R_1Ivoupgo6cPb4Vz",4,4,4,4,3,4,2,3,3,3,3,2,3,3,2,3,3,3,4,3,16,12,10,25
"R_5jNiaP9MZBLp8We",4,2,4,4,3,4,2,4,4,4,4,1,1,1,4,1,4,4,1,4,14,16,7,23
"R_65HCxOsrOiKfAHO",4,3,1,1,0,1,0,3,3,4,4,1,3,4,3,4,4,3,4,4,19,14,11,10
"R_1Pc8wxv0ZlELcsM",1,2,3,2,2,3,0,2,1,2,1,1,1,1,2,3,3,2,2,2,12,6,5,13
"R_3M0yEAfxtGvjxgg",1,2,1,3,0,3,2,2,3,3,2,3,1,2,3,2,1,3,3,2,11,10,9,12
"R_5ml43dIlAw8oIUL",3,3,3,3,1,3,1,3,2,2,2,2,2,3,2,3,3,3,3,3,15,9,9,17
"R_7HCDGhzCVyMcWRf",3,3,3,3,2,3,1,2,2,1,1,3,2,3,2,3,3,3,3,3,15,6,10,18
"R_74Jnn31p8bZJ0oV",2,1,2,2,1,2,1,3,2,2,2,3,1,3,3,2,3,3,2,3,13,9,10,11
"R_14cqqmC18GfGrlL",1,1,3,3,2,3,1,3,3,3,3,4,3,4,3,4,4,4,4,3,19,12,14,14
"R_75ucgeXStJa1V61",3,3,3,3,2,3,2,2,3,2,3,2,2,2,3,3,3,3,2,3,14,10,9,19
"R_7fpuylnspmTVhDZ",2,2,2,3,2,2,2,3,2,2,2,2,2,2,3,3,2,3,2,3,13,9,9,15
"R_7oHoBfFvzG02dPx",4,3,2,3,3,3,3,2,2,2,2,2,1,2,2,3,3,2,3,2,13,8,7,21
"R_3aLKr40ggIcY3Sh",3,2,2,1,3,2,2,2,4,3,2,2,2,2,2,4,3,3,4,3,17,11,8,15
"R_1GjIwQ4QXOAiYC9",2,3,2,3,1,3,1,2,2,2,2,2,2,3,2,3,3,4,4,3,17,8,9,15
"R_6afwr302sZ5FdwG",2,3,2,2,2,3,2,2,2,2,2,1,2,2,1,3,3,2,3,2,13,8,6,16
"R_3JRHjFHo4dug7vP",3,2,3,2,1,3,1,3,3,3,2,3,2,2,2,3,3,3,3,3,15,11,9,15
"R_17Ch8wcmALBzGsh",3,4,4,4,2,4,3,2,1,2,2,2,2,2,1,2,4,3,3,2,14,7,7,24
"R_5roJofK0pjcS6D4",2,3,3,2,2,3,2,2,2,2,1,3,1,1,2,3,3,3,3,3,15,7,7,17
"R_7uQFgrlb8gUiu4G",2,2,2,3,2,3,1,3,3,2,2,1,2,2,2,3,3,3,3,2,14,10,7,15
"R_1wGi9qq07Whb26k",2,3,3,4,2,3,2,3,3,3,3,2,2,3,2,3,4,4,3,3,17,12,9,19
"R_7TTrPo04jfcdqT8",2,2,1,2,2,2,1,3,2,3,3,2,2,3,2,3,3,2,2,2,12,11,9,12
"R_1ansoMEzya1SoHV",2,3,3,3,2,3,2,2,2,2,1,2,2,4,3,3,3,3,3,3,15,7,11,18
"R_3S93nGR1rveZsqE",2,2,2,2,1,2,1,3,3,3,2,3,2,3,2,4,3,3,4,2,16,11,10,12
"R_7CwGoJGPPGQCqYi",2,2,3,3,0,2,1,2,2,2,3,1,2,2,2,2,3,3,1,2,11,9,7,13
"R_3zqKeoTgNEjbqaT",3,4,3,3,2,3,0,3,3,4,4,4,3,3,4,4,4,3,4,4,19,14,14,18
"R_6YnfscV6JUhC2IO",3,2,3,2,1,3,1,4,4,3,4,4,4,4,4,3,4,3,3,3,16,15,16,15
"R_57SyBCB2WuXpQl3",2,4,3,2,0,2,2,4,4,3,3,3,3,4,3,4,3,3,4,3,17,14,13,15
"R_6fl1Cje1nzzEqTt",4,4,3,4,3,4,3,3,2,2,3,2,2,2,2,2,2,4,2,2,12,10,8,25
"R_1Z5B8gSr6ms3TIB",1,1,1,1,1,1,1,2,2,2,2,3,1,3,2,2,3,2,1,1,9,8,9,7
"R_1to7h2sr7mOYwdH",4,3,2,3,0,3,2,3,4,3,2,3,4,3,2,3,4,3,2,3,15,12,12,17
"R_3oJRpsDvPPeXwxH",1,1,1,1,1,3,1,4,4,4,4,4,4,4,4,4,4,4,4,4,20,16,16,9
"R_5DvTy7gRvsnJFlf",3,2,2,2,1,2,1,3,2,2,2,3,3,3,3,2,3,3,3,3,14,9,12,13
"R_6AGMvKD6asAi17f",2,3,2,3,2,2,1,2,2,2,2,3,2,2,2,2,3,3,2,2,12,8,9,15
"R_7rJ4KRWsQQehYLi",2,1,1,2,2,2,1,2,2,2,2,2,1,2,2,3,3,3,4,2,15,8,7,11
"R_5K3GpWFOAgsRDmY",4,3,3,3,1,3,0,4,3,2,3,4,4,4,4,3,4,3,4,4,18,12,16,17
"R_18IEZEGCBmQ2QGZ",3,4,1,3,1,3,2,4,4,4,3,3,3,4,3,3,4,3,4,4,18,15,13,17
"R_741SXbyfRKi7Gdz",2,3,3,4,2,4,1,1,3,2,3,2,3,2,2,3,2,3,4,2,14,9,9,19
"R_7jAa7muxvbj6VfH",3,2,2,3,3,3,2,3,2,3,3,1,1,1,1,3,3,3,3,3,15,11,4,18
"R_7ZbXnsQUZeEczCN",2,1,2,1,2,2,2,3,3,3,2,1,2,2,2,3,3,3,2,3,14,11,7,12
"R_58JkO0vNl64sBQ5",2,2,3,3,2,3,2,2,2,3,3,3,3,3,2,3,3,3,3,3,15,10,11,17
"R_6fNxEPNSxfWVXCV",1,1,1,2,1,2,2,2,2,1,1,1,1,1,1,1,2,2,1,1,7,6,4,10
"R_7LFp9JfEfzRZN9T",3,2,3,2,2,3,2,3,2,3,3,2,3,3,3,3,3,4,4,4,18,11,11,17
"R_5imU0pR4LvN98ob",2,4,1,3,3,4,0,2,4,4,4,3,4,3,4,4,4,4,4,4,20,14,14,17
"R_5rdhhnq2msr4Z76",3,3,3,3,2,3,1,3,1,1,1,1,1,3,3,3,3,3,4,3,16,6,8,18
"R_7OVm8AfdCMyQ9MN",3,3,2,2,1,3,3,4,4,4,4,4,4,4,4,4,4,1,4,4,17,16,16,17
"R_5tEHudzMUduPpvp",3,2,2,3,2,1,2,4,3,3,1,2,4,3,3,2,2,1,4,3,12,11,12,15
"R_7VgR6sHl7EZK123",1,4,4,4,3,3,1,1,3,2,1,3,1,2,4,4,4,4,4,3,19,7,10,20
"R_7g11nzA2jjUGmbK",4,4,3,4,2,2,3,3,4,4,4,2,4,4,2,4,4,2,3,2,15,15,12,22
"R_3wbm19TpYalz4t3",3,2,2,2,2,2,2,2,2,2,2,2,2,3,2,2,2,2,2,3,11,8,9,15
"R_7K0UXUthxYhSA0A",2,3,4,4,0,4,0,4,4,3,2,2,4,4,4,4,4,4,4,4,20,13,14,17
"R_3pzfaf2zS5IXoRN",4,4,3,4,1,4,0,3,4,3,4,3,3,3,4,4,3,3,3,4,17,14,13,20
"R_1KnyBcZsWHfSfNn",2,3,2,3,2,3,1,3,3,3,3,4,2,3,3,4,4,4,4,3,19,12,12,16
"R_7NTV4FIYDIiLroV",3,4,4,4,2,4,2,2,1,2,2,4,3,3,3,2,3,3,3,3,14,7,13,23
"R_35TRQRUFWQLKFOx",1,1,1,1,3,1,0,4,4,4,4,4,4,4,4,4,4,4,4,4,20,16,16,8
"R_5pPh0hxn4w8gztS",3,2,1,1,3,1,1,3,3,3,3,3,3,3,3,3,3,2,3,3,14,12,12,12
"R_5rYrCxZ79sliXyb",2,3,3,2,3,3,1,2,2,1,2,1,1,1,1,1,1,2,1,1,6,7,4,17
"R_5qP9pcvJiErJg66",3,2,3,2,2,4,1,3,2,3,3,2,2,2,2,3,3,3,3,3,15,11,8,17
"R_1my0gusJNwVN47S",3,3,3,3,1,3,3,3,3,3,2,3,3,3,3,4,2,4,4,4,18,11,12,19
"R_3WUzt3NkpV5zakt",3,3,1,1,1,1,3,1,1,1,1,1,1,1,1,1,1,1,1,1,5,4,4,13
"R_7RWkqOusSPiqPeM",4,4,4,4,0,3,3,3,2,2,1,2,3,2,1,4,4,4,4,4,20,8,8,22
"R_5uwW1GNPHEPZEjP",3,3,3,2,2,3,1,3,3,3,3,3,3,2,3,3,3,3,3,3,15,12,11,17
"R_5WCihAOgcUedcZk",3,4,3,2,2,2,1,3,3,3,3,2,4,3,3,2,2,3,4,4,15,12,12,17
"R_3MR2wOcKDEOtwyF",4,3,3,3,0,3,1,4,4,3,3,3,4,3,4,4,4,4,3,3,18,14,14,17
"R_3m1UZFQc7rb44l9",4,1,1,1,2,1,2,2,2,2,2,1,4,4,2,2,1,1,2,2,8,8,11,12
"R_65EAY7lqI7ivK4L",3,2,2,2,3,2,2,2,2,2,2,1,1,2,2,1,2,2,2,1,8,8,6,16
"R_3gRbotitIRcBM7b",2,3,3,4,2,3,3,3,3,3,3,3,3,3,2,4,4,4,4,4,20,12,11,20
"R_6ePcGCUHHITSAEc",3,2,3,2,3,3,2,3,2,2,1,3,2,3,2,3,3,2,3,3,14,8,10,18
"R_11szzmPs5mGRu6J",2,2,2,2,1,2,1,2,2,2,2,2,3,3,2,3,3,3,2,3,14,8,10,12
"R_5gj5yKRvpTzaVNx",1,1,1,2,2,3,2,2,2,2,1,2,1,2,1,3,3,3,2,3,14,7,6,12
"R_75tnqr6vGdsHloP",1,1,1,1,0,1,0,1,1,3,2,2,1,1,1,3,3,2,3,3,14,7,5,5
"R_5RyHeKsHGHX3r7X",2,2,2,2,1,2,1,3,3,2,2,2,2,2,2,2,3,3,3,2,13,10,8,12
"R_3uxMDIM68Ryg7Zb",2,3,2,2,2,3,2,3,3,3,2,1,3,2,3,3,3,3,4,2,15,11,9,16
"R_7IQPqmlATzALGUO",3,3,3,3,2,3,2,4,4,3,3,3,3,4,3,4,3,3,4,3,17,14,13,19
"R_3xDlq2S6uPw5w8P",2,3,3,3,2,4,3,2,1,3,2,1,3,4,1,4,4,4,4,3,19,8,9,20
"R_3dYGhjebxDJwtJ4",2,2,4,3,2,3,3,3,3,3,2,2,2,3,2,4,4,3,4,4,19,11,9,19
"R_170LRwVEPhBnadb",3,3,2,2,1,3,1,3,2,3,2,3,2,3,2,3,3,3,3,3,15,10,10,15
"R_5DpW3cwN0vrKupI",2,3,2,2,1,3,0,4,4,4,4,1,3,3,4,4,4,4,4,4,20,16,11,13
"R_1YJ4PhVqGeXyzaV",2,2,3,3,2,3,1,3,2,3,2,1,1,1,2,3,3,3,1,3,13,10,5,16
"R_5wLKofpoMG6ifbr",2,2,2,3,1,3,1,3,2,2,2,2,2,3,2,3,3,2,2,3,13,9,9,14
"R_1i1OwAEpRdxdVN7",2,3,2,2,1,2,1,3,3,3,3,3,2,3,2,3,3,3,3,2,14,12,10,13
"R_3M9xhlRWE2z06ER",3,3,3,3,2,3,2,2,2,2,2,3,2,3,2,3,3,3,3,3,15,8,10,19
"R_5LtmRRCFrFNzPxb",3,3,2,3,3,3,1,3,3,3,3,3,3,3,3,3,3,4,4,4,18,12,12,18
"R_5lt6t4j8YY71s3C",3,3,3,3,2,3,2,3,2,3,2,3,3,3,3,3,3,3,3,3,15,10,12,19
"R_3flcaFWiEzGlW0z",1,1,1,3,2,3,2,2,2,2,2,3,2,3,2,3,3,3,3,2,14,8,10,13
"R_5R4wMYSZx064Fxq",3,3,4,3,2,3,1,4,4,4,3,2,2,4,3,3,4,2,4,4,17,15,11,19
"R_5JfL2nIAUug4iPa",1,2,3,2,2,2,1,3,3,3,3,3,3,3,3,3,3,3,3,3,15,12,12,13
"R_6oM8rMgHrXTOZ0o",3,4,4,4,0,4,0,3,4,3,4,4,3,4,3,4,4,3,4,3,18,14,14,19
"R_5pKjJBb1i8PpMbj",1,3,3,3,3,3,3,2,3,3,3,1,1,1,1,4,3,3,4,3,17,11,4,19
"R_3COVtMZnAkIXYQx",2,2,2,2,2,2,2,2,2,2,2,2,2,3,3,2,2,2,2,2,10,8,10,14
"R_3RTiyVGeYz0aYlX",4,3,4,4,1,4,0,3,4,3,4,3,4,4,3,4,4,4,3,4,19,14,14,20
"R_9Ko6VUlnS5brTqN",2,2,3,3,2,3,2,3,3,3,2,2,1,2,2,3,3,4,3,3,16,11,7,17
"R_13f26CHXBygN3UE",3,3,3,3,3,3,3,2,2,2,2,2,2,2,2,3,3,3,3,3,15,8,8,21
"R_6HOG4TBXusNkrXT",2,3,3,2,2,2,2,3,3,2,2,2,2,2,3,3,3,3,3,2,14,10,9,16
"R_7isTWLL25asnz86",3,3,1,1,2,3,2,4,3,3,2,3,3,3,3,3,3,3,3,3,15,12,12,15
"R_3nNsH4otQiGWhBf",2,2,2,2,1,2,1,3,3,3,3,3,3,3,3,3,3,3,3,3,15,12,12,12
"R_7CE0guvfyrrt836",3,3,3,3,2,3,2,3,3,3,3,3,3,3,3,3,3,3,4,4,17,12,12,19
"R_7fZQD4Jf65YZHCU",1,1,2,2,2,2,1,3,2,2,2,3,1,3,2,3,2,3,1,2,11,9,9,11
"R_7Hzwt9UmKWEwFQH",3,3,2,3,2,3,1,2,2,3,2,2,2,1,3,3,3,2,4,3,15,9,8,17
"R_1coUgYVdOvnwtTb",2,2,3,2,1,2,1,3,2,2,2,3,2,2,1,3,2,2,3,2,12,9,8,13
"R_1nwsNfArFfIHHtB",2,2,3,3,2,3,2,3,4,3,4,3,3,3,2,4,3,4,4,3,18,14,11,17
"R_6veV1V1XDql3BJi",3,3,3,4,3,4,1,3,2,2,2,3,2,2,2,3,3,3,3,3,15,9,9,21
"R_3PRnL9GkacgrAn6",3,3,2,2,0,3,1,3,3,4,2,3,2,2,2,3,4,4,3,1,15,12,9,14
"R_6m37LAKqjV0TJuC",3,4,3,4,0,3,0,3,4,3,4,4,3,4,3,4,3,3,4,3,17,14,14,17
"R_1WJ8M91QaGqkKrx",4,3,3,3,3,4,0,2,3,3,4,4,4,4,3,4,3,4,4,4,19,12,15,20
"R_7QEZnQTtIJiVFow",4,4,4,4,3,4,2,2,2,2,3,3,3,3,3,3,3,3,4,3,16,9,12,25
"R_3E1lAhesUhGJxEd",2,2,3,4,3,2,1,4,3,2,4,2,2,2,3,4,3,4,3,3,17,13,9,17
"R_3CNS4ExL4KVFzTw",3,4,3,4,2,3,2,3,3,4,3,4,4,4,3,3,3,3,3,3,15,13,15,21
"R_5q8XXif9YDAgoQV",3,4,3,4,2,3,3,3,3,2,2,2,3,2,4,2,3,2,3,2,12,10,11,22
"R_1pVBtsd9NtU9y8d",2,3,1,2,1,3,0,2,2,2,2,3,2,3,2,3,4,3,3,2,15,8,10,12
"R_5Tdv92OtUPduJbP",1,2,3,4,1,2,3,2,3,4,3,2,1,2,3,4,3,2,1,2,12,12,8,16
"R_1ZpdzuFb6nfizmN",4,4,3,4,3,4,1,4,3,2,3,1,1,3,3,3,3,3,3,3,15,12,8,23
"R_6jTBkys7hizQQIH",3,3,2,3,0,2,1,3,4,3,2,3,3,3,4,3,2,3,3,2,13,12,13,14
"R_7jUlInnnlaVlm8J",3,3,2,4,2,1,1,2,4,2,3,2,3,1,3,2,3,4,2,2,13,11,9,16
"R_5SwchB5xw2PBOO3",2,3,3,3,2,3,2,2,3,3,2,3,2,2,2,3,3,3,3,3,15,10,9,18
"R_62gNZjHo4EQTbBy",3,2,4,3,3,3,2,2,1,3,2,3,2,3,3,4,4,3,3,3,17,8,11,20
"R_6t3Tr4mwzMdFcAg",2,3,3,3,0,4,1,3,4,4,3,2,2,2,3,3,4,4,4,4,19,14,9,16
"R_5r2HFQsXV0AewHn",2,3,2,2,1,2,1,3,3,3,2,3,2,3,3,3,3,3,3,3,15,11,11,13
"R_1diUIDmLMvzF6aY",2,3,3,3,2,3,2,3,3,3,3,3,2,3,2,3,3,4,4,3,17,12,10,18
"R_1IsWVQc0OZa6DNr",2,2,3,3,2,3,1,3,3,2,2,2,3,2,2,3,3,3,3,3,15,10,9,16
"R_6zCi0ZMwXNY1dGs",3,1,4,3,1,2,3,4,4,3,4,3,1,3,2,4,4,4,3,3,18,15,9,17
"R_7ey8UkBc9W3Pnj3",1,2,1,1,3,1,2,2,2,3,3,3,3,3,3,4,4,4,4,4,20,10,12,11
"R_1Hno6wtMOtcC0cW",4,4,4,4,3,4,3,2,2,3,1,3,1,1,3,3,4,4,4,3,18,8,8,26
"R_6f6SFVdsQoo2mz6",2,2,3,2,1,3,1,2,3,2,3,2,3,2,3,2,3,2,3,2,12,10,10,14
"R_3mk6xQHooB8Huby",3,3,3,4,2,4,2,4,4,4,4,3,4,4,4,4,4,4,4,4,20,16,15,21
"R_5j8p5Vo90h0FG1x",3,1,2,1,1,2,1,2,2,3,2,2,1,2,2,3,3,2,3,2,13,9,7,11
"R_5GVVqzHEujWmsNP",4,3,4,4,2,3,3,4,4,4,3,4,3,4,4,3,4,4,4,4,19,15,15,23
"R_1e8rHsVDW9fQOzo",4,4,4,4,0,4,3,3,2,2,3,3,1,3,3,2,3,3,3,4,15,10,10,23
"R_3XnsJpTLws66Xar",3,3,3,1,2,2,1,3,2,3,3,3,3,3,3,3,3,3,3,3,15,11,12,15
"R_6ESDeeWeeX7ZQeG",3,3,2,1,2,4,1,3,3,3,2,3,3,3,2,4,4,4,3,3,18,11,11,16
"R_1DP9eJZCP1OBbNh",4,3,4,4,1,4,1,4,3,3,4,3,4,3,4,4,3,3,4,3,17,14,14,21
"R_12eqqTBycuY6KFr",3,3,4,4,3,3,3,1,1,1,2,2,3,3,3,3,3,3,3,3,15,5,11,23
"R_3PcpXLqgY3JN4Ac",4,4,4,4,3,3,2,1,2,2,1,2,2,3,3,4,3,3,3,2,15,6,10,24
"R_7DYWGg0sn2qvHTX",4,4,3,3,3,3,3,3,3,3,3,4,3,3,3,4,4,4,4,4,20,12,13,23
"R_5SLTqvccMdG5oul",4,3,3,4,0,3,0,3,4,4,3,3,3,4,3,3,4,3,3,4,17,14,13,17
"R_7vpFRXW8ufjTUiZ",2,2,3,2,1,2,1,3,3,4,3,3,3,3,2,4,3,3,3,3,16,13,11,13
"R_52lhe45eUySh6NK",3,4,2,2,2,4,1,4,3,4,3,3,3,3,3,3,4,1,2,2,12,14,12,18
"R_1VaolO01zRBuxUY",2,2,3,2,3,3,2,1,2,1,1,1,1,2,2,2,3,3,1,2,11,5,6,17
"R_5Ky0tWaYFSLDAT5",4,2,4,4,1,4,1,4,3,2,4,3,2,2,3,2,3,2,2,3,12,13,10,20
"R_1FRqnmZCAG3xmWl",2,2,2,3,1,2,1,3,3,3,2,3,3,3,2,3,3,2,3,3,14,11,11,13
"R_75TpK6lYpXxnUGl",4,3,3,3,0,3,1,3,2,4,3,3,3,3,3,4,3,3,3,3,16,12,12,17
"R_65uuOBQuhlHu4cy",3,4,4,2,1,4,1,2,3,3,4,3,2,3,3,4,3,2,3,3,15,12,11,19
"R_7DrS6Fm6TrOqra9",3,1,3,2,2,3,2,4,4,4,4,3,4,4,4,4,4,4,4,3,19,16,15,16
"R_5PzNB33lG690A60",2,3,2,2,0,4,1,4,2,1,3,3,4,3,3,1,2,2,3,1,9,10,13,14
"R_54DicyqwBIaTQvR",3,3,3,3,2,3,2,2,2,2,2,3,2,2,2,2,3,2,3,2,12,8,9,19
"R_5JrblWrGRpNsRAW",3,2,2,2,2,2,1,3,2,2,2,2,2,2,2,2,2,2,2,2,10,9,8,14
"R_3GNvpqbl7vKY4HQ",4,4,4,4,3,4,3,1,1,1,1,1,1,1,1,3,4,4,2,2,15,4,4,26
"R_38U7lY4dRg210M2",3,3,2,2,3,3,2,3,3,3,3,3,3,3,3,3,3,3,3,3,15,12,12,18
"R_1kyjyFMadgqbC1P",3,1,3,3,3,3,1,3,3,3,3,3,3,3,1,3,3,3,1,3,13,12,10,17
"R_7kby0wT3hZX3eTL",3,3,3,3,2,3,2,2,2,2,2,3,2,2,2,3,3,2,3,3,14,8,9,19
"R_6LGrAKPdslOIyjH",3,4,3,3,2,3,1,4,3,3,4,4,3,4,4,3,4,3,4,4,18,14,15,19
"R_7kG3WFkHGrSbhqN",3,3,2,4,2,4,1,4,3,4,4,4,4,4,3,4,4,4,4,4,20,15,15,19
"R_6g6nUxrNBYlWHG3",4,4,4,3,2,3,1,2,3,3,3,4,3,3,4,4,4,3,3,4,18,11,14,21
"R_7gT4ovKVXu6wfSg",4,3,3,2,0,1,1,2,2,1,4,3,2,3,1,2,3,1,2,4,12,9,9,14
"R_6WOu2X3EXLmpG5j",3,3,3,3,2,4,1,4,4,3,3,4,3,4,3,3,2,3,3,4,15,14,14,19
"R_5D7AvHDLoubPD6d",2,2,2,2,2,3,1,3,2,3,3,3,3,4,2,3,3,4,3,3,16,11,12,14
"R_5sp1OTcYxdTBOPc",4,3,3,3,0,3,1,2,3,3,3,4,2,4,4,3,2,3,4,4,16,11,14,17
"R_5feArODia9KIdNJ",2,3,2,2,2,2,2,3,3,3,3,3,3,3,3,3,3,3,4,3,16,12,12,15
"R_6813LD5V2VBexyh",1,2,3,4,0,4,1,2,1,2,3,3,4,4,4,3,2,2,3,4,14,8,15,15
"R_5wtMvFOrwYs2lmV",1,1,1,3,3,4,1,4,4,4,4,1,4,4,1,4,4,4,4,4,20,16,10,14
"R_6COZ2QDg7ahTBro",3,3,3,3,2,2,2,2,2,2,2,3,3,2,3,3,3,3,3,3,15,8,11,18
"R_30dmf15IH492c6J",1,2,3,4,0,4,1,2,1,2,3,3,4,4,4,3,2,2,3,4,14,8,15,15
"R_7uplO4CroJuK1Bf",4,4,4,4,2,3,1,2,4,4,2,3,4,3,3,1,3,3,4,4,15,12,13,22
"R_5E112Kdc9B5eeIq",3,3,3,2,1,3,0,4,4,4,3,3,4,4,3,4,4,3,3,3,17,15,14,15
"R_6EiyxtDCB1wuyL5",2,2,2,1,1,2,1,3,2,3,3,3,3,3,2,3,4,4,3,3,17,11,11,11
"R_1oAQTesiRxTvn55",3,2,4,3,0,3,0,3,4,3,3,4,3,3,3,3,2,3,3,3,14,13,13,15
"R_35NGvxIeJE1eqfZ",2,3,2,3,2,3,2,3,2,3,2,3,2,3,2,3,2,3,2,3,13,10,10,17
"R_70hO1uBKtZ5Y1Ls",1,2,4,4,1,3,1,3,2,3,2,3,4,4,4,4,4,4,4,4,20,10,15,16
"R_72D8qSiOPXzVZ9R",2,3,4,3,1,4,1,4,3,3,4,3,4,4,3,2,3,4,3,3,15,14,14,18
"R_3ESboLdcNKqTQOS",2,2,3,2,1,2,2,2,2,3,3,2,2,3,3,3,3,3,2,3,14,10,10,14
"R_10OsPGhyDwBI9kE",2,3,3,3,2,2,1,3,3,3,3,1,3,3,3,3,4,4,4,4,19,12,10,16
"R_3Jg52uGh6mYxzJ7",1,2,1,2,0,2,0,4,4,4,4,2,3,3,2,4,4,4,4,4,20,16,10,8
"R_61hFbc6r2FVxfhi",3,4,3,3,2,3,2,4,4,4,4,2,3,3,3,4,4,3,4,4,19,16,11,20
"R_5azrZRXFW70Zl2M",4,3,4,3,2,3,0,3,2,4,4,4,4,3,4,2,3,4,4,4,17,13,15,19
"R_1X5v6e6MRhn3CTo",4,2,4,3,3,4,3,2,3,4,2,4,4,2,4,3,4,4,3,4,18,11,14,23
"R_1E9EKMVWG0b4myE",4,4,4,4,3,4,0,1,1,1,3,1,4,4,4,4,4,4,4,4,20,6,13,23
"R_7wvRFUArj8pMGpO",3,3,4,3,2,3,2,3,2,2,2,3,3,2,3,4,3,4,3,2,16,9,11,20
"R_161xBTa6RbcVN3X",4,3,3,3,3,1,3,1,1,2,2,1,2,1,2,3,3,3,3,2,14,6,6,20
"R_6Pjuw2O3aqRXaCU",1,2,3,3,2,4,2,4,2,3,4,4,3,4,3,4,4,4,3,3,18,13,14,17
"R_6TTP7rYj6gNjHKW",3,4,4,3,1,3,0,2,3,4,4,3,4,2,4,2,3,4,3,4,16,13,13,18
"R_5aCB9Qv1zahCbqV",4,3,4,3,0,3,0,3,3,4,4,3,4,3,3,3,4,3,4,3,17,14,13,17
"R_1170WjJHEpEXtWj",3,4,4,3,0,3,0,3,4,3,3,4,4,3,4,3,3,3,4,3,16,13,15,17
"R_1eappizCnpLxqEs",4,3,4,3,1,4,1,4,3,3,4,3,4,3,4,3,4,3,3,4,17,14,14,20
"R_1FCDb16uLfJe61S",3,3,4,3,1,3,0,3,3,3,4,3,4,3,3,3,4,3,4,3,17,13,13,17
"R_6zwNlroSnUwo2Y1",3,3,4,4,1,2,1,3,2,3,4,3,3,3,4,4,3,3,4,4,18,12,13,18
"R_6JFIsFakh0FzHSp",4,4,4,4,3,4,3,2,3,2,2,2,1,3,2,2,3,3,4,3,15,9,8,26
"R_51hi0ZPPmGnC4kd",1,2,2,3,3,4,1,4,3,3,4,4,4,3,2,4,3,3,3,3,16,14,13,16
"R_3aLaYt5sSDkTZu9",1,2,2,3,3,4,1,4,3,3,4,4,4,3,2,4,3,3,3,3,16,14,13,16
"R_1M4t1aCyvI7hvNf",2,3,3,3,1,3,1,3,3,3,3,2,3,3,2,3,3,2,2,2,12,12,10,16
"R_6FQwI5rrWRakAm4",2,1,2,3,1,3,0,4,3,3,4,3,4,4,1,4,3,3,4,4,18,14,12,12
"R_3Qo3HmUgryPo4vx",3,3,3,3,2,3,2,3,3,2,2,3,3,3,2,3,3,3,3,3,15,10,11,19
"R_7oWbHJRx9eVh3mF",3,2,3,2,1,2,1,3,3,3,3,4,3,3,1,4,4,4,4,3,19,12,11,14
"R_3hsStidCOPFiW3Y",3,3,3,3,2,3,2,3,3,3,3,3,3,2,3,3,3,3,3,3,15,12,11,19
"R_31twatt8LnXzkIy",1,2,2,1,3,2,2,1,2,4,3,3,4,3,1,3,4,3,4,3,17,10,11,13
"R_36TKpb8ZmQrG1Md",3,2,4,3,0,3,1,4,4,4,4,4,3,4,1,4,4,3,4,4,19,16,12,16
"R_6LHyi9WBKC5FUVg",3,2,4,3,1,3,1,4,4,4,4,3,4,4,1,4,4,4,3,4,19,16,12,17
"R_1lnl6Ks5BzlkQAb",4,2,3,2,2,3,2,4,4,4,4,4,4,4,1,4,4,4,4,4,20,16,13,18
"R_5Kdnbtdn92gv3g6",4,4,3,3,2,4,2,1,2,3,2,4,4,4,4,4,3,3,2,3,15,8,16,22
"R_6kTgvMGPho58kd2",4,3,2,2,1,3,0,3,2,2,2,3,3,4,4,3,3,2,2,3,13,9,14,15
"R_3Yyr40HiOUWXoL4",4,3,2,2,3,1,2,3,3,4,4,3,2,2,3,2,3,4,3,3,15,14,10,17
"R_1KeRptZnJeUCirK",3,4,3,3,0,4,1,3,4,3,4,3,4,4,3,4,3,4,4,3,18,14,14,18
"R_3qbb0SLpXxxiZmC",3,4,3,4,1,4,1,4,3,4,3,4,3,4,3,4,3,4,3,4,18,14,14,20
"R_7Fqjq4qdiq057IR",3,4,3,4,1,4,1,4,3,4,3,4,4,3,4,2,4,3,4,4,17,14,15,20
"R_3DGSVLkpPxRUC5j",3,4,3,2,0,3,0,2,3,3,4,3,3,3,4,4,3,4,3,4,18,12,13,15
"R_5MiBxGHwkvjd5fS",3,3,3,3,1,3,2,3,3,3,3,3,3,2,2,3,3,3,3,3,15,12,10,18
"R_5YTYvErYeB7OXAJ",3,2,4,3,1,4,2,4,3,3,3,4,2,3,4,3,3,4,3,4,17,13,13,19
"R_3MrOtETZMxyQ79T",3,4,3,4,1,3,0,3,4,3,4,4,3,4,3,4,4,3,4,3,18,14,14,18
"R_1t9bxsdmklM5cEE",3,4,2,3,0,2,1,4,3,2,3,4,3,3,2,4,3,3,4,2,16,12,12,15
"R_5IEtfH3JvpcVhac",3,4,4,4,2,2,1,4,4,2,2,3,4,4,3,3,3,3,2,3,14,12,14,20
"R_3Ed44PhFYdVkg9H",3,3,3,3,2,3,2,2,3,3,3,3,3,3,3,3,3,3,3,3,15,11,12,19
"R_5KnouKJdDXyA4Uh",4,3,3,3,1,2,1,3,3,3,3,4,3,3,3,3,2,3,3,3,14,12,13,17
"R_625ydHqllwQ449y",4,3,3,3,2,2,1,3,4,3,3,4,3,3,2,3,2,3,4,3,15,13,12,18
"R_3iJP5JV1LlKLLUS",3,3,3,3,3,3,3,3,3,3,3,3,3,3,2,3,3,3,3,3,15,12,11,21
"R_7dFOEPORpH5vgTn",3,3,4,4,1,3,1,2,2,4,4,3,2,3,4,3,4,3,2,3,15,12,12,19
"R_7oQLvdqVeX0KEpU",4,3,4,4,1,4,0,4,3,4,4,3,3,3,3,4,3,2,3,4,16,15,12,20
"R_6NaVxUE5LLOUlXQ",2,2,4,3,0,3,1,3,1,4,3,2,2,4,3,3,3,2,2,4,14,11,11,15
"R_3Ptj7hKnqAjIYef",3,2,3,3,2,3,2,3,2,3,2,3,2,3,2,3,2,3,2,3,13,10,10,18
"R_71A2ClMIG4OGeeB",2,2,4,3,0,3,1,3,1,4,3,2,2,4,3,3,3,2,2,4,14,11,11,15
"R_545IPftqM571fTX",2,2,4,3,0,3,1,3,1,4,3,2,2,4,3,3,3,2,2,4,14,11,11,15
"R_1RuoYcrkEweLS5r",3,2,2,3,2,3,2,3,2,3,2,2,3,2,3,2,3,2,3,2,12,10,10,17
"R_3hLQ7Joirxm7awc",3,2,3,2,1,3,2,3,2,3,2,2,3,3,2,3,2,3,2,3,13,10,10,16
"R_5oOUns02tRPImw9",2,2,3,2,3,3,1,3,2,3,3,3,3,2,3,2,2,2,2,4,12,11,11,16
"R_7j3agWxGKcTpHiZ",3,4,3,3,1,2,1,3,4,2,2,3,2,3,3,2,3,3,3,3,14,11,11,17
"R_3QyBUl5z6ucksbV",3,3,2,3,3,3,1,2,2,2,2,1,2,4,3,3,2,3,2,3,13,8,10,18
"R_7KQ2FYz3n58GzNe",3,3,4,4,1,3,2,4,4,4,4,4,4,4,1,3,4,3,3,4,17,16,13,20
"R_6iAa5nVnm6BWaI1",3,2,4,3,1,3,2,3,4,4,4,4,3,4,2,4,4,3,4,4,19,15,13,18
"R_5kRN7UyzQmL5c3o",3,2,4,4,0,4,2,3,4,4,4,4,4,4,2,3,3,4,4,3,17,15,14,19
"R_1Ea6I3fCrmPGeYj",3,2,4,4,1,3,2,3,4,4,4,3,4,3,1,3,3,4,4,4,18,15,11,19
"R_7imUoqivVEbziVk",3,2,3,3,1,2,3,3,3,3,2,3,4,4,1,3,4,3,3,4,17,11,12,17
"R_7pRKZd8tmoUNQOq",2,3,2,3,2,3,1,2,2,2,2,3,3,3,2,3,3,2,3,3,14,8,11,16
"R_6mlESN4QArS34U9",4,4,4,4,2,4,3,4,1,4,1,1,4,4,2,4,1,4,4,4,17,10,11,25
"R_6cbWWX0zPCvbauv",3,3,4,4,0,3,1,4,4,3,4,3,3,4,3,4,3,4,4,3,18,15,13,18
"R_5YxEPX40wPYohnr",3,3,4,4,0,3,1,4,3,4,3,4,3,4,3,4,3,3,4,3,17,14,14,18
"R_1kBtfHS3SD3r3JD",3,4,3,4,1,4,1,4,3,3,4,2,3,4,3,3,4,3,4,4,18,14,12,20
"R_77QkQMmGppCtLY9",3,3,4,4,0,4,0,4,4,4,4,4,4,4,4,4,4,4,4,4,20,16,16,18
"R_5IfUVw0ksInfSm7",2,4,3,4,0,4,1,2,2,3,2,3,2,3,2,3,3,4,3,3,16,9,10,18
"R_7jZK2iZDIUmc9gD",4,4,2,2,2,2,3,2,3,3,3,3,3,3,3,4,4,4,4,4,20,11,12,19
"R_5vldEJKdaodzFFf",1,2,1,4,1,1,1,3,4,4,4,4,3,4,4,4,4,3,4,3,18,15,15,11
"R_3QEX6liTEgJ8HIJ",4,4,4,4,1,4,1,4,3,4,4,3,4,4,4,4,4,4,4,4,20,15,15,22
"R_5IYabWsm6nMfFRX",4,3,4,3,3,3,0,1,1,1,1,3,1,2,4,4,3,4,3,2,16,4,10,20
"R_60BL20lGV4eQGiY",2,3,1,2,1,3,1,2,2,2,3,4,3,1,1,3,2,2,3,4,14,9,9,13
"R_5qwdKXOa7Hw57b0",3,3,3,3,2,3,2,3,3,2,2,2,3,3,3,3,3,3,3,3,15,10,11,19
"R_7Lb8Fic06UfMAVj",4,4,4,4,3,4,3,4,4,4,4,4,4,4,4,4,4,4,4,4,20,16,16,26
"R_5oAztSzty8uQOMb",1,2,3,4,3,4,1,2,1,4,3,2,1,2,3,1,4,3,1,1,10,10,8,18
"R_50bNphWOSre1AYf",3,3,2,3,1,3,1,3,3,3,3,3,3,3,2,3,3,3,3,3,15,12,11,16
"R_1Dr6VHcsjgsvXJM",2,3,1,3,3,3,3,2,2,1,3,3,4,4,1,2,3,1,1,1,8,8,12,18
"R_1nTKiKrWZdmlJw8",1,2,4,3,1,3,2,3,4,1,1,2,2,2,2,3,3,4,3,2,15,9,8,16
"R_3tJBSOV0wYaJFhn",3,3,2,2,1,3,1,2,3,3,4,3,3,3,4,4,2,2,3,2,13,12,13,15
"R_1D5rN1W6yXzVDea",1,2,2,2,1,3,2,2,3,2,2,3,2,3,3,2,3,3,2,3,13,9,11,13
"R_3XrBxzVCVDiZfUJ",4,4,3,4,2,3,2,3,3,3,3,3,3,3,3,3,3,3,4,3,16,12,12,22
"R_7gQ1PzcsaV46W9b",3,4,4,3,0,3,1,3,4,3,4,3,4,3,3,3,2,2,4,2,13,14,13,18
"R_7oehtxp4XxtLsLU",4,3,3,2,1,2,1,2,3,3,3,4,3,4,4,3,2,3,3,4,15,11,15,16
"R_7EbRGRmuQuiEu9L",3,1,3,4,2,3,3,2,2,1,3,2,2,1,2,2,1,2,2,2,9,8,7,19
"R_6RXjdQP47ZnOxc9",4,3,4,3,0,4,1,3,3,4,3,4,3,4,3,4,3,4,3,4,18,13,14,19
"R_1B5NM2vXggPA4bU",3,3,2,2,3,3,2,2,3,3,3,2,3,1,3,3,4,4,3,3,17,11,9,18
"R_6d2ognAHiZS1lex",3,4,4,3,2,3,0,3,4,4,3,2,3,4,4,3,2,3,4,3,15,14,13,19
"R_3DwDXACHoQkGkFL",2,3,3,3,1,3,1,3,2,2,3,3,3,3,3,3,3,3,3,2,14,10,12,16
"R_1Kv7xLwGgK9y1MJ",2,3,1,1,0,2,0,3,3,2,3,2,2,2,1,3,3,3,2,3,14,11,7,9
"R_6a8OTYFpUUCBv9j",1,1,1,1,1,3,3,4,3,3,3,4,4,4,3,4,4,4,3,3,18,13,15,11
"R_3zAATMQJDMn0z9D",4,3,2,1,2,2,1,3,2,1,2,2,3,4,4,3,2,2,2,3,12,8,13,15
"R_1wp1nCfIdq7Ghvw",4,3,1,3,0,2,1,4,4,4,2,3,4,3,4,3,3,1,3,2,12,14,14,14
"R_1MPDcfqHGRJsASq",3,3,3,3,1,2,1,3,3,3,3,1,1,4,2,3,3,3,3,3,15,12,8,16
"R_7f7Os0VfsV1bBqD",2,2,2,3,1,3,2,2,3,2,3,3,3,2,2,3,2,3,3,3,14,10,10,15
"R_71Rycl1SRLOXjdl",2,2,1,3,1,3,1,3,3,3,4,3,2,3,1,3,3,3,3,3,15,13,9,13
"R_3MSqMUSmHrf877f",2,2,2,2,1,2,1,3,3,3,3,3,3,3,3,3,3,3,2,3,14,12,12,12
"R_3uQ905LnwDukwBX",2,3,4,3,2,3,1,2,2,2,2,4,2,2,3,2,3,3,3,3,14,8,11,18
"R_16CQFut0Un0sG6R",1,2,1,1,1,2,1,4,3,2,2,3,2,2,3,3,3,3,3,2,14,11,10,9
"R_50O3NasU6D2NPwp",3,2,2,2,2,3,1,2,2,2,2,3,2,3,3,2,3,3,3,2,13,8,11,15
"R_3Y7iapK9nv5QW2t",2,2,3,2,1,3,1,2,2,2,2,3,2,2,2,3,3,2,3,1,12,8,9,14
"R_6f1zGTkG242oTpn",2,2,1,2,1,2,2,3,3,2,2,3,3,2,1,2,2,3,2,2,11,10,9,12
"R_7Hpp5Gdhdrii3ZP",2,2,4,3,2,4,2,3,3,3,2,4,4,4,3,3,3,3,4,3,16,11,15,19
"R_6aFWNDb1QCg7xqG",2,2,2,2,1,2,1,3,3,3,3,3,3,3,2,3,3,3,3,3,15,12,11,12
"R_7azQR2LfXuwQ045",2,3,4,3,2,3,1,2,3,3,3,2,3,3,2,1,2,2,2,2,9,11,10,18
"R_32mL6251A4OMWo1",2,3,3,3,2,3,1,3,2,2,2,2,3,3,2,3,3,3,3,3,15,9,10,17
"R_6zqCjHrr5VS8dhK",3,3,3,3,2,3,2,3,3,3,3,3,2,3,2,3,3,3,3,3,15,12,10,19
"R_58B834vt2VIsTjq",2,2,2,3,1,2,1,2,2,2,2,3,2,3,2,2,3,2,3,3,13,8,10,13
"R_3styNTEwLflkXBv",3,2,2,3,3,2,2,3,3,3,2,2,2,2,2,2,3,3,2,2,12,11,8,17
"R_7z6F6a8qSEtkUpu",3,3,2,3,2,3,1,4,3,4,4,3,3,3,4,3,3,2,3,3,14,15,13,17
"R_3BrmmIqLHGzgOtt",3,3,2,3,2,3,2,2,2,1,1,1,1,1,2,2,2,3,3,1,11,6,5,18
"R_3jqRXuYDV7vJHz3",3,3,1,3,2,3,2,2,2,2,2,2,2,2,2,2,3,3,3,2,13,8,8,17
"R_30KYXrzXgk1sCjL",2,3,3,2,2,3,1,1,1,2,2,2,2,3,2,3,3,3,3,2,14,6,9,16
"R_19tzlf6Bzch4aMz",3,4,4,4,2,4,3,3,3,2,3,3,3,3,3,3,4,4,3,3,17,11,12,24
"R_7HZDtfpr1lylGB2",2,3,3,1,2,2,1,2,3,3,3,3,3,3,3,2,2,4,3,2,13,11,12,14
"R_7dFH73kadpEEdMR",3,2,3,3,1,3,1,3,3,2,2,3,3,3,3,3,4,3,3,3,16,10,12,16
"R_3uUqhElAGbUAu8K",4,2,3,2,0,2,2,3,2,3,1,2,3,2,3,2,4,2,3,2,13,9,10,15
"R_5PzexzzrreikY11",3,3,3,3,1,2,2,3,3,3,3,3,3,3,3,2,3,3,3,3,14,12,12,17
"R_3lGhil9rbRSapBK",2,3,2,2,2,2,1,2,2,2,2,2,2,2,2,2,2,2,2,2,10,8,8,14
"R_6foLbP1LihRzBBG",3,2,3,2,2,2,2,2,2,3,2,2,3,3,2,2,1,2,3,2,10,9,10,16
"R_3j7xWUAFf8oQy3E",3,3,3,3,2,3,3,2,2,3,3,2,2,3,2,3,4,3,4,2,16,10,9,20
"R_3QloNqa4C8JA14A",4,4,3,4,2,4,2,4,2,4,2,4,2,4,3,4,4,3,4,2,17,12,13,23
"R_3F391TZADduEmBp",1,1,2,2,1,2,1,3,3,3,3,2,3,3,3,3,3,2,3,3,14,12,11,10
"R_65MFKWx6DsVNFgp",4,4,2,1,3,4,0,4,4,4,1,1,4,4,4,4,1,1,1,1,8,13,13,18
"R_6BQ4PdSlgJMjsSW",3,3,3,4,0,4,0,4,4,4,4,3,3,4,3,4,4,4,4,4,20,16,13,17
"R_6PiEEuV6F7GeCfz",1,1,1,1,3,3,3,3,3,3,3,2,3,3,2,3,3,3,3,3,15,12,10,13
"R_13LGZpxIVvIjkQx",4,4,4,4,1,4,0,4,3,3,2,2,1,4,2,1,4,1,1,3,10,12,9,21
"R_5C8iryvOPDgr5D3",2,3,1,1,1,3,0,3,2,3,3,2,2,2,1,3,3,4,4,4,18,11,7,11
"R_76JAAI979BSbyoh",3,4,4,3,1,3,1,4,4,3,4,2,2,4,3,3,3,3,2,3,14,15,11,19
"R_3y1qpf9dR062ozs",3,3,3,3,3,3,1,4,4,4,4,4,2,4,1,4,4,4,4,3,19,16,11,19
"R_3EnH2xACQU3m6UE",3,3,2,4,1,1,3,4,3,4,3,3,4,3,3,4,3,2,3,2,14,14,13,17
"R_6hSD7bHfgdexwkf",3,3,3,3,2,3,1,2,2,2,1,3,4,4,3,3,3,3,2,2,13,7,14,18
"R_7gSXadCWe1EZaMt",2,2,2,2,2,2,2,4,4,4,4,2,3,3,2,3,3,4,3,3,16,16,10,14
"R_7IyNizJs88szDN5",2,3,4,4,1,3,1,3,3,3,2,3,3,3,2,3,3,3,3,3,15,11,11,18
"R_3WAn43z1xujRIKR",3,4,2,2,1,2,3,4,3,2,3,4,3,2,1,3,3,1,3,4,14,12,10,17
"R_1ZQVzSjNzuSBY7T",2,3,3,4,2,3,3,2,2,3,3,2,3,4,3,3,4,3,3,4,17,10,12,20
"R_7my0lOdaHONUtac",3,3,2,2,2,2,2,3,3,3,2,2,3,3,3,3,3,4,3,3,16,11,11,16
"R_3QM3ZCFHWHHIqvA",3,3,4,4,3,3,3,3,3,4,4,3,4,3,4,4,4,3,4,4,19,14,14,23
"R_3HAuZPtNk9IdXVv",1,1,1,1,0,1,0,4,4,4,4,4,4,4,4,4,4,4,4,4,20,16,16,5
"R_137EjjJuUw85SKC",3,3,3,4,3,4,3,1,1,2,1,1,3,4,3,4,4,3,4,3,18,5,11,23
"R_1rqNVK3iy7pW3l8",4,3,4,4,1,4,1,4,4,4,4,4,4,4,4,4,3,4,4,4,19,16,16,21
"R_5KgVOPvf1NtFFQJ",3,3,3,3,2,3,2,2,2,3,2,3,2,3,3,3,3,3,3,3,15,9,11,19
"R_129TVln3oHIxpq9",3,3,3,3,1,3,1,3,3,3,3,3,3,3,3,3,3,3,3,3,15,12,12,17
"R_6FPQNWQNDaVd1hv",2,2,3,2,2,2,1,3,3,2,2,3,2,3,2,2,2,2,3,2,11,10,10,14
"R_7qrm8XbUnmqGIky",1,1,1,1,3,1,1,1,1,1,1,1,1,3,2,1,3,3,3,2,12,4,7,9
"R_1Q47VVl4Mr2nAkx",3,4,3,4,0,4,0,4,4,4,4,4,4,3,3,4,3,4,3,4,18,16,14,18
"R_3MwB3qunp2M6XKN",2,2,3,2,1,3,1,3,3,2,3,2,3,3,3,3,3,3,2,3,14,11,11,14
"R_3z7BUOjeTOxIvAJ",2,2,2,2,2,2,2,2,2,2,2,2,3,3,2,2,2,2,2,2,10,8,10,14
"R_5gOfedapFM3Ojol",2,2,2,2,1,2,1,2,2,2,2,1,2,4,2,2,3,2,2,2,11,8,9,12
"R_70cPbehz8YgjlAD",2,4,3,3,2,3,1,2,2,2,3,3,2,3,3,3,3,3,3,3,15,9,11,18
"R_75MCXE9iAmtsevV",1,1,1,1,1,1,2,1,2,1,2,3,2,3,2,3,3,3,2,2,13,6,10,8
"R_1tr712tjfR73hFG",3,3,3,3,1,3,1,3,3,3,3,3,4,4,4,3,3,3,3,3,15,12,15,17
"R_3E0gaNpg8ixuFG8",1,1,2,1,3,1,3,1,1,1,1,1,1,1,1,1,1,1,1,1,5,4,4,12
"R_5sZvJQyM6qKw9kf",3,3,3,4,3,2,2,2,2,2,2,2,2,2,3,3,3,3,3,2,14,8,9,20
"R_3mr5qyBCh8nDuok",2,2,2,2,1,2,1,2,2,2,3,3,2,3,3,3,3,3,2,2,13,9,11,12
"R_3ojXijZq4z3B08n",4,3,4,4,0,3,0,4,4,4,4,4,3,4,4,4,4,4,2,4,18,16,15,18
"R_6BNWPRT7rx1lpQd",2,3,2,3,2,2,1,3,2,3,2,3,2,2,3,3,2,3,2,3,13,10,10,15
"R_7QoXGIhQ6ltnz9D",1,3,3,1,3,1,3,1,1,4,1,1,3,4,1,1,1,1,1,4,8,7,9,15
"R_1PWpThWl7C85g65",3,3,3,3,1,4,0,3,3,3,4,4,4,4,4,4,4,3,3,3,17,13,16,17
"R_1fkszSr7PdTiFar",4,4,4,4,0,4,0,4,4,4,4,1,4,4,4,4,4,4,4,4,20,16,13,20
"R_1kGIRsNE7LNC5GH",3,3,3,3,2,3,2,3,3,3,3,3,3,3,3,3,3,3,3,3,15,12,12,19
"R_7j3abBq8VjyMdaI",2,2,2,2,2,2,2,2,2,2,2,2,2,2,2,2,2,3,2,2,11,8,8,14
"R_3I3DzLnCrGOhKMx",2,3,4,2,0,2,1,3,4,2,2,2,4,3,3,2,4,3,2,3,14,11,12,14
"R_73awMk9MUM9Wt7b",1,1,1,1,1,3,0,3,3,3,3,3,2,3,3,3,3,3,3,3,15,12,11,8
"R_74CrzwchZluPqTC",2,4,2,1,1,1,3,1,1,2,3,2,3,2,2,1,3,1,3,2,10,7,9,14
"R_3KV1xuzqAuxbJAd",1,4,1,3,3,3,1,2,2,3,2,2,3,1,3,3,3,3,3,4,16,9,9,16
"R_3n6HZ84xXzVZYWD",3,4,4,3,0,4,1,3,4,4,3,3,4,4,3,4,4,3,4,4,19,14,14,19
"R_5fltE28G8y5O2Nf",2,2,3,3,2,3,1,4,4,2,3,3,1,2,3,2,4,3,3,4,16,13,9,16
"R_137uU0cle84C0Eg",4,3,2,4,2,4,0,3,2,3,4,2,3,4,2,3,2,4,4,3,16,12,11,19
"R_13loJdlauVfZGet",3,3,3,3,1,3,1,3,3,3,3,3,3,3,3,3,3,3,3,3,15,12,12,17
"R_1z3tvcxEft0V8Bz",4,3,3,3,1,4,3,4,4,4,4,3,4,4,4,4,4,4,4,4,20,16,15,21
"R_70BEUnP9rajbD9q",4,4,4,4,3,4,0,4,4,4,4,4,4,4,4,4,4,4,4,4,20,16,16,23
"R_7Kr2dRserR88akN",1,1,1,2,1,1,3,3,2,1,3,3,2,1,3,4,4,3,4,3,18,9,9,10
"R_1NE7SPaqhcRo38F",1,1,1,1,0,1,1,3,2,2,2,2,2,2,1,3,3,2,3,2,13,9,7,6
"R_3Kd0ScxBeORmEup",4,4,4,4,1,4,0,4,4,4,4,4,4,4,4,4,4,4,4,3,19,16,16,21
"R_7dzmyOOs2upBV8i",1,3,2,2,1,3,2,2,2,3,2,3,3,2,1,3,1,2,3,2,11,9,9,14
"R_5GezpMhG5goUznd",2,3,3,2,2,2,2,1,1,2,2,2,2,1,1,1,1,2,2,2,8,6,6,16
"R_5kSf2VgpuYiOlhf",3,2,2,2,2,2,2,2,2,2,2,2,2,2,2,2,2,2,2,2,10,8,8,15
"R_3MA4k0zsZQcdJDP",4,4,4,4,3,4,3,3,3,4,2,4,4,4,4,4,4,4,4,4,20,12,16,26
"R_3wNf7MTZWA4OtYs",1,2,1,1,3,1,3,4,3,4,3,3,4,2,3,3,1,3,4,3,14,14,12,12
"R_1gXE5Tu9JMZtKoF",3,3,3,3,0,4,0,4,3,3,3,3,3,3,4,4,4,4,4,4,20,13,13,16
"R_1jXlpw7NlbcsXe1",2,4,3,3,1,2,2,4,3,3,3,3,3,4,3,3,3,3,3,4,16,13,13,17
"R_60YXKHoxZ9pM88c",2,2,3,3,1,2,2,1,1,2,1,2,1,3,2,3,3,3,4,3,16,5,8,15
"R_1nOvcmcwAZmasnv",2,1,2,2,1,2,2,4,4,4,4,4,3,3,2,3,3,3,3,3,15,16,12,12
"R_3Rn9S8JLpumEayd",3,2,3,3,2,3,1,2,2,2,2,4,3,4,3,4,3,3,3,3,16,8,14,17
"R_3gwIkd6W01wNgxW",4,3,3,4,0,3,2,3,3,4,4,3,2,3,2,3,3,4,3,4,17,14,10,19
"R_5bnYPjPBLRih4u5",1,1,1,1,3,1,3,4,4,4,4,4,1,3,1,4,4,3,4,3,18,16,9,11
"R_1CHjIG3AYAcL3jo",3,3,3,3,2,3,2,2,3,2,2,3,2,3,3,3,3,2,3,2,13,9,11,19
"R_5N4vuCrAZwl7GGE",3,2,3,3,1,2,3,2,4,4,3,3,3,3,2,2,2,3,3,4,14,13,11,17
"R_5P05fOIY0EaSYPX",3,3,3,3,1,3,1,3,3,3,3,3,3,3,3,3,3,2,3,3,14,12,12,17
"R_5TAzlO7d4sUCnbX",2,3,2,3,1,2,1,3,2,2,2,3,2,3,2,3,2,2,3,2,12,9,10,14
"R_3Olf80nWFmmOSDu",3,3,4,2,0,2,0,3,4,3,2,3,2,2,4,2,2,2,1,4,11,12,11,14
"R_3n9j4KBCzsSrNmq",1,1,2,1,3,1,3,1,1,1,1,1,1,1,1,1,1,1,1,1,5,4,4,12
"R_6P6bCm0bhGY83GF",3,3,3,3,2,2,0,2,2,2,2,3,2,2,2,2,2,2,2,2,10,8,9,16
"R_7PZA0G9I5noAZwT",2,2,3,2,0,3,1,3,3,3,3,3,2,3,4,3,2,3,4,3,15,12,12,13
"R_7g9lcoV826k1byN",3,3,3,3,2,3,2,2,2,2,2,2,2,2,2,2,3,3,3,2,13,8,8,19
"R_50S6lE38rGSOmGd",1,2,3,4,1,4,1,3,3,3,3,3,1,1,1,3,3,3,3,3,15,12,6,16
"R_51E0WEpVsh8wfyV",4,4,4,4,0,4,0,4,4,4,4,4,4,4,4,4,4,4,4,4,20,16,16,20
"R_14BntYuTlNkORLb",3,3,2,3,1,4,1,4,3,4,4,3,3,4,3,4,4,4,4,4,20,15,13,17
"R_1oWY7yvZJq798bv",3,2,3,2,3,4,1,2,3,1,1,3,2,4,3,1,2,3,2,3,11,7,12,18
"R_3EsnRLEJX6rMS3z",3,3,3,3,1,3,1,3,3,3,3,3,3,3,3,3,3,3,3,3,15,12,12,17
"R_3SoBnEqWgFpuucq",2,3,3,3,2,3,1,3,3,3,3,3,1,3,3,3,3,3,3,3,15,12,10,17
"R_5EGdextoNLmtP3P",4,2,3,4,3,4,2,4,3,4,4,2,3,4,4,3,4,4,4,4,19,15,13,22
"R_5dAS058eVSScQOB",3,3,3,3,1,3,1,3,3,3,3,3,3,3,3,3,3,3,3,3,15,12,12,17
"R_5lW8nxS3ED8IwtD",1,1,1,1,0,1,1,4,4,4,4,4,4,4,1,4,4,4,4,4,20,16,13,6
"R_6sTHiqGfAZWdwUk",3,3,4,3,2,3,2,4,3,3,3,2,2,3,3,3,3,3,3,3,15,13,10,20
"R_7J559ajJq0WRhKN",4,1,1,1,1,1,3,1,1,1,3,4,4,3,4,4,4,3,3,4,18,6,15,12
"R_5HnsvN5jscCb3zK",2,2,3,2,0,3,1,3,3,3,3,3,2,3,4,3,2,3,4,3,15,12,12,13
"R_5jMU3x404AXXbNL",1,2,2,2,2,3,2,3,2,3,3,1,1,1,1,3,3,3,3,3,15,11,4,14
"R_32RNpNqvxw5NK5s",3,3,3,3,1,3,1,3,3,3,3,3,3,3,3,3,3,3,3,3,15,12,12,17
"R_5rVffMsBwjBxttI",3,3,3,3,2,3,1,2,3,3,2,3,3,3,3,3,3,3,3,3,15,10,12,18
"R_6PHJ2KWPUjRpeb7",3,3,3,3,2,3,1,3,3,3,3,3,3,3,3,3,3,3,3,3,15,12,12,18
"R_1ByxdcDcAFYIHUm",3,3,4,4,1,4,0,3,3,4,3,4,3,3,4,4,3,3,4,3,17,13,14,19
"R_1Ya0cOGHwfG4HRq",2,2,3,2,0,3,1,3,3,3,3,3,2,3,4,3,2,3,4,3,15,12,12,13
"R_5ePlK0DXvkNIAOE",3,3,4,3,1,3,0,3,3,4,3,4,3,3,4,3,4,3,4,3,17,13,14,17
"R_3dZaJNggSvlZfe7",1,2,2,2,2,3,2,2,2,2,2,3,2,3,2,3,3,3,3,3,15,8,10,14
"R_3kiEnofq1ydilqd",3,3,1,1,1,3,3,2,2,1,3,4,3,3,2,2,2,1,4,1,10,8,12,15
"R_3otLznU9Mjv3EOw",1,1,3,1,3,3,3,2,1,1,1,1,1,3,1,3,3,3,3,1,13,5,6,15
"R_6njg3OGBEiP8BAl",2,4,3,2,0,3,1,4,2,2,3,4,3,2,3,3,4,4,2,3,16,11,12,15
"R_3HtSz56NnEbZgFH",3,3,3,3,3,4,2,2,2,3,2,2,2,3,2,3,4,4,4,3,18,9,9,21
"R_5sBoPbDVLGGucl4",3,3,3,4,2,3,3,3,3,3,3,2,3,3,2,4,4,4,3,3,18,12,10,21
"R_6A89ny4xCsitc6R",1,1,1,1,3,1,2,2,2,2,2,2,2,2,2,3,3,3,3,2,14,8,8,10
"R_6vZC2n3E8MH60yJ",1,1,1,2,0,1,3,1,1,1,1,1,1,1,1,2,1,3,3,1,10,4,4,9
"R_1tTi3nQnh16312F",2,3,2,2,2,3,2,2,1,2,2,4,2,4,3,3,3,4,3,3,16,7,13,16
"R_7lR9TGRHqZMbUzL",3,3,3,3,0,4,0,4,4,4,4,3,3,3,3,3,3,3,3,3,15,16,12,16
"R_5CPIDhHhcVO1ksY",2,3,2,2,2,3,1,3,3,3,3,3,3,3,3,3,3,3,3,3,15,12,12,15
"R_5dEmQAxc6pREwrk",3,2,3,3,2,3,2,2,2,2,2,3,2,3,3,3,3,3,3,3,15,8,11,18
"R_5riQTcKu04YrJ8Q",4,3,3,3,1,4,1,3,2,3,2,2,3,3,4,3,4,4,4,4,19,10,12,19
"R_62SeFKMsQtZrCAI",2,1,2,1,2,2,3,2,2,1,1,1,1,2,2,2,3,2,2,2,11,6,6,13
"R_1f4fdJ2VCj3UYzn",1,1,1,1,3,1,3,1,1,1,1,1,1,1,1,1,2,3,3,3,12,4,4,11
"R_3dQZwswfqhpZQGd",3,3,3,2,2,3,2,3,3,2,3,2,2,3,2,3,3,3,2,2,13,11,9,18
"R_5B2PbRLXHku3vb1",4,4,4,3,2,4,3,4,4,4,4,4,2,3,1,4,4,4,4,4,20,16,10,24
"R_1Poo6RkrQbYcd7V",4,3,4,3,0,3,0,3,4,3,4,3,4,3,4,3,4,3,4,3,17,14,14,17
"R_1jY5VJbZTLJJ4A1",2,2,3,2,0,3,1,3,3,3,3,3,2,3,4,3,2,3,4,3,15,12,12,13
"R_3U4rqMUIErVMXn1",3,3,3,3,1,3,1,3,3,3,3,3,3,3,3,3,3,3,3,3,15,12,12,17
"R_3ZE7RNkQ8B4x1Ix",4,4,4,4,0,4,3,4,4,4,4,4,4,4,4,4,4,4,4,4,20,16,16,23
"R_7QXbr2n5EJdFLrH",1,1,1,1,3,1,3,1,1,1,1,1,1,3,1,1,3,1,1,1,7,4,6,11
"R_39gFtnOa6brbk7s",1,1,2,1,1,3,1,3,2,2,2,3,2,3,2,3,3,3,3,3,15,9,10,10
"R_5RkXHvlLA9F4UE1",3,3,2,3,3,4,0,2,2,2,3,1,1,1,1,3,3,3,3,3,15,9,4,18
"R_6E5y9wklvMsvTvI",4,3,2,3,2,4,1,4,3,3,4,2,3,4,2,3,4,2,4,3,16,14,11,19
"R_5OOeuSwF3NoDGmJ",3,3,2,2,2,3,1,3,3,3,3,3,3,3,3,3,3,3,3,3,15,12,12,16
"R_6rGcfY3BsgI3pOZ",3,3,3,3,1,3,2,3,3,3,3,3,3,3,3,3,3,3,3,3,15,12,12,18
"R_7g60wvmZzpv6ev9",4,4,4,4,1,4,0,3,4,4,4,4,4,4,4,4,4,4,4,3,19,15,16,21
"R_1iiqgW8jryQPdfj",2,2,3,3,1,3,1,3,3,3,3,3,1,3,2,3,3,3,3,3,15,12,9,15
"R_6KpxWcTLOt4UajG",2,2,3,2,0,3,1,3,3,3,3,3,2,3,4,3,2,3,4,3,15,12,12,13
"R_7Eji2ZMJKXWSYfq",2,2,3,2,2,2,1,3,3,2,2,1,1,1,1,3,3,3,3,3,15,10,4,14
"R_1NvKKT5Pv3LrK93",4,4,4,3,0,4,0,4,3,4,4,3,4,3,4,4,4,4,3,4,19,15,14,19
"R_3rpFBgzWe95J0GH",3,2,3,3,2,3,0,2,1,1,1,3,1,2,2,3,3,3,3,2,14,5,8,16
"R_50YyzeQlUHj3UWM",3,4,4,4,2,4,0,4,3,3,3,2,3,3,3,3,4,3,3,3,16,13,11,21
"R_3iTmEmgEHHLZlEB",3,4,2,3,2,4,0,3,3,4,2,3,4,3,4,2,4,3,3,4,16,12,14,18
"R_6dgzoAjUW24zQ8o",1,1,1,1,3,1,0,4,4,4,4,3,3,3,3,2,4,4,4,4,18,16,12,8
"R_17ya2KUMdAB4Z5O",3,3,4,4,2,4,2,3,2,2,2,4,4,4,4,4,4,4,4,4,20,9,16,22
"R_63POuFAgIQIzehj",3,3,4,4,3,3,3,4,4,4,4,4,4,4,4,4,4,4,4,4,20,16,16,23
"R_7pPHt5MLl0UHRY0",4,4,3,2,0,2,0,3,4,3,4,2,3,3,4,4,3,3,4,3,17,14,12,15
"R_7yfcCCzqH4aTTTX",4,4,4,4,3,4,3,3,3,1,3,3,4,3,3,4,4,4,2,4,18,10,13,26
"R_1Pz1l6tqGYwdi4p",2,2,2,2,1,2,1,2,2,3,2,2,2,3,3,3,3,2,3,2,13,9,10,12
"R_3PTNchgrczSxV7t",2,3,2,2,1,2,1,3,2,2,3,2,2,3,2,3,3,3,3,2,14,10,9,13
"R_3f77OOIuCsmWwxS",3,3,2,4,3,4,3,1,1,1,1,1,1,1,3,1,1,1,1,1,5,4,6,22
"R_3qrqL0OiTuaSL9w",3,3,4,3,2,3,2,1,1,1,1,1,1,2,2,3,3,3,3,2,14,4,6,20
"R_7yfHXO3TTW5y0k3",4,4,4,4,0,4,0,4,4,4,4,4,4,4,4,4,4,4,4,4,20,16,16,20
"R_77I0m2ExmdUP138",4,4,3,4,1,4,0,4,3,3,3,4,4,3,3,2,3,3,3,3,14,13,14,20
"R_1D6xR48qcL2tTNK",3,3,2,1,0,2,2,2,2,3,3,3,4,2,3,1,2,2,1,1,7,10,12,13
"R_1DOzGq64U2tGnLF",3,2,2,2,2,3,2,2,2,2,3,2,1,2,3,4,2,3,3,4,16,9,8,16
"R_7kczJBoueHOm2M0",3,2,3,2,2,2,1,3,3,3,4,4,3,3,3,2,2,2,2,2,10,13,13,15
"R_5Zu1O96PzO2EGkN",3,3,4,4,2,4,2,3,3,2,3,3,4,4,3,4,3,3,4,3,17,11,14,22
"R_3P0cFiIHsojpsZ9",3,1,2,3,3,3,1,2,2,2,4,2,2,2,2,2,3,2,3,3,13,10,8,16
"R_56GdiL109c0yVsR",3,3,2,2,2,1,2,4,4,2,3,2,3,1,4,3,2,3,1,1,10,13,10,15
