"ResponseId","dospert_ethic","dospert_financial","dospert_hs","dospert_rec","dospert_inv","dospert_gam","dospert_soc"
"R_38XVirtBWEjoVTi",8,0,8,8,0,0,16
"R_67qEr703rxZJ9M8",4,2,7,13,1,1,9
"R_5e7vCy3nbA5HC9j",14,2,4,8,2,0,9
"R_6IydxRFiQ2G12Ol",0,3,6,5,3,0,9
"R_30I6tQ8sgkkVyLo",7,5,6,14,3,2,14
"R_6LLp1ZRkT0DD6o1",NA,23,20,21,12,11,23
"R_1G8GBeF6278PxJ8",2,4,14,0,3,1,11
"R_7cJjMQLtw3wmtMd",4,8,3,3,4,4,4
"R_5Q0AnuVkFwBDZ2h",5,5,12,10,1,4,9
"R_6sQGpmhlw3ksmnD",4,1,7,3,0,1,4
"R_3ic3WJgZ6aQnj8d",0,0,0,1,0,0,3
"R_7etRBZ2jsvktJRB",8,3,9,3,3,0,15
"R_6kNhEuyMUlwpF9b",6,5,13,14,4,1,8
"R_3qArdP8OJgeCuhb",0,1,0,0,0,1,4
"R_7EavZVcL3A3ZkGa",2,0,3,0,0,0,7
"R_3yf4dJ3L9J2uFp0",21,25,20,21,12,13,22
"R_51LUqCwheDpdPHj",3,0,6,6,0,0,6
"R_6hpbXJoC2PPC6KR",2,4,10,5,4,0,6
"R_6oAnB09QwpjNbya",9,5,10,10,2,3,10
"R_5rfrQri9pkYyncF",0,3,7,4,0,3,5
"R_6amXYdjgporasOg",8,8,10,8,4,4,10
"R_6hGzBQPOAyIbY6Q",5,3,3,2,3,0,8
"R_1BwztGYBq2PShpd",10,11,17,17,6,5,15
"R_3M5PrJrxz2KW1H8",4,6,5,10,4,2,5
"R_7uDsikm425tlZQb",4,1,9,9,1,0,7
"R_3kS0hUeA2lXUQeU",0,3,3,0,3,0,8
"R_1ffMPw9Rzu6wsur",15,1,10,14,1,0,11
"R_5Kp4Q0WtzeXR8HW",0,0,4,4,0,0,6
"R_6Y0Aokg8bCeYn0R",7,4,7,7,4,0,12
"R_6vdFh4IkYfL2I7L",5,2,4,8,2,0,11
"R_3qju1UW3VVD07L3",6,0,6,4,0,0,13
"R_32R1XDSNyTGYVAl",1,0,0,2,0,0,4
"R_17o9bGXX1rzmFRT",1,0,4,3,0,0,4
"R_3EhdoD79VmV1t9i",10,9,12,13,5,4,13
"R_6fksUNreH0F98ia",1,3,8,6,3,0,7
"R_1313um8ltp5qBYF",1,1,3,0,0,1,4
"R_6dMjcWj3GWD8EzO",10,0,6,11,0,0,12
"R_3h0zobr1r6pB7QZ",4,2,11,3,1,1,8
"R_35i5cyfDisIibzX",3,6,8,4,3,3,9
"R_3Eye5Xgk4iKLSaB",5,2,4,6,2,0,7
"R_5dMAqVdv1f99630",7,7,12,7,4,3,17
"R_1NRWwynls6gcJuV",7,1,7,6,1,0,10
"R_6JxCAWCw1IXgOjz",6,5,12,11,2,3,11
"R_7JGl8z4ucGPe4Bb",6,1,6,3,1,0,12
"R_6LNZZghzTUIlyFI",11,7,10,14,3,4,13
"R_5U6UiKL17Q36uhX",5,3,12,8,3,0,9
"R_39iXfSSZlU539uC",4,2,6,2,2,0,4
"R_3ISquNyz1s1qspR",10,4,10,9,2,2,12
"R_7g1MtgrksD2Vb4j",2,2,8,2,2,0,7
"R_32nTc41frgcVM61",4,5,7,9,2,3,6
"R_3q2xC423oLHuOLB",6,8,5,7,4,4,1
"R_78ICdKcMczkIj2l",2,3,9,0,3,0,6
"R_6K8zf1Le39U5UCv",2,2,2,3,2,0,5
"R_12KupiIBwBAiAlT",8,5,9,11,3,2,11
"R_7itB7zhRgpKX78t",7,3,7,9,3,0,13
"R_7aryV0zJJHMF7D1",2,2,7,7,2,0,12
"R_1axWcYgeIg0SLXn",0,4,8,0,4,0,8
"R_7NS6K0ckKzR33xL",6,8,13,13,4,4,8
"R_3ab2B3gcURS6JBa",3,5,3,4,3,2,8
"R_3e7h3H9CmPZFAm5",3,3,5,0,3,0,8
"R_36RZgx00aPw0jBL",4,4,11,5,2,2,14
"R_5I6mQYvdnxvmCHL",7,7,11,10,5,2,12
"R_138L3WxYejGK0Kt",8,1,8,9,1,0,11
"R_7YG545zyuAwH2pz",3,3,7,5,3,0,7
"R_5zSejDVfxYjUQrF",5,1,6,4,1,0,9
"R_50leIBHtgptrTbI",9,2,12,10,2,0,11
"R_5lACVPPM014Wmwd",16,15,19,18,9,6,22
"R_3GnrbByp0pONqKd",1,1,6,5,1,0,6
"R_64jC50kf2fwXiOA",9,3,6,5,3,0,13
"R_6wjeDONWdHCNJ0q",4,6,9,8,4,2,9
"R_3fk0NLdiIxzKrcD",2,0,1,0,0,0,5
"R_3NeikfJMuZEEHQJ",14,15,3,10,11,4,16
"R_5ClKVwFWaPfnpqH",6,2,9,5,2,0,3
"R_7471xG7AkXS7wBv",11,3,5,13,2,1,7
"R_7JJdmquPgws7SFI",3,3,5,4,0,3,6
"R_5Bqu98WSa3SSJW1",4,3,7,10,3,0,11
"R_531awRduDvVkAjg",3,0,1,8,0,0,8
"R_3I6PL2Bnd5m6YEX",4,0,0,11,0,0,3
"R_6SicG1vZUCP2r9B",2,4,12,5,4,0,8
"R_7QKtauf23FclmZj",8,4,9,11,3,1,10
"R_6TZYbwLG4nocXUB",8,8,9,17,4,4,12
"R_1g1vgz3QFgAhwQQ",3,3,5,4,3,0,9
"R_11Xp6WTjpIMr4S5",4,3,6,4,3,0,9
"R_1PaFNv9vDENJGNE",2,2,4,3,2,0,6
"R_6T1wQD1rmx6N3QR",4,1,6,9,1,0,11
"R_5qfOcAw70W5DkiD",10,4,12,10,3,1,16
"R_5uU0dvwVvNPHJte",1,2,9,8,1,1,10
"R_3sFBnxQPk46qH9D",8,5,4,9,3,2,12
"R_6CHWDVch8w52adB",6,3,5,9,3,0,11
"R_1xUhPp3zey4FFG9",3,2,7,4,2,0,9
"R_5rYdDWufu9FV5mQ",5,3,8,7,3,0,10
"R_7hDBH7TkCn3yCFe",10,5,10,19,4,1,14
"R_7qDzfEBhnDwkUJ8",8,10,19,13,8,2,13
"R_1eb1NSTKnLSHOX0",5,10,15,11,7,3,12
"R_3VDu1BK5ATfisr8",5,3,6,5,3,0,13
"R_5dEluXxdZDk3643",5,2,7,10,1,1,11
"R_5pJspTFI2ecHa13",1,4,10,10,4,0,11
"R_5jq8Mn5ZFB4D9Ch",6,0,3,6,0,0,6
"R_7TcDCk78NjtuyhH",10,5,11,3,4,1,10
"R_7y2UeJqv33Elk96",2,2,2,8,2,0,15
"R_7ukudufgKJgWcOR",3,6,9,9,4,2,8
"R_6EA7PGu3rtmZX6L",2,2,7,0,2,0,6
"R_1K8No2eE39sJWrD",9,5,5,6,3,2,10
"R_1DCD2E8uJt0KgNn",3,7,11,8,7,0,8
"R_7gT8lbNyAzSepeV",0,2,2,1,2,0,4
"R_1IbzQcUIZ4M9Lqh",7,6,9,9,5,1,14
"R_6Mm1oqYQmmdp9lp",16,11,15,17,9,2,22
"R_7smWVJpQ51w4vBv",2,0,5,3,0,0,8
"R_3Eh3FTlsiu0yIEj",11,6,14,12,3,3,13
"R_11Ql7h4eSbog1D9",4,8,8,5,8,0,7
"R_5O1djSg5wX2ZTeE",6,4,8,7,1,3,7
"R_3VD59h7RqZYqask",14,8,15,11,5,3,13
"R_6kcwU8P0KpikFoh",10,3,10,7,3,0,13
"R_3WVHRGB2jzC0S41",3,3,7,0,2,1,6
"R_5mPnRERrrGDSR6Y",1,4,7,0,3,1,7
"R_6NQdgYBqdshoh00",5,3,8,4,3,0,8
"R_6IUJwxm2U67iepH",5,7,12,7,3,4,11
"R_7AYo58CkpJRMdkl",9,6,11,8,5,1,14
"R_7nT3PFAEZrviE1d",5,5,9,5,3,2,7
"R_7pJpOnRfelnL3Zq",7,3,7,7,3,0,12
"R_1Cdbc0YPaonCUCZ",2,2,6,4,2,0,8
"R_6e8YopyHShDxzxE",9,5,8,8,4,1,11
"R_10xdJGGJABI6P2o",9,4,9,14,4,0,7
"R_710bC1IOA9cqUpH",0,0,0,4,0,0,4
"R_7qffoiWVZNLKuLx",2,0,0,2,0,0,4
"R_5ixPTr0uHqI2Sfu",2,0,9,8,0,0,8
"R_31db3e0KcsC3Hqp",15,5,15,20,3,2,21
"R_6OV5OalPygdHNAu",3,3,3,4,3,0,7
"R_3q2t6FfZEe7xoEZ",5,0,6,3,0,0,6
"R_5IxYYDGpPqOWuKu",2,0,9,4,0,0,10
"R_3QnqrkQsT6m8gGz",3,0,0,4,0,0,4
"R_5z1vGEvvn03lT3P",12,5,10,16,3,2,11
"R_6aDiWbvge35ZuzB",10,4,3,10,4,0,10
"R_6OH3ea0sEIXNmxJ",14,10,12,12,5,5,18
"R_5kazc22JWzZQONr",6,2,5,1,2,0,9
"R_3pS4UGNjUGhIFZT",1,2,4,4,2,0,6
"R_6Ceycu09l7fZXkR",3,0,5,3,0,0,7
"R_3qby870JiO6FspX",3,4,12,0,2,2,7
"R_5oYBS1C3GhrvWvN",3,0,6,0,0,0,9
"R_6f0NGQOyPoOxR0c",7,7,9,6,6,1,13
"R_6ULGxCjM2NBYE0x",8,4,8,12,4,0,6
"R_5GlYha5NaGXhs5W",13,9,6,14,9,0,21
"R_1QjwkebCB0V213j",3,3,8,3,3,0,8
"R_3NTWG9v4ZGTgOBH",4,3,10,6,3,0,9
"R_3GNzZGNnPumekPh",3,3,9,2,2,1,9
"R_5j6GBjhiORYOZA4",2,2,6,2,2,0,5
"R_6wS5TpPLUH8BNq9",5,2,10,13,2,0,9
"R_3zYN7dYYBAK9u0O",0,0,0,2,0,0,5
"R_5lyPBW3iNpEU5fW",1,4,5,7,2,2,8
"R_7asIJEEywE2iQFv",8,6,12,5,5,1,9
"R_7CZgMiBp1j6jcKl",0,0,2,0,0,0,6
"R_5OGZ4I0FqSj0zPX",5,2,0,1,2,0,11
"R_6oMjaAPnBnKkvpL",2,3,6,6,3,0,4
"R_7KiUtrBbZioGZ7X",11,3,8,13,3,0,9
"R_6huzMhFw2Poayvj",2,3,7,5,3,0,8
"R_7VPdEPFK8NVC5lR",4,1,2,0,1,0,4
"R_7j96P5KGC0KLL0s",10,14,10,16,6,8,17
"R_5EnIuaVKtrA7PJK",9,2,5,4,2,0,10
"R_7fa81plYMJGXUzf",2,4,4,1,4,0,4
"R_5MsZxvWgd71QNoJ",4,4,7,3,4,0,14
"R_3ruVXKXkCjALiuy",8,6,7,10,6,0,11
"R_3tEZf9k4YY8YABi",7,5,9,14,3,2,13
"R_323UDLYL1w6aEOr",7,1,9,1,1,0,7
"R_7QVTSE8Pzkp36lH",3,2,7,0,2,0,5
"R_7XtEGFXxOJgoM93",9,7,11,9,6,1,12
"R_1SwA1RGEhCLJZrF",0,0,6,0,0,0,5
"R_7ebuDuMKUIL9zyi",5,3,8,5,3,0,5
"R_5wWzfbWu0jq8Fc5",4,4,11,11,4,0,6
"R_50Ptqz8nPx7YHQD",3,3,9,6,3,0,12
"R_3uODD2pdNI8jXXP",10,4,10,14,4,0,12
"R_7uDQOrG28WLjm4m",10,7,9,12,5,2,12
"R_5R4LrQ8jXinBsMV",1,7,11,3,7,0,8
"R_5gFuI6Zdce2HOMq",25,23,21,24,12,11,19
"R_6NFhU0bXejXyu3v",2,1,11,3,1,0,5
"R_5dv8MJ9XT2tsOk6",16,22,19,15,11,11,17
"R_7MDxBq8mtH5I2a8",17,17,16,14,4,13,20
"R_1OXquApJXnrC9Hz",14,19,19,19,8,11,18
"R_59BGTvIulbj5Ok9",17,16,17,15,7,9,17
"R_3HSylAQObjq7nOk",13,4,13,17,1,3,13
"R_5ikEQ9CFFY4yKnv",0,3,9,5,3,0,8
"R_5cpAUcYiSFu8pFr",15,16,17,8,6,10,12
"R_5FncB44tYK8cz8R",24,16,24,28,8,8,32
"R_5IQCuxi5CkbT8HN",10,12,15,12,6,6,14
"R_1kFgIarWRGRiNHk",14,10,15,16,6,4,17
"R_1jNjo5BcokYvGAN",27,17,16,13,11,6,19
"R_7EmnTpRv4SVEkHD",4,0,6,2,0,0,6
"R_6lJ7CPijxHhmHlf",17,17,19,22,9,8,19
"R_6g7n6d7zHUwIoMX",18,15,17,14,8,7,14
"R_5RMLoJsyr6kr6gN",20,20,18,18,10,10,22
"R_3o8c5VkhDvyoBfB",6,0,7,7,0,0,9
"R_1Gg0qg71vPhfaav",14,9,17,14,6,3,14
"R_1YAfOl1rXVFwEkk",12,10,17,20,5,5,8
"R_5foOmJLH4T2YLv5",8,1,11,6,0,1,7
"R_1P6qnB3I6C4Vb09",11,11,11,11,7,4,13
"R_7q1PGnJWvIxzT7z",7,4,9,9,3,1,15
"R_6n1uwWMsLmppkuR",18,15,18,18,9,6,17
"R_7zusvCEnjB1vKhG",0,2,7,2,2,0,7
"R_3YntZIAtEPL2lPX",7,6,2,5,4,2,8
"R_66jPZqvTxJhlvLH",24,14,20,22,10,4,19
"R_516BC81lOL3M6Qh",14,10,14,13,7,3,14
"R_7gZSKxivcLjxOJr",14,15,17,12,7,8,13
"R_59zetEikIlYTIad",10,2,13,9,1,1,6
"R_6eqJTSW3zwu7ANE",13,9,11,12,5,4,11
"R_5hxswS2xy8GQ8qP",16,19,17,18,10,9,15
"R_6gSi5HhPt3oAxfR",20,14,15,17,7,7,14
"R_3cwq0wtPh8hsz81",18,17,11,15,9,8,18
"R_57aHAd10ZZNuNxf",9,6,9,8,5,1,14
"R_3fnMhk29KXeSNNv",28,24,24,24,13,11,26
"R_1Mp5i366LBfPz2h",24,29,25,27,15,14,22
"R_6VgwOqGHVJ9OhaG",16,13,20,13,7,6,22
"R_6sYM7BVH8NIIYyL",6,3,12,6,3,0,11
"R_68VdwXabFtrchAB",11,4,15,19,3,1,11
"R_5tr3EtXA4JtjBK4",16,13,14,15,8,5,15
"R_7cc70RHrlvPR3zA",17,17,23,17,7,10,21
"R_3hywElMMNFsJMYp",14,16,19,14,8,8,17
"R_5YcZ2KLBmTsu8z7",10,9,13,15,5,4,9
"R_3taQqJWDTVGH5FD",6,0,9,4,0,0,7
"R_5sF3tdUQgMMs3mh",16,17,15,17,6,11,19
"R_1VQqjr1jMDX4D0t",2,7,5,7,4,3,7
"R_3ASdQREkJCScnFU",13,14,13,12,6,8,11
"R_3ssZNEMQJjTRgrv",12,14,11,16,7,7,13
"R_1CI5WjcD32clL84",22,26,20,21,13,13,24
"R_7N8sYhBOoS80djp",20,20,15,18,11,9,18
"R_70eQ3TMoJEkaFpw",16,14,19,16,6,8,11
"R_1R7tP2droQgUfmO",3,0,8,3,0,0,6
"R_6V2YSWkZewg4Mbr",19,13,13,19,5,8,20
"R_3KjX0VUXmGoF42r",8,10,11,18,5,5,9
"R_6CVBhsrOfyzPwP8",6,0,9,2,0,0,11
"R_7HGkxVvQiH22rAZ",22,20,12,21,10,10,18
"R_5QuOL3HQafCkeba",16,10,13,15,4,6,14
"R_1RwxoXtULUMrphD",7,5,5,4,2,3,3
"R_6YVUnYdOJJIImnE",6,0,6,12,0,0,5
"R_1njHekJDMtWTrP3",6,2,7,18,2,0,12
"R_5gj9wbDcXgY6vUy",6,7,11,13,4,3,17
"R_65YeVxqNrqJAdSa",18,20,13,20,10,10,18
"R_70f3kJjYxEPcEfj",16,13,19,23,10,3,18
"R_6oI4XXTv6BYJ68W",22,16,22,22,5,11,20
"R_6MnFF7Nk4n9fxor",9,0,12,15,0,0,8
"R_5zIpozcCK0Em7Pj",22,20,22,21,10,10,20
"R_6yS4f4rZps2yj3X",18,16,13,13,8,8,17
"R_72JGymiY2HhXLge",6,4,8,8,3,1,10
"R_5LveHzx1fgprU5K",12,5,6,10,3,2,11
"R_7vNtg3jwCYkxeFP",10,5,11,12,0,5,15
"R_54ICgWblx5Ukwyt",14,14,14,17,8,6,19
"R_3OqJNGKsvNTZs9Y",12,8,14,18,3,5,13
"R_7ez7MriTXjejJC2",19,18,15,18,9,9,19
"R_12X5wmxWTc8qh3Z",13,21,18,17,11,10,18
"R_58I4Q6hfuzXQFOx",22,26,20,23,13,13,30
"R_1yrHLXxiXfBpYWJ",9,9,15,9,6,3,15
"R_7OPVx66hHwwPYOs",18,12,10,13,6,6,21
"R_1iQAYNfLAXjfLNv",6,4,6,12,3,1,15
"R_124RlVWteOn5i0l",28,28,28,27,15,13,29
"R_7XiCVkmVutzQs1O",22,16,18,17,9,7,18
"R_7LX5DFFzGHBZIBH",16,10,23,18,7,3,15
"R_7prIEyfgxpjQhvr",22,26,20,22,14,12,23
"R_10wUwpQmoXdvyO7",14,9,18,16,2,7,11
"R_6rkXrCLgJVt3dDj",22,26,22,23,14,12,26
"R_3BA91EDJt5yeJqO",10,6,8,17,6,0,11
"R_37HTjiEy7eyRlhw",13,14,15,16,9,5,14
"R_1FLkMO3vfrw1uMy",5,3,13,17,3,0,18
"R_5C8ynOQuZHN74qM",26,27,27,29,12,15,26
"R_1IwmMjhBLuoyiCB",5,6,11,12,2,4,6
"R_3eRg4N5LM6CcG2m",6,0,9,9,0,0,8
"R_3A0fWLi30ZPDSVj",24,25,26,27,12,13,27
"R_7oQPi2nKfOL50KB",5,2,6,3,2,0,9
"R_1jiCSCifVR3LAdW",3,1,5,9,1,0,14
"R_5FJlyc0MyLnL958",16,8,14,22,6,2,19
"R_7aIYFnFjpt0UAvv",13,9,8,12,6,3,12
"R_5h0gUw9g6wRMdEg",7,7,8,8,4,3,6
"R_6pBg2X782vUmMdX",0,0,0,4,0,0,2
"R_3gtgjYgYKrJi389",15,13,11,18,7,6,13
"R_1n8GzjSOT8GaTQd",28,25,29,27,12,13,30
"R_1OHG95IozQ4AcJr",14,18,15,18,8,10,16
"R_7usJiKjcEwzZD7h",3,0,3,6,0,0,9
"R_3KljfxutjygJ3AR",12,16,15,18,6,10,17
"R_1pHdMVd3hcQrGy5",6,4,6,9,3,1,10
"R_7QtEnEFa3wAx3zj",3,1,6,1,1,0,8
"R_6DHqxnMKvrVBXwt",6,2,2,6,2,0,14
"R_5ePuhcORGYi2UIb",5,2,5,13,2,0,13
"R_59aWMbuIYpL4Fe0",6,3,7,5,2,1,10
"R_1rxI0dJppoKlOQV",15,9,14,23,8,1,20
"R_1wzYgUpy8FENH76",2,2,11,14,2,0,15
"R_6Sg0CtULnaAoFH3",13,8,11,19,5,3,15
"R_3TIykVe1REHdYQ1",16,18,11,19,10,8,16
"R_7sMwTP3HEqmcbFT",6,7,11,16,3,4,8
"R_5PZqLMxUWGMxcIY",9,6,10,10,6,0,10
"R_5Rr4JPCkcwI0r8n",12,3,6,17,3,0,13
"R_7MlzTKkdXR9Aklr",25,25,23,26,12,13,26
"R_6cUpbnrwRnxakjh",10,8,11,7,4,4,7
"R_7YM6Rf2fdp8KueI",7,5,3,7,4,1,8
"R_7YwwfjcrIFBWcTL",16,11,12,11,6,5,13
"R_5eL8vtV1yB7vh1T",7,4,10,13,4,0,12
"R_5rjShz1zc8hZVYE",24,25,24,23,12,13,23
"R_1OkCwKXdfwK5aqB",9,4,7,11,3,1,14
"R_7mDwOBw7s0qaQtq",20,20,22,24,9,11,22
"R_6dcNHppBA1Mp9Fe",13,13,16,16,7,6,13
"R_3wKU79SyjdyBMnk",25,26,25,24,13,13,22
"R_3qjIhgK5y3nUjpC",2,2,6,15,2,0,6
"R_5MbZihlyeCN4Qh1",10,15,15,11,8,7,12
"R_1qCWv1qlEmbuDLo",9,7,12,14,4,3,12
"R_10UxMDsMVIhnoh9",11,7,10,14,6,1,17
"R_6JiaiHsBq0h426B",23,26,23,25,12,14,24
"R_6CmetbM7zLZMhQa",7,5,11,12,4,1,13
"R_3ob7v6i1y9xUXQB",8,4,12,14,4,0,13
"R_3wjg1sZe0EkZHul",9,2,9,14,2,0,14
"R_3dKEPjLL1Nq6CrH",5,5,16,16,3,2,11
"R_18sf7b999Pv0w7f",20,12,18,19,8,4,22
"R_1YaLMRsxkrfQT9n",5,2,6,11,2,0,11
"R_5aFwsuByz1zLHFV",15,4,11,9,4,0,13
"R_7DO9gDBqtctC2Cb",12,12,13,20,11,1,18
"R_114g6pjuBx5AvQq",8,1,3,1,1,0,8
"R_7CNj430G9Gf6zkM",27,24,24,27,13,11,25
"R_3mUl4hnWkQsOtFp",5,11,6,8,9,2,11
"R_3GIAMSJFo6rQT77",1,2,8,4,2,0,6
"R_7EgsnmiFd7mfDip",1,2,3,3,2,0,3
"R_7He94ppuZrxRUXv",3,4,7,17,4,0,16
"R_58aQ9Lqu9T1jSbT",0,0,3,2,0,0,6
"R_3CDuwlSLevvpvPd",3,2,6,7,2,0,13
"R_10SgocvjcYGUOop",16,16,16,17,9,7,17
"R_5LgUimIlyauBn44",10,11,14,15,7,4,16
"R_7n1rRn9eyOS2Apu",11,14,14,17,8,6,18
"R_3B9SEnr9gmScdZT",20,16,17,16,9,7,16
"R_6CIw46Y5DEhieYD",3,2,5,7,2,0,10
"R_7CHYpI8EkaHQGQI",16,11,15,16,7,4,17
"R_7yoeMH4cTH4yK9r",24,16,13,15,7,9,15
"R_7zDtMIE46cG6gN3",12,11,17,14,5,6,10
"R_5R1HoLDPMo5Qjq8",15,17,20,17,10,7,16
"R_1PHMnWDyU33tkcA",11,13,10,18,7,6,14
"R_7i5kRVat6jVWK6Q",17,14,18,14,7,7,17
"R_1Mm4TUF8lN3RH4h",17,13,15,20,5,8,12
"R_7lcb8GLvIYqVLE0",8,4,0,0,0,4,8
"R_6t9W9dvlvurObRd",3,0,0,6,0,0,2
"R_6a8s74zwjnvRHjz",10,8,11,16,2,6,18
"R_7F4Kd95yZmIuur2",20,11,13,13,7,4,12
"R_7PBbR4M62NpzphA",6,6,11,10,3,3,9
"R_5PDwTdxYhCMiqKl",17,22,22,21,13,9,25
"R_5TKRnfxPPN6kAyR",18,17,18,18,8,9,18
"R_7jW0xD08RZNhLMd",22,21,26,21,6,15,20
"R_5f3Ove9840ufj43",20,19,16,21,8,11,20
"R_1Yycgl6YkfeDV5f",18,16,18,19,8,8,19
"R_1w0LAI68jz3tHhs",22,23,23,25,11,12,18
"R_7HjeA5NVqNHEn4b",26,26,26,27,12,14,29
"R_1JdYMIXBbFnRhMK",17,13,15,14,8,5,16
"R_17TE3uIaNjj5GAS",5,1,11,8,1,0,13
"R_6Y4aGORvjvLXwT2",10,4,9,11,4,0,12
"R_1g0x63j7ZqA3O2L",22,22,13,21,11,11,24
"R_8tPLj3W5d5J65bj",18,18,13,24,10,8,18
"R_5W9wUvrYg4qIh2h",15,13,16,6,9,4,13
"R_5kHdA2EKg3b4n82",24,23,20,27,12,11,26
"R_6fvkdtpITkdmssM",14,10,1,16,8,2,12
"R_1qQxyYO1npUF98B",4,1,9,6,1,0,6
"R_1nblzQ53UCyyChb",22,15,15,20,12,3,20
"R_5pSBX41VIENVGlb",17,16,17,17,8,8,16
"R_3FHZz1SlTev7QDn",19,14,11,20,8,6,17
"R_7PUHaeEXlSIozB4",18,20,11,12,11,9,10
"R_1OrmfvViIIXPDdr",16,8,13,18,5,3,16
"R_5WJzyXm1bPb1Mqr",15,17,19,18,8,9,17
"R_1mL80iqJBhDtnVr",14,12,11,15,8,4,13
"R_1VcbQ3znfpYryoN",19,20,26,20,11,9,26
"R_73BSGFP020mNMRZ",26,26,21,29,14,12,27
"R_7znMte9Fn0Kw6yq",27,25,28,26,14,11,24
"R_5c6nqaZjkF2vfuj",13,14,4,12,7,7,10
"R_74HSw0iTvD62TuS",22,16,15,17,9,7,18
"R_3H0oNQ7oDr9XRRH",22,24,23,26,12,12,28
"R_6102HTDOsz0J6SJ",15,9,12,11,5,4,9
"R_5vcqYL0BizsO7Qd",14,12,17,20,8,4,22
"R_7dogZ0Oz7azj1Xw",0,0,2,4,0,0,8
"R_3f2DHwfgRS0sAJG",23,16,25,24,12,4,23
"R_71TYMAVazqHNOcV",19,17,12,17,11,6,16
"R_5EHpaPbouwc4Aui",19,16,13,18,7,9,21
"R_169hOny4gr1kra1",15,5,14,12,5,0,11
"R_7DBxEAwbQm3IGaZ",11,15,13,17,8,7,13
"R_72VqWQ64cS9s1eS",3,2,11,3,2,0,9
"R_5qKBbFgLjUv6MvY",16,15,12,13,7,8,15
"R_7S8Yw1ljOZQdAUV",9,6,9,7,4,2,8
"R_1ygyr8RAzKWxizU",9,3,11,11,3,0,13
"R_1zx0Ht0LHoseGoD",13,2,3,18,2,0,15
"R_1EWOAaGRUzstYXe",22,18,19,19,8,10,17
"R_3aCtBWhSdvXdKIv",0,0,2,2,0,0,3
"R_7qaqCc0Dq7AD704",15,11,15,16,5,6,14
"R_5zJj0DBWnq8VaiF",3,3,6,0,3,0,9
"R_7KBKtmqWpZeeFIC",1,3,5,6,3,0,10
"R_7sd776tgHyHsY4x",6,0,9,2,0,0,12
"R_7jd2sk5m4kwCFkh",25,31,22,25,15,16,31
"R_1uw8Em9r995XY3H",13,8,14,15,6,2,10
"R_6PdMi1TwYvawJlW",19,18,11,19,11,7,15
"R_7h6E7YF3YFBnKpD",25,24,25,25,11,13,25
"R_7qHB1hl0ryivssd",28,25,26,28,12,13,25
"R_16aV2o4LR1hMeDb",20,18,17,20,11,7,16
"R_67PcRAXtMP0JUaQ",18,19,18,21,8,11,14
"R_3gCQAlE9kRFCBjz",19,19,19,21,10,9,21
"R_6qwfdFvKxe98zeJ",18,21,18,23,12,9,18
"R_70uDhyahvtsqduM",13,13,14,16,7,6,13
"R_7K2UaEf13kPFlf5",11,12,12,11,5,7,13
"R_1m2a7udOCDun13J",18,10,11,20,9,1,21
"R_15F4qBHBI8cfkAB",9,2,4,4,1,1,4
"R_5qgj4blxxqm1H3i",18,21,11,15,10,11,13
"R_3dHciQA5t6DOvw3",23,26,23,28,13,13,22
"R_3dMlw1oFPhqtbXI",15,20,16,15,9,11,14
"R_3LbDPvF5pZ04z9T",6,3,6,5,2,1,8
"R_7PABCIXVVl8tfzz",6,2,4,9,1,1,8
"R_38NVKpny3dgtqyC",3,4,7,5,4,0,9
"R_5EiKfJljrEZ15zh",NA,5,6,8,4,1,12
"R_7alPva89UP0o5eG",17,20,17,17,11,9,20
"R_1Pd4ZMroipqVHCj",12,5,8,9,3,2,11
"R_3HRRLg2KU5uPl6x",6,4,4,8,4,0,8
"R_7dGOQ0yPHMubSSB",8,9,10,9,7,2,6
"R_5JgfZUL3aaCOYpO",12,4,6,11,4,0,10
"R_6dGknuFTemF90Vf",12,6,13,11,6,0,14
"R_6finOPOpHNPbG1j",0,1,0,0,0,1,4
"R_1EAsCCQKlzUirN1",7,6,9,11,6,0,16
"R_6zTpgls81lmbP0t",28,25,24,27,13,12,25
"R_11tlkNzOkYrwCUS",0,3,5,6,3,0,8
"R_6dFXBS5Si207siG",15,13,15,18,5,8,16
"R_5medLhJHatzlNMh",23,19,22,21,11,8,20
"R_6F06Glbz5OzTcL7",27,22,21,21,13,9,25
"R_7IrPij1BKJtdzbR",18,14,18,18,7,7,23
"R_72Siro7VW7tRzkZ",4,3,7,7,2,1,11
"R_5kcvOr4fMU1ce8t",4,2,5,10,2,0,12
"R_3ff3HkhHB3XV5Ie",15,10,13,14,7,3,16
"R_1yX02JbLMN46ckp",11,11,14,11,7,4,15
"R_5zaS6WQFyO5qPmN",8,6,3,7,4,2,2
"R_6ldSvtUjE6pIjKN",18,16,18,17,9,7,16
"R_7rOG1T8grQYPs8h",18,14,15,21,6,8,21
"R_1AQLRnuKuEWNIkI",18,21,21,22,9,12,16
"R_1I6RIVENtMLqQUB",2,0,6,10,0,0,7
"R_3MXNNpQV2QTJ9Cy",6,3,6,9,3,0,15
"R_5PAwH071nrHgdJX",7,3,8,6,3,0,14
"R_1w4z1tu6mG3geuB",26,27,28,24,12,15,21
"R_5xzz9CXJ4AvzLcl",17,17,17,19,9,8,19
"R_6stlrHG7rffrDXP",6,3,14,15,3,0,13
"R_7iufYs99mW3yj5L",4,2,8,5,2,0,7
"R_5bWpWG1wlKatK7T",16,10,13,11,5,5,11
"R_5lCJPrnlL8uEYfv",24,27,24,28,13,14,22
"R_6GhiklJsQhaWgnf",11,7,11,16,6,1,13
"R_3r0y6BLStOncJIB",1,0,3,7,0,0,6
"R_60GddwPLZm2WSpL",12,4,4,8,4,0,12
"R_60P7JYiwnN3GzGk",2,4,4,2,4,0,3
"R_6LopW5umgokWXAU",7,0,6,3,0,0,15
"R_1pF8QYJFGD4hoCB",3,1,6,4,1,0,9
"R_3CTlFsCWnVhuvNW",16,17,18,16,6,11,21
"R_5H208Tm2byZ91Wb",10,5,6,7,5,0,11
"R_1F37Kmyp23VsB59",2,2,3,13,2,0,14
"R_5Ibmzt5tVhFDd6o",19,15,16,27,6,9,9
"R_5tE0mtDRo0YJ5aV",18,17,19,25,10,7,20
"R_6jiVTlT1R6EqKVe",6,9,9,9,4,5,14
"R_7oMd6imwlJFjCrL",17,15,19,15,9,6,15
"R_1rIk7td49Pow0et",18,22,21,22,10,12,25
"R_2oEC4HxII5jKLLL",16,12,9,18,9,3,16
"R_5ylvzzWFHrbDGxN",26,26,20,19,14,12,23
"R_1RxHm4OOuJlfpa9",11,4,6,2,4,0,12
"R_3McBmfq2KRDKQEC",4,2,7,12,2,0,13
"R_3ohy07eHUUeYKp2",9,14,16,13,7,7,14
"R_1qI5L2BLlPaAblK",18,23,17,20,10,13,20
"R_5PcoGWjFsRj1joE",7,3,8,1,3,0,15
"R_5WDB38s1vy5QYXV",2,1,3,3,1,0,1
"R_5e4NnaSSq4hFvKT",16,11,17,18,8,3,18
"R_7prJE4PhW8CpLxY",17,9,12,10,6,3,7
"R_11dqQxHnak3INK0",18,19,14,22,13,6,19
"R_1sayNeYv020u5P2",25,25,24,17,13,12,23
"R_1gqAMEtVincD3Mx",10,4,12,10,3,1,13
"R_7I75ACYSV00s1xA",20,13,16,18,7,6,14
"R_7fkm7IRFmJBvH8Z",12,15,11,13,8,7,13
"R_1gTpXjQHhju4ku4",13,10,17,17,5,5,20
"R_5DSfVLR66aTVyJX",19,18,15,14,10,8,15
"R_5Hq3m8mu135Eamq",8,8,18,14,3,5,10
"R_5igRmYVFik4Dfbz",5,8,11,12,5,3,12
"R_7kcQizqGgcWrDgJ",4,2,6,8,2,0,8
"R_1SigqWleAcLOX18",2,5,4,9,4,1,8
"R_1GuohUMMUEnFvRn",23,24,24,23,12,12,25
"R_1J6ANvk8Fq9aVe9",0,0,1,0,0,0,3
"R_53xVrBm2sxauD33",15,11,13,15,6,5,16
"R_56kHJEAy42p6fep",3,4,9,8,3,1,7
"R_13jeAW48Huud0cN",21,18,15,11,11,7,13
"R_3431dwm2WlFhKox",6,2,8,6,2,0,8
"R_5tllqoBWhJMjVLn",4,4,6,9,3,1,8
"R_7v3ctLFVjoKz0pK",9,1,8,12,1,0,12
"R_5RkoVc51g5LX74M",6,0,2,13,0,0,4
"R_1P0hCbjU556NeVt",27,30,22,28,14,16,26
"R_5kUFi3285msYNmp",10,3,7,11,3,0,10
"R_5Mt2Ssx1UR9Bu7v",15,10,13,17,5,5,16
"R_6Keox7S6SKhqp0J",2,4,11,11,4,0,9
"R_9qTXNQzcUzej4rJ",27,25,29,26,11,14,26
"R_7Do44e0FzIKW61m",16,16,16,14,8,8,14
"R_3pi2cf2s5Wk8Hbf",27,22,22,24,13,9,21
"R_5nUzOX9ZDKkR2kP",6,1,7,2,1,0,6
"R_61G9f4NTJ1OFOUp",14,3,9,13,3,0,15
"R_6OYI8Wx0Yh8Oy5x",1,2,4,6,2,0,4
"R_7lgJ0wSMeyqbLkM",7,3,5,0,3,0,11
"R_7maUNcUixGsUwVM",22,26,20,22,12,14,26
"R_5CIp3b0EeTBsPeB",14,18,18,15,11,7,17
"R_77HP1j2rwKQe7N7",3,2,5,3,2,0,6
"R_35sflNi1UfK3GgX",20,12,12,16,8,4,16
"R_5rHPimg2ELg0XUZ",13,9,11,13,8,1,11
"R_5l49BYgerK37t0B",17,17,16,16,6,11,15
"R_6VPwmew9n51jfhv",0,4,3,6,2,2,3
"R_6qfD38WBGs83PA1",24,16,16,21,9,7,21
"R_6sojCaqFbEVE0kF",6,8,9,5,4,4,15
"R_796XHMtpGldWMfD",19,18,15,18,12,6,19
"R_6gBkRCJzWl9nLyZ",14,7,9,6,4,3,20
"R_7CkUojfXdv83rVS",3,6,6,11,4,2,11
"R_6bUJOXQEMmerkGJ",24,16,20,26,6,10,21
"R_1MNjVMHuxVNF9vh",8,4,13,11,4,0,13
"R_3QWy7IDjLL7BsyZ",17,14,18,17,7,7,15
"R_6dzqZPZNGyFQSZ6",18,16,14,19,7,9,18
"R_1Ivoupgo6cPb4Vz",13,3,7,8,3,0,14
"R_5jNiaP9MZBLp8We",3,5,9,5,4,1,8
"R_65HCxOsrOiKfAHO",4,4,7,0,4,0,8
"R_1Pc8wxv0ZlELcsM",0,0,3,1,0,0,5
"R_3M0yEAfxtGvjxgg",13,15,17,13,7,8,9
"R_5ml43dIlAw8oIUL",0,0,0,3,0,0,5
"R_7HCDGhzCVyMcWRf",2,2,5,4,2,0,7
"R_74Jnn31p8bZJ0oV",18,17,15,11,9,8,16
"R_14cqqmC18GfGrlL",1,2,4,6,2,0,8
"R_75ucgeXStJa1V61",5,4,12,17,4,0,10
"R_7fpuylnspmTVhDZ",1,1,0,3,1,0,6
"R_7oHoBfFvzG02dPx",3,2,5,0,2,0,5
"R_3aLKr40ggIcY3Sh",1,0,3,0,0,0,5
"R_1GjIwQ4QXOAiYC9",14,4,12,11,3,1,12
"R_6afwr302sZ5FdwG",22,13,17,14,8,5,18
"R_3JRHjFHo4dug7vP",7,7,9,10,5,2,7
"R_17Ch8wcmALBzGsh",23,8,13,14,6,2,17
"R_5roJofK0pjcS6D4",3,2,4,6,2,0,7
"R_7uQFgrlb8gUiu4G",5,2,7,7,2,0,9
"R_1wGi9qq07Whb26k",4,2,4,8,2,0,7
"R_7TTrPo04jfcdqT8",10,9,12,11,5,4,7
"R_1ansoMEzya1SoHV",7,7,7,7,6,1,14
"R_3S93nGR1rveZsqE",16,10,11,13,7,3,13
"R_7CwGoJGPPGQCqYi",5,4,8,5,2,2,6
"R_3zqKeoTgNEjbqaT",4,4,9,11,2,2,10
"R_6YnfscV6JUhC2IO",12,11,10,18,7,4,12
"R_57SyBCB2WuXpQl3",5,5,4,4,2,3,3
"R_6fl1Cje1nzzEqTt",2,0,3,0,0,0,7
"R_1Z5B8gSr6ms3TIB",6,3,11,8,3,0,13
"R_1to7h2sr7mOYwdH",22,22,21,19,11,11,22
"R_3oJRpsDvPPeXwxH",21,17,20,28,11,6,18
"R_5DvTy7gRvsnJFlf",11,13,11,13,7,6,13
"R_6AGMvKD6asAi17f",5,3,10,2,3,0,8
"R_7rJ4KRWsQQehYLi",3,3,7,3,3,0,9
"R_5K3GpWFOAgsRDmY",10,7,7,7,4,3,5
"R_18IEZEGCBmQ2QGZ",22,15,13,18,7,8,20
"R_741SXbyfRKi7Gdz",15,20,15,16,12,8,14
"R_7jAa7muxvbj6VfH",6,6,8,5,6,0,14
"R_6QsetWuOWgO7sxQ",7,5,9,7,5,0,14
"R_7ZbXnsQUZeEczCN",2,1,0,0,1,0,5
"R_58JkO0vNl64sBQ5",14,8,10,15,4,4,16
"R_6fNxEPNSxfWVXCV",1,0,5,2,0,0,5
"R_7LFp9JfEfzRZN9T",13,13,14,17,8,5,14
"R_5imU0pR4LvN98ob",23,16,12,20,8,8,22
"R_5rdhhnq2msr4Z76",4,0,3,1,0,0,6
"R_7OVm8AfdCMyQ9MN",22,19,19,19,9,10,23
"R_5tEHudzMUduPpvp",23,22,23,21,10,12,22
"R_7VgR6sHl7EZK123",7,7,7,5,4,3,7
"R_7g11nzA2jjUGmbK",29,27,24,29,12,15,27
"R_3wbm19TpYalz4t3",14,15,13,14,7,8,13
"R_6I6Xnq6FynHSF3j",19,7,4,17,2,5,13
"R_7K0UXUthxYhSA0A",10,9,13,15,1,8,9
"R_3pzfaf2zS5IXoRN",25,25,24,28,12,13,27
"R_1KnyBcZsWHfSfNn",4,3,10,6,3,0,12
"R_7NTV4FIYDIiLroV",12,5,14,14,3,2,12
"R_35TRQRUFWQLKFOx",0,0,0,4,0,0,8
"R_5pPh0hxn4w8gztS",17,18,18,20,10,8,18
"R_5rYrCxZ79sliXyb",9,5,8,2,3,2,12
"R_3P0LE32B3q7IXZe",7,3,8,2,3,0,11
"R_5qP9pcvJiErJg66",8,2,6,7,2,0,8
"R_1my0gusJNwVN47S",10,5,11,13,2,3,7
"R_3WUzt3NkpV5zakt",18,13,11,14,5,8,13
"R_7RWkqOusSPiqPeM",9,2,9,7,2,0,13
"R_5uwW1GNPHEPZEjP",18,18,18,20,6,12,16
"R_5WCihAOgcUedcZk",20,20,15,19,8,12,23
"R_3MR2wOcKDEOtwyF",31,28,30,28,15,13,31
"R_3m1UZFQc7rb44l9",24,24,22,24,11,13,26
"R_65EAY7lqI7ivK4L",12,15,19,18,6,9,16
"R_3gRbotitIRcBM7b",2,0,4,0,0,0,9
"R_6ePcGCUHHITSAEc",5,5,11,11,5,0,11
"R_11szzmPs5mGRu6J",4,1,8,11,1,0,6
"R_5gj5yKRvpTzaVNx",1,3,8,0,3,0,4
"R_75tnqr6vGdsHloP",8,3,8,4,3,0,15
"R_5RyHeKsHGHX3r7X",8,4,6,6,4,0,9
"R_3uxMDIM68Ryg7Zb",4,2,6,1,2,0,8
"R_7IQPqmlATzALGUO",12,7,12,11,5,2,7
"R_3xDlq2S6uPw5w8P",3,4,7,14,4,0,15
"R_3dYGhjebxDJwtJ4",8,4,5,13,3,1,15
"R_170LRwVEPhBnadb",2,2,12,3,2,0,6
"R_5DpW3cwN0vrKupI",8,7,12,12,7,0,17
"R_1YJ4PhVqGeXyzaV",0,2,5,3,1,1,7
"R_5wLKofpoMG6ifbr",8,4,9,3,4,0,12
"R_1i1OwAEpRdxdVN7",8,3,10,8,3,0,9
"R_3M9xhlRWE2z06ER",5,1,6,10,1,0,7
"R_5LtmRRCFrFNzPxb",6,9,8,6,6,3,7
"R_5lt6t4j8YY71s3C",5,5,14,12,3,2,17
"R_3flcaFWiEzGlW0z",8,1,11,12,1,0,10
"R_5R4wMYSZx064Fxq",10,4,8,9,4,0,10
"R_5JfL2nIAUug4iPa",8,2,5,11,2,0,10
"R_6oM8rMgHrXTOZ0o",30,29,27,29,15,14,28
"R_5pKjJBb1i8PpMbj",12,0,8,6,0,0,15
"R_3COVtMZnAkIXYQx",13,16,16,11,11,5,19
"R_3RTiyVGeYz0aYlX",28,30,26,29,14,16,29
"R_9Ko6VUlnS5brTqN",1,2,6,5,1,1,10
"R_13f26CHXBygN3UE",6,1,5,7,1,0,5
"R_6HOG4TBXusNkrXT",4,3,9,11,3,0,6
"R_7isTWLL25asnz86",6,3,13,9,3,0,6
"R_3nNsH4otQiGWhBf",14,8,17,15,5,3,15
"R_7CE0guvfyrrt836",3,3,8,11,3,0,2
"R_7fZQD4Jf65YZHCU",3,6,10,12,5,1,11
"R_7Hzwt9UmKWEwFQH",14,8,16,9,5,3,17
"R_1coUgYVdOvnwtTb",3,2,5,5,2,0,4
"R_1nwsNfArFfIHHtB",12,6,8,13,4,2,12
"R_6veV1V1XDql3BJi",2,1,3,5,1,0,11
"R_3PRnL9GkacgrAn6",20,19,20,19,11,8,23
"R_6m37LAKqjV0TJuC",3,10,15,4,7,3,10
"R_1WJ8M91QaGqkKrx",11,10,11,8,7,3,8
"R_7QEZnQTtIJiVFow",8,4,7,16,4,0,11
"R_3E1lAhesUhGJxEd",19,13,15,14,6,7,14
"R_3CNS4ExL4KVFzTw",5,3,8,6,2,1,8
"R_5q8XXif9YDAgoQV",11,6,9,15,4,2,15
"R_1pVBtsd9NtU9y8d",4,1,9,11,1,0,9
"R_5Tdv92OtUPduJbP",20,16,18,19,7,9,8
"R_1ZpdzuFb6nfizmN",0,3,0,4,0,3,6
"R_6jTBkys7hizQQIH",18,20,18,14,8,12,22
"R_7jUlInnnlaVlm8J",20,16,13,22,7,9,24
"R_5SwchB5xw2PBOO3",7,4,9,9,2,2,12
"R_62gNZjHo4EQTbBy",3,0,0,6,0,0,4
"R_6t3Tr4mwzMdFcAg",21,21,22,20,12,9,18
"R_5r2HFQsXV0AewHn",4,3,6,9,2,1,7
"R_1diUIDmLMvzF6aY",2,2,9,10,2,0,7
"R_1IsWVQc0OZa6DNr",7,7,6,10,3,4,12
"R_6zCi0ZMwXNY1dGs",13,9,2,6,8,1,11
"R_7ey8UkBc9W3Pnj3",7,8,10,17,5,3,13
"R_1Hno6wtMOtcC0cW",4,0,1,6,0,0,5
"R_6f6SFVdsQoo2mz6",20,22,22,20,11,11,17
"R_3mk6xQHooB8Huby",5,6,10,6,3,3,3
"R_5j8p5Vo90h0FG1x",9,0,7,5,0,0,9
"R_5GVVqzHEujWmsNP",16,23,17,27,14,9,19
"R_1e8rHsVDW9fQOzo",6,2,7,14,2,0,9
"R_3XnsJpTLws66Xar",22,23,21,22,12,11,23
"R_6ESDeeWeeX7ZQeG",10,9,8,10,7,2,16
"R_1DP9eJZCP1OBbNh",27,26,28,27,12,14,27
"R_12eqqTBycuY6KFr",10,3,4,8,0,3,7
"R_3PcpXLqgY3JN4Ac",4,2,7,6,0,2,8
"R_7DYWGg0sn2qvHTX",17,8,16,11,8,0,12
"R_5SLTqvccMdG5oul",28,29,28,27,14,15,28
"R_7Lhj4WItM9kTshk",17,16,16,16,7,9,16
"R_7vpFRXW8ufjTUiZ",12,10,9,12,7,3,15
"R_52lhe45eUySh6NK",24,23,24,27,9,14,21
"R_1VaolO01zRBuxUY",3,5,5,7,5,0,3
"R_5Ky0tWaYFSLDAT5",15,16,16,24,10,6,19
"R_1FRqnmZCAG3xmWl",9,11,16,16,8,3,9
"R_75TpK6lYpXxnUGl",9,10,7,8,6,4,10
"R_65uuOBQuhlHu4cy",23,24,26,25,11,13,22
"R_7DrS6Fm6TrOqra9",12,6,11,21,4,2,14
"R_5PzNB33lG690A60",23,27,23,18,12,15,14
"R_54DicyqwBIaTQvR",5,3,5,8,3,0,7
"R_5JrblWrGRpNsRAW",24,24,25,21,11,13,23
"R_3GNvpqbl7vKY4HQ",8,0,12,12,0,0,12
"R_38U7lY4dRg210M2",2,2,13,18,2,0,13
"R_1kyjyFMadgqbC1P",7,3,6,3,3,0,10
"R_7kby0wT3hZX3eTL",6,3,15,6,3,0,13
"R_6LGrAKPdslOIyjH",27,25,22,27,11,14,25
"R_7kG3WFkHGrSbhqN",13,10,10,12,9,1,11
"R_6g6nUxrNBYlWHG3",23,22,20,23,11,11,21
"R_7gT4ovKVXu6wfSg",15,22,22,12,11,11,10
"R_6WOu2X3EXLmpG5j",25,24,22,18,12,12,22
"R_5D7AvHDLoubPD6d",2,3,9,10,3,0,6
"R_5sp1OTcYxdTBOPc",24,20,26,23,11,9,22
"R_5feArODia9KIdNJ",9,2,5,12,2,0,18
"R_6813LD5V2VBexyh",15,18,16,25,7,11,16
"R_5wtMvFOrwYs2lmV",27,26,25,28,11,15,30
"R_6COZ2QDg7ahTBro",10,8,12,14,4,4,16
"R_30dmf15IH492c6J",15,18,16,25,7,11,16
"R_7uplO4CroJuK1Bf",18,23,23,21,12,11,22
"R_5E112Kdc9B5eeIq",15,13,16,24,9,4,23
"R_6EiyxtDCB1wuyL5",4,2,3,1,2,0,7
"R_61nMHvKmmWwFlCh",6,1,5,6,1,0,10
"R_1oAQTesiRxTvn55",23,23,25,24,12,11,24
"R_35NGvxIeJE1eqfZ",15,5,21,14,5,0,15
"R_70hO1uBKtZ5Y1Ls",9,7,14,18,5,2,9
"R_72D8qSiOPXzVZ9R",15,18,17,16,7,11,14
"R_3ESboLdcNKqTQOS",14,20,13,16,11,9,13
"R_10OsPGhyDwBI9kE",11,12,20,21,8,4,9
"R_3Jg52uGh6mYxzJ7",8,9,13,9,5,4,12
"R_61hFbc6r2FVxfhi",13,10,11,13,7,3,15
"R_5azrZRXFW70Zl2M",24,26,19,22,13,13,22
"R_1X5v6e6MRhn3CTo",9,15,12,12,7,8,12
"R_1E9EKMVWG0b4myE",21,14,13,13,7,7,15
"R_7wvRFUArj8pMGpO",4,6,10,13,2,4,10
"R_161xBTa6RbcVN3X",4,2,0,2,0,2,5
"R_6Pjuw2O3aqRXaCU",15,18,23,24,8,10,23
"R_7meCo1Ke7pyhp5Q",23,17,21,24,8,9,19
"R_6TTP7rYj6gNjHKW",25,26,27,24,12,14,25
"R_5aCB9Qv1zahCbqV",28,26,28,27,12,14,24
"R_1170WjJHEpEXtWj",24,29,27,23,14,15,22
"R_1eappizCnpLxqEs",26,23,23,25,11,12,28
"R_1FCDb16uLfJe61S",26,28,28,22,14,14,26
"R_6zwNlroSnUwo2Y1",6,2,5,9,0,2,8
"R_6JFIsFakh0FzHSp",13,12,14,21,8,4,19
"R_51hi0ZPPmGnC4kd",26,20,21,16,9,11,19
"R_3aLaYt5sSDkTZu9",26,20,21,16,9,11,19
"R_1M4t1aCyvI7hvNf",8,10,10,9,7,3,11
"R_6FQwI5rrWRakAm4",6,2,3,4,1,1,9
"R_3Qo3HmUgryPo4vx",22,16,16,21,9,7,18
"R_7oWbHJRx9eVh3mF",3,0,2,5,0,0,5
"R_3hsStidCOPFiW3Y",21,15,19,19,8,7,19
"R_31twatt8LnXzkIy",24,19,17,21,9,10,22
"R_36TKpb8ZmQrG1Md",4,2,3,2,2,0,6
"R_6LHyi9WBKC5FUVg",4,0,0,2,0,0,6
"R_1lnl6Ks5BzlkQAb",3,0,0,1,0,0,4
"R_5Kdnbtdn92gv3g6",17,8,12,13,8,0,15
"R_6kTgvMGPho58kd2",20,18,19,17,12,6,21
"R_3Yyr40HiOUWXoL4",21,21,16,16,9,12,23
"R_1KeRptZnJeUCirK",27,25,29,29,13,12,28
"R_3qbb0SLpXxxiZmC",27,25,29,30,12,13,28
"R_6649kbAIajO0Lrb",23,16,15,20,10,6,21
"R_7Fqjq4qdiq057IR",28,28,27,29,14,14,27
"R_3DGSVLkpPxRUC5j",27,27,28,23,13,14,26
"R_5MiBxGHwkvjd5fS",21,16,15,22,10,6,17
"R_5YTYvErYeB7OXAJ",23,26,25,19,14,12,29
"R_3MrOtETZMxyQ79T",24,24,26,25,11,13,23
"R_1t9bxsdmklM5cEE",24,26,26,22,14,12,23
"R_5IEtfH3JvpcVhac",15,15,18,17,9,6,21
"R_3Ed44PhFYdVkg9H",21,15,20,21,8,7,20
"R_5KnouKJdDXyA4Uh",21,22,22,20,10,12,24
"R_625ydHqllwQ449y",20,19,22,22,10,9,24
"R_3iJP5JV1LlKLLUS",20,15,17,21,9,6,17
"R_7dFOEPORpH5vgTn",23,20,20,20,8,12,26
"R_7oQLvdqVeX0KEpU",27,23,21,24,11,12,26
"R_6NaVxUE5LLOUlXQ",19,20,20,13,12,8,22
"R_3Ptj7hKnqAjIYef",16,19,14,18,10,9,17
"R_71A2ClMIG4OGeeB",14,15,10,16,9,6,17
"R_545IPftqM571fTX",14,15,10,16,9,6,17
"R_7qljLVi1JBk3ieX",16,15,18,14,6,9,19
"R_1RuoYcrkEweLS5r",20,10,14,15,5,5,20
"R_3hLQ7Joirxm7awc",20,20,21,19,10,10,22
"R_5oOUns02tRPImw9",15,11,16,17,6,5,15
"R_7j3agWxGKcTpHiZ",21,20,17,25,11,9,22
"R_30nHKFyrJsS0nCN",20,21,24,21,11,10,23
"R_3QyBUl5z6ucksbV",16,9,7,14,6,3,15
"R_7KQ2FYz3n58GzNe",4,0,0,0,0,0,3
"R_6iAa5nVnm6BWaI1",5,0,3,1,0,0,4
"R_5kRN7UyzQmL5c3o",5,3,3,5,2,1,10
"R_1Ea6I3fCrmPGeYj",6,7,4,6,5,2,13
"R_7imUoqivVEbziVk",7,4,9,3,4,0,8
"R_7pRKZd8tmoUNQOq",21,22,15,11,9,13,22
"R_6mlESN4QArS34U9",20,20,8,14,12,8,14
"R_6cbWWX0zPCvbauv",25,26,23,25,14,12,25
"R_5YxEPX40wPYohnr",29,22,27,26,11,11,25
"R_1kBtfHS3SD3r3JD",24,24,23,24,11,13,28
"R_77QkQMmGppCtLY9",16,14,16,13,7,7,16
"R_5IfUVw0ksInfSm7",11,9,14,9,5,4,10
"R_7jZK2iZDIUmc9gD",10,9,12,23,5,4,15
"R_5vldEJKdaodzFFf",19,18,20,19,10,8,11
"R_3QEX6liTEgJ8HIJ",19,12,12,15,4,8,11
"R_3Ck0FJR6RtQCHkJ",10,9,5,13,8,1,15
"R_5IYabWsm6nMfFRX",1,3,7,3,3,0,6
"R_60BL20lGV4eQGiY",14,18,16,17,7,11,17
"R_5qwdKXOa7Hw57b0",18,13,15,22,7,6,15
"R_7Lb8Fic06UfMAVj",8,0,0,4,0,0,8
"R_5oAztSzty8uQOMb",23,21,17,11,10,11,10
"R_50bNphWOSre1AYf",8,5,7,7,3,2,8
"R_1Dr6VHcsjgsvXJM",12,11,11,9,6,5,11
"R_6lESC8T1hnSFjnE",3,0,7,9,0,0,9
"R_1nTKiKrWZdmlJw8",18,24,15,15,13,11,17
"R_3tJBSOV0wYaJFhn",22,24,25,23,11,13,28
"R_6nwUopW6cDtgShH",16,6,14,19,6,0,12
"R_3P6ngmKtTH9RU1M",12,15,14,11,8,7,12
"R_1D5rN1W6yXzVDea",15,16,13,13,8,8,16
"R_3XrBxzVCVDiZfUJ",7,10,7,10,5,5,12
"R_7gQ1PzcsaV46W9b",16,14,19,21,6,8,17
"R_7oehtxp4XxtLsLU",12,14,16,16,9,5,16
"R_7EbRGRmuQuiEu9L",20,18,15,14,9,9,19
"R_6RXjdQP47ZnOxc9",19,27,14,21,12,15,19
"R_10DGYtZd6xgQ59c",24,22,19,24,9,13,25
"R_1B5NM2vXggPA4bU",24,26,26,25,12,14,26
"R_6d2ognAHiZS1lex",24,27,27,26,14,13,22
"R_3DwDXACHoQkGkFL",10,11,11,9,5,6,14
"R_1Kv7xLwGgK9y1MJ",6,0,3,16,0,0,10
"R_6a8OTYFpUUCBv9j",11,2,6,10,2,0,10
"R_3zAATMQJDMn0z9D",18,19,18,23,9,10,20
"R_1wp1nCfIdq7Ghvw",25,23,21,27,13,10,25
"R_7Se3TeKN3kl6KmC",2,3,7,4,3,0,10
"R_1MPDcfqHGRJsASq",8,7,8,8,4,3,9
"R_7CBLtnQPWp7sTQ9",0,1,8,2,1,0,7
"R_7f7Os0VfsV1bBqD",16,15,14,13,7,8,19
"R_1J1X6LY6xViqBQU",2,1,4,3,1,0,7
"R_71Rycl1SRLOXjdl",6,2,6,6,2,0,8
"R_3MSqMUSmHrf877f",10,8,10,8,5,3,9
"R_3uQ905LnwDukwBX",8,3,12,13,3,0,9
"R_16CQFut0Un0sG6R",11,8,9,16,4,4,16
"R_50O3NasU6D2NPwp",7,2,10,10,2,0,11
"R_3Y7iapK9nv5QW2t",9,6,10,9,5,1,9
"R_6f1zGTkG242oTpn",2,3,6,1,3,0,6
"R_7Hpp5Gdhdrii3ZP",5,6,7,5,2,4,7
"R_6aFWNDb1QCg7xqG",4,3,9,0,3,0,11
"R_7azQR2LfXuwQ045",21,21,18,21,10,11,22
"R_32mL6251A4OMWo1",7,6,11,11,4,2,10
"R_6zqCjHrr5VS8dhK",8,9,11,14,6,3,13
"R_58B834vt2VIsTjq",5,6,6,12,3,3,10
"R_3styNTEwLflkXBv",6,3,7,4,2,1,6
"R_750QuXDiM5BvVF7",4,4,6,5,3,1,11
"R_7z6F6a8qSEtkUpu",5,4,10,7,4,0,10
"R_3BrmmIqLHGzgOtt",3,1,10,6,1,0,6
"R_3jqRXuYDV7vJHz3",5,3,6,2,3,0,9
"R_30KYXrzXgk1sCjL",10,10,12,16,6,4,5
"R_7KSY5VLSLrgI3vB",3,5,12,1,5,0,8
"R_19tzlf6Bzch4aMz",7,1,9,8,1,0,5
"R_5oKCW2GyDKaeDBa",16,16,13,18,8,8,20
"R_7HZDtfpr1lylGB2",22,18,15,22,8,10,17
"R_7dFH73kadpEEdMR",4,7,8,8,3,4,7
"R_6YFZRSWIBPkoztJ",12,17,19,15,7,10,13
"R_5HG3PRhRHgl6QGu",18,12,16,14,6,6,14
"R_3uUqhElAGbUAu8K",9,10,10,8,3,7,12
"R_5PzexzzrreikY11",14,16,16,16,8,8,14
"R_3lGhil9rbRSapBK",11,8,14,13,4,4,16
"R_6foLbP1LihRzBBG",15,17,16,16,9,8,16
"R_3j7xWUAFf8oQy3E",8,0,12,10,0,0,9
"R_3QloNqa4C8JA14A",29,27,26,28,13,14,28
"R_3F391TZADduEmBp",6,8,7,12,2,6,10
"R_65MFKWx6DsVNFgp",28,24,24,28,12,12,28
"R_6BQ4PdSlgJMjsSW",29,30,29,26,15,15,31
"R_6PiEEuV6F7GeCfz",8,4,6,8,3,1,10
"R_13LGZpxIVvIjkQx",17,17,13,15,9,8,16
"R_5C8iryvOPDgr5D3",3,0,0,2,0,0,2
"R_6mE0qBbkmjq2U6r",11,13,11,17,6,7,16
"R_76JAAI979BSbyoh",10,6,7,10,4,2,4
"R_3y1qpf9dR062ozs",9,4,10,8,4,0,14
"R_3EnH2xACQU3m6UE",20,18,18,18,9,9,21
"R_6hSD7bHfgdexwkf",10,8,8,10,6,2,15
"R_3X6EKk3bXm6u6ot",14,19,16,19,10,9,20
"R_6Njh9cKHMn1J6WB",23,25,17,16,13,12,20
"R_7EfT5WE5EAq3Hze",20,17,20,18,6,11,21
"R_3cV1qFHRhSA9GIF",23,22,20,18,11,11,21
"R_1fjj7mClDzakg5r",14,4,8,8,1,3,16
"R_7gSXadCWe1EZaMt",8,6,12,8,2,4,6
"R_7IyNizJs88szDN5",9,6,11,13,3,3,12
"R_3WAn43z1xujRIKR",26,23,22,20,13,10,16
"R_1ZQVzSjNzuSBY7T",0,0,4,1,0,0,3
"R_7my0lOdaHONUtac",21,20,19,20,11,9,22
"R_1qsKHuRkuZ5AqjS",15,10,11,16,8,2,9
"R_3QM3ZCFHWHHIqvA",22,15,12,19,8,7,23
"R_3HAuZPtNk9IdXVv",16,8,12,20,8,0,16
"R_137EjjJuUw85SKC",14,5,9,12,5,0,8
"R_1rqNVK3iy7pW3l8",27,26,22,23,12,14,24
"R_5KgVOPvf1NtFFQJ",10,1,15,11,0,1,7
"R_129TVln3oHIxpq9",15,14,16,17,7,7,16
"R_6FPQNWQNDaVd1hv",0,0,1,1,0,0,2
"R_6vqp4tfT9cxNOFj",18,16,21,19,10,6,19
"R_7MR0gsdFYIqP6cn",4,0,0,6,0,0,4
"R_7qrm8XbUnmqGIky",0,0,0,0,0,0,0
"R_1Q47VVl4Mr2nAkx",13,16,16,16,8,8,16
"R_1REINJlS7l3Z1cZ",13,12,13,13,6,6,18
"R_3MwB3qunp2M6XKN",19,23,20,25,11,12,25
"R_6oOf1vP7fGaBFmH",26,18,5,16,12,6,16
"R_7JF4SW40mOY1jhL",4,8,8,12,8,0,12
"R_3z7BUOjeTOxIvAJ",11,8,4,9,4,4,8
"R_5gOfedapFM3Ojol",8,2,12,13,2,0,18
"R_70cPbehz8YgjlAD",18,9,11,14,7,2,19
"R_75MCXE9iAmtsevV",0,0,0,3,0,0,3
"R_7Y0vv25OtJe68FP",17,15,15,14,6,9,19
"R_1tr712tjfR73hFG",16,16,14,18,8,8,16
"R_3E0gaNpg8ixuFG8",3,0,7,4,0,0,12
"R_5ITriEqOqWDcNCc",32,28,28,28,16,12,28
"R_5g5GmSpifeWgMhc",26,26,22,22,13,13,NA
"R_5sZvJQyM6qKw9kf",0,0,0,0,0,0,2
"R_3mggRTNicb8mEMV",23,18,12,23,10,8,17
"R_3mr5qyBCh8nDuok",11,12,16,14,7,5,16
"R_3ojXijZq4z3B08n",31,26,27,30,15,11,28
"R_6BNWPRT7rx1lpQd",16,16,16,16,8,8,16
"R_7QoXGIhQ6ltnz9D",0,0,0,0,0,0,4
"R_1PWpThWl7C85g65",28,27,28,29,13,14,28
"R_1fkszSr7PdTiFar",18,8,18,20,8,0,25
"R_1kGIRsNE7LNC5GH",3,3,4,2,3,0,5
"R_3FGMDx5zBHb5qKt",29,28,30,29,14,14,29
"R_7j3abBq8VjyMdaI",0,0,2,0,0,0,3
"R_32216RK2i1jzsnn",4,0,4,6,0,0,8
"R_3I3DzLnCrGOhKMx",23,24,22,23,11,13,25
"R_3L6EvIfUoI2uKyo",29,28,28,28,14,14,28
"R_73awMk9MUM9Wt7b",8,8,11,8,4,4,10
"R_74CrzwchZluPqTC",16,16,16,16,8,8,16
"R_394aC6s9PhFGFCR",6,2,7,10,2,0,11
"R_3KV1xuzqAuxbJAd",20,19,24,22,10,9,25
"R_3n6HZ84xXzVZYWD",27,25,26,23,14,11,25
"R_5fltE28G8y5O2Nf",17,13,16,19,7,6,18
"R_6Gpt1E8cQns9Kuv",23,30,28,24,15,15,24
"R_137uU0cle84C0Eg",24,20,15,23,10,10,22
"R_13loJdlauVfZGet",17,16,19,18,8,8,17
"R_15nxmT8ch9VTtBL",19,23,19,19,12,11,23
"R_1eRxCw3CkWpKbuO",24,24,20,21,12,12,26
"R_6aEvyCjuGkZVczT",15,9,8,12,0,9,17
"R_1z3tvcxEft0V8Bz",25,14,18,22,7,7,22
"R_70BEUnP9rajbD9q",24,23,8,16,15,8,20
"R_7Kr2dRserR88akN",0,0,1,0,0,0,0
"R_7wyiiJkx986HOud",6,7,4,2,6,1,13
"R_1NE7SPaqhcRo38F",2,2,6,4,0,2,10
"R_3Kd0ScxBeORmEup",32,32,32,32,16,16,32
"R_5EnwJbGyeuF3HLL",15,17,11,14,10,7,17
"R_5X5DNuT88jLJ6X7",20,13,12,14,6,7,16
"R_7dzmyOOs2upBV8i",15,11,15,17,4,7,12
"R_5GezpMhG5goUznd",14,11,13,13,6,5,10
"R_5kSf2VgpuYiOlhf",7,8,7,8,4,4,8
"R_74k5t3sSdvVwRCT",22,19,24,23,10,9,24
"R_7LjwvV2QS6F6IcV",24,23,29,28,12,11,24
"R_9O98LYBMxw4crx7",0,0,0,0,0,0,0
"R_1NFgwnM2q8M7Tk6",8,9,6,7,5,4,9
"R_3MA4k0zsZQcdJDP",17,4,11,17,1,3,10
"R_3wNf7MTZWA4OtYs",8,2,4,5,2,0,7
"R_51QnjxvkvMEaIdv",29,27,30,27,13,14,28
"R_7UfpkuOufMXw6oV",16,16,19,13,8,8,15
"R_1gXE5Tu9JMZtKoF",28,27,29,27,13,14,27
"R_1jXlpw7NlbcsXe1",26,20,16,17,10,10,20
"R_60YXKHoxZ9pM88c",3,3,5,5,0,3,6
"R_7nuOAZwSYjKYOtA",28,31,31,26,16,15,29
"R_9Doqi4l8ZeXexJC",28,27,29,29,13,14,28
"R_1nOvcmcwAZmasnv",9,3,13,9,3,0,13
"R_3Rn9S8JLpumEayd",13,4,8,16,4,0,13
"R_3gwIkd6W01wNgxW",22,21,23,26,10,11,21
"R_5bnYPjPBLRih4u5",10,4,11,15,4,0,14
"R_6twYKcfHQWhkkY9",8,8,9,8,3,5,6
"R_1CHjIG3AYAcL3jo",5,4,9,13,1,3,11
"R_1KqyRvahNgmkBQE",11,11,9,11,4,7,9
"R_5N4vuCrAZwl7GGE",21,20,20,22,11,9,22
"R_5P05fOIY0EaSYPX",10,12,11,11,8,4,13
"R_5TAzlO7d4sUCnbX",15,16,15,18,8,8,16
"R_3Olf80nWFmmOSDu",16,16,16,16,8,8,16
"R_3n9j4KBCzsSrNmq",0,0,0,0,0,0,4
"R_6P6bCm0bhGY83GF",0,0,0,2,0,0,2
"R_7PZA0G9I5noAZwT",20,20,21,16,9,11,23
"R_7g9lcoV826k1byN",13,14,14,16,8,6,16
"R_50S6lE38rGSOmGd",0,0,0,0,0,0,3
"R_51E0WEpVsh8wfyV",17,16,20,16,12,4,18
"R_5rqpyiS4oQeSuUF",4,5,12,9,0,5,13
"R_67xsmv04l4ab4AB",17,17,17,14,9,8,14
"R_6Esp4DhOHPygHi2",16,10,19,21,6,4,24
"R_14BntYuTlNkORLb",8,7,10,5,4,3,9
"R_1oWY7yvZJq798bv",15,19,19,15,10,9,18
"R_3EsnRLEJX6rMS3z",1,2,4,13,1,1,6
"R_3SoBnEqWgFpuucq",9,4,5,14,4,0,11
"R_3pYXkdFXzjwfiyT",5,7,10,10,4,3,15
"R_5EGdextoNLmtP3P",19,11,14,18,9,2,18
"R_5dAS058eVSScQOB",3,2,10,3,0,2,2
"R_5lW8nxS3ED8IwtD",0,0,0,0,0,0,3
"R_6sTHiqGfAZWdwUk",7,6,14,13,6,0,8
"R_7J559ajJq0WRhKN",0,0,0,0,0,0,4
"R_3wwOAxdJOjOeFzz",12,4,8,10,3,1,12
"R_5HnsvN5jscCb3zK",20,20,21,16,9,11,23
"R_5jMU3x404AXXbNL",0,0,0,0,0,0,0
"R_6Cy21AzpK7wndhm",8,4,9,6,3,1,9
"R_7oaYMZbK41grUUp",17,17,16,14,8,9,12
"R_32RNpNqvxw5NK5s",19,24,23,19,12,12,20
"R_4GnIjgTUMujVj2x",21,20,20,24,11,9,24
"R_52lH4xqVIEKxDzN",28,30,26,28,15,15,27
"R_5rVffMsBwjBxttI",19,17,17,15,8,9,20
"R_6PHJ2KWPUjRpeb7",8,6,14,11,6,0,14
"R_1ByxdcDcAFYIHUm",18,25,21,28,12,13,26
"R_1Ya0cOGHwfG4HRq",20,20,21,16,9,11,23
"R_55AX9mNBTEpMqTK",16,6,11,13,5,1,13
"R_5ePlK0DXvkNIAOE",26,23,23,21,11,12,26
"R_5eQYqwIqKrWdWnr",6,3,8,12,2,1,14
"R_3dZaJNggSvlZfe7",4,1,5,8,1,0,8
"R_3kiEnofq1ydilqd",18,17,14,21,9,8,18
"R_3otLznU9Mjv3EOw",9,3,10,11,3,0,12
"R_6njg3OGBEiP8BAl",22,21,24,21,11,10,19
"R_1Q9Ic14XDJ0WJeT",20,19,19,19,10,9,18
"R_1g6H9bpeemzn2Ey",14,15,15,13,8,7,18
"R_6OPnJaJ7zm5qwsW",24,29,29,29,14,15,28
"R_6d3X2semYcfZzah",20,19,21,20,9,10,20
"R_3G0qnNaZxJN41s9",29,27,28,29,13,14,26
"R_3HtSz56NnEbZgFH",13,8,15,14,5,3,14
"R_5sBoPbDVLGGucl4",7,8,9,10,6,2,8
"R_6A89ny4xCsitc6R",5,4,6,6,4,0,10
"R_6vZC2n3E8MH60yJ",3,0,5,0,0,0,6
"R_1tTi3nQnh16312F",15,7,12,9,7,0,23
"R_58VxdOOr1q4Emjv",14,15,14,9,7,8,14
"R_7lR9TGRHqZMbUzL",27,25,28,26,12,13,25
"R_5CPIDhHhcVO1ksY",10,11,12,16,7,4,14
"R_5dEmQAxc6pREwrk",12,13,13,17,8,5,22
"R_5riQTcKu04YrJ8Q",25,23,22,26,14,9,26
"R_62SeFKMsQtZrCAI",0,0,2,0,0,0,5
"R_7lB7EleGEuIrzlD",11,8,15,9,6,2,18
"R_1f4fdJ2VCj3UYzn",2,2,2,3,0,2,3
"R_1xy1RTRzxBTeVqO",8,8,9,10,4,4,9
"R_33qLyeV42ekHH4t",25,25,23,26,12,13,25
"R_3dQZwswfqhpZQGd",2,0,0,2,0,0,3
"R_5B2PbRLXHku3vb1",0,0,0,0,0,0,3
"R_11k0kQCRPxWQxAR",14,11,13,16,8,3,19
"R_1Poo6RkrQbYcd7V",30,29,28,26,15,14,28
"R_1jY5VJbZTLJJ4A1",20,20,21,16,9,11,23
"R_7CrP3g0qXU9EKnQ",6,3,9,8,3,0,11
"R_3U4rqMUIErVMXn1",5,2,6,5,1,1,6
"R_3ZE7RNkQ8B4x1Ix",10,8,10,17,3,5,10
"R_3ZHVJ8aHP590SgT",15,27,21,23,13,14,20
"R_7QXbr2n5EJdFLrH",0,0,0,0,0,0,3
"R_7VaK6xQgUyVsAvf",30,28,27,27,14,14,29
"R_338BJaBwbGh1qQv",30,29,27,30,15,14,25
"R_39gFtnOa6brbk7s",5,2,7,2,2,0,9
"R_5RkXHvlLA9F4UE1",0,0,0,0,0,0,4
"R_6E5y9wklvMsvTvI",12,15,22,13,5,10,18
"R_3ZI8R002zUSw8Kd",17,15,15,16,8,7,17
"R_5OOeuSwF3NoDGmJ",4,4,8,9,3,1,7
"R_6rGcfY3BsgI3pOZ",6,5,7,15,4,1,15
"R_7g60wvmZzpv6ev9",32,31,29,29,16,15,30
"R_1iiqgW8jryQPdfj",8,3,9,5,3,0,10
"R_1rGlj7eQohXJD3c",19,19,13,18,10,9,14
"R_3LnbHZtm8ZSm47Q",14,8,9,14,6,2,12
"R_6KpxWcTLOt4UajG",20,20,21,16,9,11,23
"R_7Eji2ZMJKXWSYfq",1,2,6,9,2,0,6
"R_1NvKKT5Pv3LrK93",29,28,27,28,14,14,30
"R_1mepv2xHZUkNedA",8,0,4,4,0,0,8
"R_3rpFBgzWe95J0GH",7,6,9,12,5,1,11
"R_50YyzeQlUHj3UWM",12,12,10,10,8,4,11
"R_9hzKMhAV7cJGjkT",29,28,28,28,13,15,29
"R_3iTmEmgEHHLZlEB",20,21,23,28,9,12,26
"R_5h2uGwyjVuwxqBX",26,23,17,24,11,12,21
"R_6dgzoAjUW24zQ8o",18,15,14,15,8,7,18
"R_7ezOqN7pg8PVBgR",9,11,12,14,3,8,19
"R_17ya2KUMdAB4Z5O",18,9,17,27,3,6,15
"R_63POuFAgIQIzehj",11,9,13,18,3,6,12
"R_7pPHt5MLl0UHRY0",27,22,25,24,9,13,27
"R_7yfcCCzqH4aTTTX",13,11,12,23,7,4,18
"R_1Pz1l6tqGYwdi4p",12,11,13,14,6,5,12
"R_3PTNchgrczSxV7t",7,6,6,11,3,3,13
"R_3f77OOIuCsmWwxS",0,0,0,0,0,0,4
"R_3qrqL0OiTuaSL9w",0,0,0,0,0,0,0
"R_7yfHXO3TTW5y0k3",16,15,12,16,9,6,15
"R_77I0m2ExmdUP138",28,28,27,27,15,13,29
"R_1D6xR48qcL2tTNK",21,15,18,18,9,6,21
"R_1DOzGq64U2tGnLF",4,6,5,7,3,3,7
"R_7kczJBoueHOm2M0",18,22,17,20,10,12,20
"R_5Zu1O96PzO2EGkN",11,8,11,14,5,3,15
"R_3P0cFiIHsojpsZ9",15,13,9,9,4,9,15
"R_5CkNaTen0WtTNju",11,6,4,9,4,2,9
"R_56GdiL109c0yVsR",11,3,8,14,1,2,16
