"ResponseId","fevs_1","fevs_2","fevs_3","fevs_4","fevs_5","fevs_6","fevs_7","fevs_8","fevs_9","fevs_total"
"R_38XVirtBWEjoVTi",2,2,2,0,2,0,2,0,2,10
"R_67qEr703rxZJ9M8",2,2,2,0,0,2,0,1,1,8
"R_5e7vCy3nbA5HC9j",1,2,1,2,0,1,1,1,1,9
"R_6IydxRFiQ2G12Ol",1,2,1,0,0,1,0,1,1,6
"R_30I6tQ8sgkkVyLo",0,0,0,0,0,0,1,0,0,1
"R_6LLp1ZRkT0DD6o1",1,0,0,0,1,1,1,1,1,5
"R_1G8GBeF6278PxJ8",2,2,1,0,1,1,0,2,1,8
"R_7cJjMQLtw3wmtMd",2,2,2,2,2,2,1,2,2,15
"R_5Q0AnuVkFwBDZ2h",0,0,0,0,0,0,1,0,0,1
"R_6sQGpmhlw3ksmnD",1,1,0,0,0,0,1,0,1,3
"R_3ic3WJgZ6aQnj8d",0,0,0,0,0,0,0,0,0,0
"R_7etRBZ2jsvktJRB",1,1,0,0,0,0,0,0,0,1
"R_6kNhEuyMUlwpF9b",1,1,0,2,1,0,0,0,0,4
"R_3qArdP8OJgeCuhb",1,2,1,0,0,2,0,1,1,7
"R_7EavZVcL3A3ZkGa",2,2,0,2,0,1,0,0,1,6
"R_3yf4dJ3L9J2uFp0",1,1,1,1,1,1,1,1,1,8
"R_51LUqCwheDpdPHj",1,2,0,2,1,1,1,1,1,9
"R_6hpbXJoC2PPC6KR",0,0,0,1,1,1,0,1,1,5
"R_6oAnB09QwpjNbya",0,0,0,0,1,0,0,0,0,1
"R_5rfrQri9pkYyncF",0,2,2,1,1,2,0,1,1,10
"R_6amXYdjgporasOg",1,2,2,2,2,1,0,1,0,10
"R_6hGzBQPOAyIbY6Q",0,1,0,0,0,0,0,0,0,1
"R_1BwztGYBq2PShpd",0,1,1,0,1,0,0,1,1,5
"R_3M5PrJrxz2KW1H8",2,2,2,0,1,1,0,1,1,8
"R_7uDsikm425tlZQb",2,2,0,0,1,1,0,1,2,7
"R_3kS0hUeA2lXUQeU",2,2,2,2,0,2,0,1,0,9
"R_1ffMPw9Rzu6wsur",0,0,0,0,1,0,1,0,0,2
"R_5Kp4Q0WtzeXR8HW",0,0,0,0,0,0,0,0,0,0
"R_6vdFh4IkYfL2I7L",0,0,0,0,0,0,0,0,0,0
"R_3qju1UW3VVD07L3",1,1,0,1,0,1,0,1,1,5
"R_32R1XDSNyTGYVAl",0,0,0,0,0,0,0,0,0,0
"R_17o9bGXX1rzmFRT",1,0,0,0,1,1,0,1,1,4
"R_3EhdoD79VmV1t9i",1,2,1,0,1,1,0,1,1,7
"R_6fksUNreH0F98ia",2,2,0,0,1,1,0,0,1,5
"R_1313um8ltp5qBYF",2,2,2,2,2,2,0,0,2,12
"R_6dMjcWj3GWD8EzO",0,0,0,0,0,0,0,0,0,0
"R_3h0zobr1r6pB7QZ",1,0,0,0,0,0,0,0,1,1
"R_35i5cyfDisIibzX",1,0,0,0,1,0,0,1,0,2
"R_3Eye5Xgk4iKLSaB",0,0,0,0,0,0,0,0,0,0
"R_5dMAqVdv1f99630",0,0,0,0,0,0,0,0,0,0
"R_1NRWwynls6gcJuV",0,0,0,0,0,0,0,0,0,0
"R_6JxCAWCw1IXgOjz",0,0,0,0,1,0,0,0,0,1
"R_7JGl8z4ucGPe4Bb",0,0,0,0,0,0,1,0,0,1
"R_6LNZZghzTUIlyFI",1,1,1,1,1,0,0,1,1,6
"R_5U6UiKL17Q36uhX",0,0,0,0,0,0,0,0,0,0
"R_3ISquNyz1s1qspR",0,0,0,0,0,0,0,0,0,0
"R_7g1MtgrksD2Vb4j",0,0,0,0,0,0,0,0,0,0
"R_32nTc41frgcVM61",1,2,0,0,0,1,0,1,1,5
"R_3q2xC423oLHuOLB",0,0,0,0,0,0,0,0,0,0
"R_78ICdKcMczkIj2l",1,2,1,1,2,0,0,2,1,9
"R_6K8zf1Le39U5UCv",0,0,0,0,0,0,0,0,0,0
"R_12KupiIBwBAiAlT",0,2,2,0,0,2,1,0,1,8
"R_7itB7zhRgpKX78t",0,0,0,0,0,0,0,0,0,0
"R_7aryV0zJJHMF7D1",0,0,0,0,0,1,0,0,0,1
"R_1axWcYgeIg0SLXn",0,1,0,2,0,0,0,0,0,3
"R_7NS6K0ckKzR33xL",2,2,0,0,0,2,0,1,2,7
"R_3ab2B3gcURS6JBa",1,1,0,0,1,1,0,0,1,4
"R_3e7h3H9CmPZFAm5",0,0,0,0,0,0,0,0,0,0
"R_36RZgx00aPw0jBL",0,0,0,0,0,0,0,0,0,0
"R_5I6mQYvdnxvmCHL",0,0,0,0,0,0,0,0,0,0
"R_138L3WxYejGK0Kt",0,0,0,0,1,0,0,0,0,1
"R_7YG545zyuAwH2pz",1,1,0,0,1,0,1,1,1,5
"R_5zSejDVfxYjUQrF",1,2,1,1,1,0,2,2,2,11
"R_50leIBHtgptrTbI",0,0,0,0,1,0,1,0,1,3
"R_5lACVPPM014Wmwd",1,2,0,0,1,1,0,0,0,4
"R_3GnrbByp0pONqKd",2,2,0,0,1,0,0,1,1,5
"R_64jC50kf2fwXiOA",0,0,0,0,0,0,0,0,0,0
"R_6wjeDONWdHCNJ0q",1,1,0,0,0,0,1,0,0,2
"R_3fk0NLdiIxzKrcD",0,2,1,0,0,0,0,1,0,4
"R_3NeikfJMuZEEHQJ",0,0,0,0,0,0,0,0,0,0
"R_5ClKVwFWaPfnpqH",1,1,1,0,0,0,0,0,0,2
"R_7471xG7AkXS7wBv",0,1,0,0,0,0,0,0,0,1
"R_7JJdmquPgws7SFI",0,1,0,0,1,0,0,0,0,2
"R_5Bqu98WSa3SSJW1",0,0,0,0,1,0,0,0,0,1
"R_531awRduDvVkAjg",0,1,0,0,0,0,0,0,0,1
"R_3I6PL2Bnd5m6YEX",0,0,0,0,1,0,0,0,0,1
"R_6SicG1vZUCP2r9B",0,0,0,0,0,0,0,0,0,0
"R_7QKtauf23FclmZj",1,0,0,1,1,0,1,0,0,3
"R_6TZYbwLG4nocXUB",0,0,0,0,0,0,0,0,0,0
"R_1g1vgz3QFgAhwQQ",0,0,0,0,0,0,1,0,0,1
"R_11Xp6WTjpIMr4S5",2,2,2,0,1,1,1,1,1,9
"R_1PaFNv9vDENJGNE",0,0,0,0,0,0,0,0,1,1
"R_6T1wQD1rmx6N3QR",2,2,0,2,1,0,0,1,2,8
"R_5qfOcAw70W5DkiD",0,0,0,0,1,0,0,1,0,2
"R_5uU0dvwVvNPHJte",1,1,0,0,1,1,0,1,1,5
"R_3sFBnxQPk46qH9D",0,0,0,0,0,0,0,0,0,0
"R_6CHWDVch8w52adB",0,0,0,0,0,0,0,0,0,0
"R_1xUhPp3zey4FFG9",0,0,0,0,0,0,0,0,0,0
"R_5rYdDWufu9FV5mQ",0,0,0,0,0,0,0,0,0,0
"R_7hDBH7TkCn3yCFe",1,1,0,0,0,1,0,0,0,2
"R_7qDzfEBhnDwkUJ8",2,2,0,0,1,2,1,1,1,8
"R_1eb1NSTKnLSHOX0",0,0,0,0,0,0,0,0,0,0
"R_3VDu1BK5ATfisr8",0,0,0,0,0,0,0,0,0,0
"R_5dEluXxdZDk3643",1,2,1,0,1,0,0,0,0,4
"R_5pJspTFI2ecHa13",1,1,0,0,0,0,0,0,0,1
"R_5jq8Mn5ZFB4D9Ch",0,0,0,0,0,0,0,0,0,0
"R_7TcDCk78NjtuyhH",2,2,1,1,1,2,1,1,2,11
"R_7y2UeJqv33Elk96",0,0,0,0,0,0,0,0,0,0
"R_7ukudufgKJgWcOR",0,1,0,1,1,0,0,0,0,3
"R_1K8No2eE39sJWrD",2,2,0,2,2,2,0,1,1,10
"R_1DCD2E8uJt0KgNn",0,0,0,0,1,0,0,0,0,1
"R_7gT8lbNyAzSepeV",1,0,0,0,0,1,0,0,0,1
"R_1IbzQcUIZ4M9Lqh",0,0,0,0,0,0,0,0,0,0
"R_6Mm1oqYQmmdp9lp",2,0,0,0,1,1,2,1,2,7
"R_7smWVJpQ51w4vBv",0,2,2,0,1,1,1,1,1,9
"R_3Eh3FTlsiu0yIEj",0,1,0,1,1,1,0,1,1,6
"R_11Ql7h4eSbog1D9",1,1,1,1,1,1,0,0,0,5
"R_5O1djSg5wX2ZTeE",0,2,0,0,1,1,0,1,1,6
"R_3VD59h7RqZYqask",1,0,0,0,0,0,0,0,0,0
"R_6kcwU8P0KpikFoh",1,0,0,0,0,0,0,0,0,0
"R_3WVHRGB2jzC0S41",0,1,2,1,0,1,0,0,1,6
"R_5mPnRERrrGDSR6Y",1,1,0,0,2,0,0,0,1,4
"R_6NQdgYBqdshoh00",1,1,1,1,1,0,0,0,1,5
"R_6IUJwxm2U67iepH",1,2,1,2,1,1,0,1,1,9
"R_7AYo58CkpJRMdkl",1,1,1,0,1,0,0,1,0,4
"R_7nT3PFAEZrviE1d",0,0,0,0,1,0,0,0,0,1
"R_7pJpOnRfelnL3Zq",0,0,0,0,0,0,0,0,0,0
"R_1Cdbc0YPaonCUCZ",0,2,0,0,1,0,0,1,1,5
"R_6e8YopyHShDxzxE",0,0,0,0,0,0,0,0,0,0
"R_10xdJGGJABI6P2o",0,1,1,1,0,0,0,0,0,3
"R_710bC1IOA9cqUpH",0,0,0,0,0,0,0,0,0,0
"R_7qffoiWVZNLKuLx",1,0,0,0,1,0,0,1,0,2
"R_5ixPTr0uHqI2Sfu",0,1,0,0,0,0,0,0,0,1
"R_31db3e0KcsC3Hqp",0,0,0,0,0,0,0,0,0,0
"R_6OV5OalPygdHNAu",0,1,0,0,0,1,0,0,0,2
"R_3q2t6FfZEe7xoEZ",0,0,0,0,1,0,0,0,0,1
"R_5IxYYDGpPqOWuKu",1,2,1,0,1,0,0,1,2,7
"R_3QnqrkQsT6m8gGz",0,0,0,0,0,0,0,0,0,0
"R_5z1vGEvvn03lT3P",1,2,0,1,2,1,2,2,2,12
"R_6aDiWbvge35ZuzB",0,0,0,0,0,0,0,0,0,0
"R_3pS4UGNjUGhIFZT",0,0,0,0,2,0,1,0,0,3
"R_3qby870JiO6FspX",0,0,0,0,0,0,0,0,0,0
"R_5oYBS1C3GhrvWvN",1,2,2,1,1,0,1,1,1,9
"R_6f0NGQOyPoOxR0c",1,1,2,2,1,1,1,1,1,10
"R_6ULGxCjM2NBYE0x",1,1,1,1,1,1,0,0,1,6
"R_5GlYha5NaGXhs5W",0,0,0,0,0,0,0,0,0,0
"R_1QjwkebCB0V213j",0,1,0,0,0,0,0,1,1,3
"R_3NTWG9v4ZGTgOBH",0,0,0,0,1,0,0,1,1,3
"R_3GNzZGNnPumekPh",0,1,0,0,0,0,0,0,1,2
"R_5j6GBjhiORYOZA4",1,1,1,0,1,1,0,0,1,5
"R_6wS5TpPLUH8BNq9",1,0,0,0,1,0,0,1,0,2
"R_3zYN7dYYBAK9u0O",2,2,1,2,1,1,0,1,1,9
"R_5lyPBW3iNpEU5fW",0,0,0,0,1,0,1,0,0,2
"R_7asIJEEywE2iQFv",0,0,0,0,0,0,1,0,0,1
"R_7CZgMiBp1j6jcKl",1,2,1,1,2,2,0,0,1,9
"R_5OGZ4I0FqSj0zPX",0,0,0,0,0,0,0,0,0,0
"R_6oMjaAPnBnKkvpL",1,2,0,0,0,1,0,1,1,5
"R_7KiUtrBbZioGZ7X",1,1,0,0,1,2,2,1,1,8
"R_6huzMhFw2Poayvj",1,1,0,0,1,0,1,1,1,5
"R_7VPdEPFK8NVC5lR",0,0,0,0,0,0,0,0,0,0
"R_7j96P5KGC0KLL0s",0,1,0,0,1,0,0,1,0,3
"R_5EnIuaVKtrA7PJK",0,0,0,0,0,0,0,0,0,0
"R_7fa81plYMJGXUzf",1,0,0,0,1,0,0,0,0,1
"R_5MsZxvWgd71QNoJ",0,0,0,0,0,0,0,0,0,0
"R_3ruVXKXkCjALiuy",0,0,0,0,0,0,0,0,0,0
"R_3tEZf9k4YY8YABi",0,0,0,0,1,0,0,0,0,1
"R_323UDLYL1w6aEOr",1,2,0,0,1,1,0,0,1,5
"R_7QVTSE8Pzkp36lH",0,0,0,0,1,0,0,0,0,1
"R_7XtEGFXxOJgoM93",0,0,0,0,1,0,0,0,0,1
"R_1SwA1RGEhCLJZrF",0,0,0,0,0,0,0,0,0,0
"R_7ebuDuMKUIL9zyi",0,0,0,0,0,0,1,0,0,1
"R_5wWzfbWu0jq8Fc5",0,0,0,0,1,1,0,0,0,2
"R_50Ptqz8nPx7YHQD",0,0,0,0,1,0,0,0,0,1
"R_3uODD2pdNI8jXXP",1,1,0,0,1,0,1,1,1,5
"R_7uDQOrG28WLjm4m",0,0,0,0,0,0,0,0,0,0
"R_5R4LrQ8jXinBsMV",0,0,0,0,0,0,0,0,0,0
"R_5gFuI6Zdce2HOMq",1,0,0,0,1,1,2,0,1,5
"R_6NFhU0bXejXyu3v",1,1,1,0,1,1,1,1,1,7
"R_5dv8MJ9XT2tsOk6",1,0,2,1,1,1,2,1,2,10
"R_7MDxBq8mtH5I2a8",0,2,1,2,1,2,1,1,1,11
"R_1OXquApJXnrC9Hz",1,0,0,0,0,1,1,1,1,4
"R_59BGTvIulbj5Ok9",0,1,1,1,1,1,0,0,1,6
"R_3HSylAQObjq7nOk",1,2,1,1,2,0,1,2,1,10
"R_5ikEQ9CFFY4yKnv",0,2,2,2,2,0,1,1,2,12
"R_5cpAUcYiSFu8pFr",2,1,1,0,0,1,2,1,0,6
"R_5FncB44tYK8cz8R",1,0,0,0,1,1,1,1,1,5
"R_5IQCuxi5CkbT8HN",1,0,2,1,0,1,0,1,0,5
"R_1kFgIarWRGRiNHk",1,2,2,2,1,1,1,1,1,11
"R_1jNjo5BcokYvGAN",0,1,0,0,1,0,1,2,1,6
"R_7EmnTpRv4SVEkHD",0,1,1,0,1,0,1,1,0,5
"R_6lJ7CPijxHhmHlf",1,0,0,0,1,1,2,1,0,5
"R_6g7n6d7zHUwIoMX",2,1,1,0,1,0,0,1,0,4
"R_5RMLoJsyr6kr6gN",1,1,1,0,1,1,0,1,1,6
"R_3o8c5VkhDvyoBfB",1,2,0,0,1,1,1,2,2,9
"R_1Gg0qg71vPhfaav",1,1,1,1,1,0,1,2,1,8
"R_1YAfOl1rXVFwEkk",1,2,2,1,2,0,1,2,2,12
"R_5foOmJLH4T2YLv5",2,2,1,1,2,0,1,2,1,10
"R_1P6qnB3I6C4Vb09",0,2,1,2,2,2,1,2,1,13
"R_66jPZqvTxJhlvLH",0,0,0,0,1,0,0,0,0,1
"R_516BC81lOL3M6Qh",0,0,1,0,1,0,1,0,0,3
"R_7gZSKxivcLjxOJr",1,2,1,2,0,1,1,1,2,10
"R_59zetEikIlYTIad",0,2,1,2,1,0,0,1,0,7
"R_6eqJTSW3zwu7ANE",0,0,0,0,0,0,0,0,0,0
"R_5hxswS2xy8GQ8qP",0,0,1,0,1,1,1,2,2,8
"R_6gSi5HhPt3oAxfR",1,0,0,0,0,0,1,0,0,1
"R_3cwq0wtPh8hsz81",2,0,0,0,1,1,2,1,0,5
"R_57aHAd10ZZNuNxf",2,2,2,0,2,1,1,2,2,12
"R_3fnMhk29KXeSNNv",2,0,1,0,2,1,1,2,1,8
"R_1Mp5i366LBfPz2h",1,0,0,0,1,1,1,1,1,5
"R_6VgwOqGHVJ9OhaG",1,1,1,1,0,2,1,0,1,7
"R_6sYM7BVH8NIIYyL",0,0,0,0,0,0,0,0,0,0
"R_68VdwXabFtrchAB",2,2,1,1,2,0,2,2,1,11
"R_5tr3EtXA4JtjBK4",0,0,2,2,1,0,0,0,1,6
"R_7cc70RHrlvPR3zA",2,1,2,0,1,1,0,1,0,6
"R_3hywElMMNFsJMYp",2,1,1,1,1,1,1,1,1,8
"R_5YcZ2KLBmTsu8z7",1,1,1,0,1,1,0,1,1,6
"R_3taQqJWDTVGH5FD",1,0,0,0,0,1,0,0,0,1
"R_5sF3tdUQgMMs3mh",1,1,1,1,1,1,1,1,1,8
"R_1VQqjr1jMDX4D0t",0,0,0,0,2,0,1,0,0,3
"R_3ASdQREkJCScnFU",2,0,0,0,1,1,1,1,1,5
"R_3ssZNEMQJjTRgrv",2,1,1,1,1,1,1,1,1,8
"R_1CI5WjcD32clL84",0,0,0,0,0,0,1,2,1,4
"R_7N8sYhBOoS80djp",0,1,1,1,1,1,1,1,1,8
"R_70eQ3TMoJEkaFpw",0,1,1,1,0,0,0,0,0,3
"R_1R7tP2droQgUfmO",1,1,2,2,1,1,1,1,1,10
"R_6V2YSWkZewg4Mbr",1,1,1,1,1,1,0,1,0,6
"R_3KjX0VUXmGoF42r",0,0,0,0,0,1,1,0,1,3
"R_6CVBhsrOfyzPwP8",1,2,1,0,1,1,1,1,1,8
"R_7HGkxVvQiH22rAZ",1,1,2,0,1,2,0,1,2,9
"R_5QuOL3HQafCkeba",2,1,1,1,1,0,1,1,2,8
"R_1RwxoXtULUMrphD",1,1,2,1,1,2,1,1,1,10
"R_6YVUnYdOJJIImnE",0,2,1,0,1,2,1,1,2,10
"R_1njHekJDMtWTrP3",1,1,0,1,1,1,2,1,1,8
"R_5gj9wbDcXgY6vUy",2,2,2,1,2,1,1,1,1,11
"R_65YeVxqNrqJAdSa",1,1,0,0,1,2,0,1,2,7
"R_70f3kJjYxEPcEfj",0,0,0,0,1,0,0,0,0,1
"R_6oI4XXTv6BYJ68W",1,1,2,2,1,0,1,2,1,10
"R_6MnFF7Nk4n9fxor",2,2,2,2,2,2,0,2,2,14
"R_5zIpozcCK0Em7Pj",0,0,0,0,0,0,1,0,0,1
"R_72JGymiY2HhXLge",0,1,1,0,0,0,0,0,0,2
"R_5LveHzx1fgprU5K",0,0,0,0,0,0,0,0,0,0
"R_7vNtg3jwCYkxeFP",1,0,0,1,0,1,1,1,1,5
"R_54ICgWblx5Ukwyt",1,1,1,0,1,1,1,1,1,7
"R_3OqJNGKsvNTZs9Y",0,0,0,0,1,1,1,1,1,5
"R_7ez7MriTXjejJC2",2,2,1,1,0,1,1,2,1,9
"R_12X5wmxWTc8qh3Z",0,1,1,0,0,0,0,0,0,2
"R_58I4Q6hfuzXQFOx",2,0,0,0,2,1,2,2,1,8
"R_1yrHLXxiXfBpYWJ",2,2,2,0,2,2,2,2,2,14
"R_7OPVx66hHwwPYOs",1,1,2,2,2,2,2,1,1,13
"R_7XiCVkmVutzQs1O",1,2,0,2,1,2,0,1,0,8
"R_7prIEyfgxpjQhvr",1,1,0,0,2,0,1,1,1,6
"R_10wUwpQmoXdvyO7",2,2,2,2,2,1,2,2,2,15
"R_6rkXrCLgJVt3dDj",2,0,1,0,1,2,2,0,1,7
"R_3BA91EDJt5yeJqO",0,0,0,0,0,0,0,0,0,0
"R_37HTjiEy7eyRlhw",1,1,1,1,1,2,1,1,1,9
"R_1FLkMO3vfrw1uMy",1,0,0,0,1,1,1,1,0,4
"R_5C8ynOQuZHN74qM",1,0,0,0,1,1,2,0,2,6
"R_1IwmMjhBLuoyiCB",0,0,0,0,0,0,0,0,0,0
"R_3eRg4N5LM6CcG2m",2,2,2,2,1,2,1,1,1,12
"R_3A0fWLi30ZPDSVj",1,0,0,0,1,2,1,1,1,6
"R_7oQPi2nKfOL50KB",0,0,0,0,0,0,0,0,0,0
"R_1jiCSCifVR3LAdW",1,2,1,0,1,1,0,1,1,7
"R_5FJlyc0MyLnL958",2,2,1,2,2,2,1,2,2,14
"R_7aIYFnFjpt0UAvv",0,0,0,0,1,0,0,0,0,1
"R_5h0gUw9g6wRMdEg",2,1,2,2,2,2,1,1,1,12
"R_6pBg2X782vUmMdX",0,1,1,0,0,0,0,0,0,2
"R_3gtgjYgYKrJi389",1,1,1,0,1,1,1,1,1,7
"R_1n8GzjSOT8GaTQd",2,0,1,0,2,2,1,2,2,10
"R_1OHG95IozQ4AcJr",1,1,2,1,1,1,2,1,1,10
"R_7usJiKjcEwzZD7h",2,0,1,0,2,1,1,1,1,7
"R_3KljfxutjygJ3AR",1,1,0,0,1,1,0,0,0,3
"R_1pHdMVd3hcQrGy5",0,0,0,1,1,0,0,0,0,2
"R_7QtEnEFa3wAx3zj",0,0,0,0,1,0,1,0,0,2
"R_6DHqxnMKvrVBXwt",0,0,0,0,0,0,0,0,0,0
"R_5ePuhcORGYi2UIb",0,0,0,0,0,0,0,0,0,0
"R_59aWMbuIYpL4Fe0",1,2,1,1,0,1,1,0,1,7
"R_1rxI0dJppoKlOQV",1,1,0,1,0,0,0,1,0,3
"R_1wzYgUpy8FENH76",1,2,1,0,0,1,0,0,0,4
"R_6Sg0CtULnaAoFH3",2,2,1,0,1,0,0,1,1,6
"R_3TIykVe1REHdYQ1",1,1,0,0,1,0,1,2,1,6
"R_7sMwTP3HEqmcbFT",1,2,2,2,2,0,2,2,2,14
"R_5PZqLMxUWGMxcIY",0,0,0,0,0,0,0,0,0,0
"R_5Rr4JPCkcwI0r8n",1,1,0,1,1,0,0,0,0,3
"R_7MlzTKkdXR9Aklr",0,0,0,0,0,0,2,0,0,2
"R_6cUpbnrwRnxakjh",1,0,0,0,1,0,1,1,0,3
"R_7YM6Rf2fdp8KueI",0,0,0,0,1,0,0,0,0,1
"R_5eL8vtV1yB7vh1T",1,1,1,2,1,1,1,1,0,8
"R_5rjShz1zc8hZVYE",2,0,0,0,1,2,1,2,2,8
"R_1OkCwKXdfwK5aqB",0,0,0,0,0,0,0,0,0,0
"R_7mDwOBw7s0qaQtq",1,1,1,0,1,1,1,1,1,7
"R_6dcNHppBA1Mp9Fe",1,2,2,1,1,1,1,1,1,10
"R_3wKU79SyjdyBMnk",1,0,0,0,1,1,1,1,0,4
"R_3qjIhgK5y3nUjpC",1,2,2,1,2,1,2,2,2,14
"R_5MbZihlyeCN4Qh1",1,1,1,1,1,1,0,1,1,7
"R_1qCWv1qlEmbuDLo",1,2,2,0,1,1,1,1,1,9
"R_10UxMDsMVIhnoh9",0,0,0,0,0,0,1,0,0,1
"R_6JiaiHsBq0h426B",2,0,0,0,2,2,2,2,1,9
"R_6CmetbM7zLZMhQa",0,0,0,0,0,0,0,0,0,0
"R_3ob7v6i1y9xUXQB",2,0,0,0,1,0,1,1,0,3
"R_3wjg1sZe0EkZHul",0,0,0,0,1,0,0,0,0,1
"R_3dKEPjLL1Nq6CrH",0,0,0,0,0,0,0,0,0,0
"R_18sf7b999Pv0w7f",0,0,0,0,0,1,2,1,0,4
"R_1YaLMRsxkrfQT9n",1,1,1,0,1,0,0,1,1,5
"R_5aFwsuByz1zLHFV",0,0,0,0,0,0,0,0,0,0
"R_7DO9gDBqtctC2Cb",1,2,2,0,1,1,2,1,1,10
"R_114g6pjuBx5AvQq",1,1,1,1,1,0,1,1,1,7
"R_7CNj430G9Gf6zkM",1,0,0,0,1,1,1,1,1,5
"R_3mUl4hnWkQsOtFp",1,0,0,0,0,0,1,0,0,1
"R_3GIAMSJFo6rQT77",0,1,0,0,0,0,0,0,0,1
"R_7He94ppuZrxRUXv",0,1,1,0,1,0,1,1,0,5
"R_58aQ9Lqu9T1jSbT",1,1,1,1,2,1,0,1,1,8
"R_3CDuwlSLevvpvPd",0,0,0,1,1,0,1,1,0,4
"R_10SgocvjcYGUOop",1,2,1,1,2,1,1,1,1,10
"R_5LgUimIlyauBn44",0,0,0,1,1,0,1,1,1,5
"R_7n1rRn9eyOS2Apu",0,0,0,0,0,0,0,0,0,0
"R_7yoeMH4cTH4yK9r",0,1,1,1,0,0,1,0,0,4
"R_7zDtMIE46cG6gN3",2,2,2,2,2,2,1,1,2,14
"R_5R1HoLDPMo5Qjq8",0,0,0,0,1,0,0,0,0,1
"R_1PHMnWDyU33tkcA",1,1,0,0,1,0,0,0,0,2
"R_7i5kRVat6jVWK6Q",1,2,1,0,1,1,2,1,2,10
"R_1Mm4TUF8lN3RH4h",1,2,1,1,1,1,1,1,1,9
"R_7lcb8GLvIYqVLE0",2,2,2,2,0,0,0,0,2,8
"R_6t9W9dvlvurObRd",2,1,1,2,2,2,1,2,2,13
"R_7F4Kd95yZmIuur2",0,0,0,0,0,0,0,0,0,0
"R_7PBbR4M62NpzphA",1,1,2,1,2,1,1,1,2,11
"R_5PDwTdxYhCMiqKl",0,0,0,0,0,1,1,1,1,4
"R_5TKRnfxPPN6kAyR",2,2,0,0,0,1,1,1,1,6
"R_7jW0xD08RZNhLMd",1,1,2,1,2,2,1,2,1,12
"R_5f3Ove9840ufj43",1,2,2,1,1,2,2,1,0,11
"R_1Yycgl6YkfeDV5f",1,0,0,1,1,1,1,0,1,5
"R_1w0LAI68jz3tHhs",2,0,0,0,2,2,2,2,2,10
"R_7HjeA5NVqNHEn4b",2,0,0,0,2,2,2,2,2,10
"R_1JdYMIXBbFnRhMK",0,0,0,0,1,0,0,1,0,2
"R_17TE3uIaNjj5GAS",1,1,1,2,1,0,1,1,0,7
"R_6Y4aGORvjvLXwT2",1,0,0,0,1,1,1,1,1,5
"R_1g0x63j7ZqA3O2L",1,0,0,0,1,1,0,0,0,2
"R_8tPLj3W5d5J65bj",1,1,2,1,1,0,2,1,1,9
"R_6fvkdtpITkdmssM",0,0,0,0,1,2,2,0,1,6
"R_1nblzQ53UCyyChb",1,0,0,0,1,1,1,1,0,4
"R_5pSBX41VIENVGlb",0,0,0,0,1,1,0,0,1,3
"R_3FHZz1SlTev7QDn",1,2,2,1,1,1,1,1,2,11
"R_7PUHaeEXlSIozB4",0,0,0,0,1,1,1,1,0,4
"R_1OrmfvViIIXPDdr",1,2,2,1,2,1,1,1,1,11
"R_5WJzyXm1bPb1Mqr",0,0,0,0,0,0,1,0,0,1
"R_1mL80iqJBhDtnVr",2,0,0,0,0,0,1,1,1,3
"R_1VcbQ3znfpYryoN",2,0,0,0,1,1,1,1,1,5
"R_73BSGFP020mNMRZ",1,2,2,2,1,0,1,1,1,10
"R_7znMte9Fn0Kw6yq",2,1,1,0,1,1,1,1,1,7
"R_5c6nqaZjkF2vfuj",0,1,0,1,1,1,1,1,1,7
"R_74HSw0iTvD62TuS",1,1,2,1,1,1,2,1,1,10
"R_3H0oNQ7oDr9XRRH",1,0,0,2,1,1,0,1,0,5
"R_6102HTDOsz0J6SJ",0,0,0,0,1,1,0,0,0,2
"R_5vcqYL0BizsO7Qd",0,1,2,0,1,1,2,2,1,10
"R_7dogZ0Oz7azj1Xw",1,1,1,0,1,0,1,1,1,6
"R_3f2DHwfgRS0sAJG",0,0,0,0,1,0,1,1,1,4
"R_71TYMAVazqHNOcV",1,1,1,1,1,1,1,1,1,8
"R_5EHpaPbouwc4Aui",1,0,2,1,0,1,1,1,1,7
"R_169hOny4gr1kra1",0,0,0,0,0,0,0,0,0,0
"R_7DBxEAwbQm3IGaZ",0,1,1,1,0,0,0,0,0,3
"R_72VqWQ64cS9s1eS",0,1,1,0,1,1,0,0,1,5
"R_5qKBbFgLjUv6MvY",0,0,0,0,0,0,0,0,0,0
"R_7S8Yw1ljOZQdAUV",0,0,0,0,0,0,0,0,0,0
"R_1ygyr8RAzKWxizU",1,1,1,2,2,1,1,1,1,10
"R_1zx0Ht0LHoseGoD",0,0,0,0,0,0,0,0,0,0
"R_1EWOAaGRUzstYXe",0,0,0,0,1,1,1,1,0,4
"R_3aCtBWhSdvXdKIv",1,2,0,0,0,1,0,0,0,3
"R_7qaqCc0Dq7AD704",0,1,0,0,0,0,0,0,0,1
"R_5zJj0DBWnq8VaiF",0,0,0,0,0,0,0,0,0,0
"R_7KBKtmqWpZeeFIC",1,1,1,1,1,1,1,1,1,8
"R_7sd776tgHyHsY4x",2,2,0,1,1,2,1,2,2,11
"R_7jd2sk5m4kwCFkh",1,0,0,0,1,1,1,1,1,5
"R_1uw8Em9r995XY3H",2,2,1,2,1,0,1,2,2,11
"R_6PdMi1TwYvawJlW",0,0,0,0,1,0,0,1,0,2
"R_7h6E7YF3YFBnKpD",1,0,0,0,1,1,1,2,1,6
"R_7qHB1hl0ryivssd",1,0,0,0,1,2,1,1,2,7
"R_16aV2o4LR1hMeDb",1,1,0,1,1,0,1,0,1,5
"R_67PcRAXtMP0JUaQ",0,0,0,0,1,0,1,1,0,3
"R_3gCQAlE9kRFCBjz",0,1,1,0,1,1,1,1,1,7
"R_6qwfdFvKxe98zeJ",1,0,0,0,1,1,1,1,1,5
"R_70uDhyahvtsqduM",1,1,1,1,1,1,1,1,1,8
"R_7K2UaEf13kPFlf5",1,0,0,1,1,0,1,1,1,5
"R_1m2a7udOCDun13J",1,0,0,0,1,0,1,0,0,2
"R_15F4qBHBI8cfkAB",0,1,1,1,1,1,1,1,1,8
"R_5qgj4blxxqm1H3i",1,1,0,0,0,0,1,1,1,4
"R_3dHciQA5t6DOvw3",1,1,0,1,1,1,2,1,1,8
"R_3dMlw1oFPhqtbXI",1,2,2,1,1,1,0,2,1,10
"R_3LbDPvF5pZ04z9T",0,0,0,0,1,0,0,0,0,1
"R_38NVKpny3dgtqyC",2,2,0,0,1,0,0,1,1,5
"R_5EiKfJljrEZ15zh",0,0,0,0,0,0,0,0,0,0
"R_7alPva89UP0o5eG",0,1,1,1,0,0,0,0,0,3
"R_1Pd4ZMroipqVHCj",2,2,2,2,1,1,1,1,2,12
"R_3HRRLg2KU5uPl6x",1,1,0,0,1,1,0,0,0,3
"R_5JgfZUL3aaCOYpO",2,2,1,0,2,1,1,2,2,11
"R_6dGknuFTemF90Vf",0,0,0,1,1,0,1,1,0,4
"R_6finOPOpHNPbG1j",1,1,1,0,1,0,0,1,1,5
"R_1EAsCCQKlzUirN1",0,1,0,0,0,0,0,0,1,2
"R_6zTpgls81lmbP0t",1,1,2,2,2,2,2,2,2,15
"R_11tlkNzOkYrwCUS",0,0,0,0,0,0,0,0,0,0
"R_6dFXBS5Si207siG",1,0,0,0,1,1,1,1,1,5
"R_6F06Glbz5OzTcL7",1,1,0,0,1,1,1,1,1,6
"R_7IrPij1BKJtdzbR",0,0,0,0,1,0,1,1,0,3
"R_72Siro7VW7tRzkZ",1,1,1,1,1,0,1,2,2,9
"R_1yX02JbLMN46ckp",1,2,1,1,1,0,0,1,1,7
"R_5zaS6WQFyO5qPmN",0,0,0,0,0,0,0,0,0,0
"R_6ldSvtUjE6pIjKN",0,1,1,1,0,1,0,0,0,4
"R_7rOG1T8grQYPs8h",2,1,1,1,1,2,1,1,1,9
"R_1AQLRnuKuEWNIkI",1,1,2,1,1,2,1,1,2,11
"R_1I6RIVENtMLqQUB",1,1,1,1,1,0,0,1,1,6
"R_3MXNNpQV2QTJ9Cy",0,0,0,0,0,0,0,0,0,0
"R_5PAwH071nrHgdJX",1,0,0,0,0,1,0,0,0,1
"R_1w4z1tu6mG3geuB",1,1,1,0,0,1,1,1,1,6
"R_5xzz9CXJ4AvzLcl",1,1,1,1,0,1,0,2,1,7
"R_6stlrHG7rffrDXP",1,2,2,2,1,2,1,2,2,14
"R_7iufYs99mW3yj5L",0,0,0,0,0,0,0,0,0,0
"R_5bWpWG1wlKatK7T",1,1,1,1,1,1,1,1,1,8
"R_5lCJPrnlL8uEYfv",1,1,0,1,1,1,1,1,1,7
"R_6GhiklJsQhaWgnf",0,0,0,0,1,0,0,0,0,1
"R_3r0y6BLStOncJIB",1,1,0,1,0,2,0,0,0,4
"R_60GddwPLZm2WSpL",0,0,0,0,0,0,0,0,0,0
"R_60P7JYiwnN3GzGk",0,0,0,0,0,1,0,1,1,3
"R_6LopW5umgokWXAU",0,1,1,1,1,1,0,0,0,5
"R_1pF8QYJFGD4hoCB",0,0,0,0,0,0,0,0,0,0
"R_3CTlFsCWnVhuvNW",0,0,0,0,2,1,1,1,0,5
"R_5H208Tm2byZ91Wb",0,0,0,0,0,0,0,0,0,0
"R_1F37Kmyp23VsB59",1,2,0,2,1,1,1,1,2,10
"R_5Ibmzt5tVhFDd6o",0,0,0,0,1,0,0,0,0,1
"R_5tE0mtDRo0YJ5aV",2,1,1,1,1,1,1,1,1,8
"R_6jiVTlT1R6EqKVe",2,2,1,1,1,0,0,1,1,7
"R_1rIk7td49Pow0et",1,0,1,0,1,1,1,1,1,6
"R_2oEC4HxII5jKLLL",0,0,0,0,0,0,1,1,1,3
"R_5ylvzzWFHrbDGxN",1,1,1,2,0,1,1,1,1,8
"R_1RxHm4OOuJlfpa9",1,0,0,0,1,0,0,0,0,1
"R_3McBmfq2KRDKQEC",0,0,0,0,0,0,1,0,0,1
"R_3ohy07eHUUeYKp2",1,1,0,0,0,0,0,0,1,2
"R_1qI5L2BLlPaAblK",1,1,1,0,2,1,0,1,1,7
"R_5PcoGWjFsRj1joE",2,0,0,0,0,0,0,0,0,0
"R_5WDB38s1vy5QYXV",0,1,0,2,1,1,0,1,0,6
"R_5e4NnaSSq4hFvKT",0,0,0,0,0,0,1,0,0,1
"R_7prJE4PhW8CpLxY",0,0,0,0,1,0,0,1,0,2
"R_11dqQxHnak3INK0",2,2,2,2,1,2,1,2,1,13
"R_1sayNeYv020u5P2",0,1,0,1,2,2,2,2,1,11
"R_1gqAMEtVincD3Mx",1,0,0,0,1,0,0,0,1,2
"R_7I75ACYSV00s1xA",0,0,0,0,0,0,0,0,0,0
"R_7fkm7IRFmJBvH8Z",1,0,1,0,0,1,1,1,1,5
"R_1gTpXjQHhju4ku4",1,0,0,1,0,0,0,0,0,1
"R_5DSfVLR66aTVyJX",0,0,0,0,1,0,0,0,0,1
"R_5Hq3m8mu135Eamq",1,1,1,0,1,1,1,1,1,7
"R_5igRmYVFik4Dfbz",0,1,2,1,1,1,1,1,1,9
"R_7kcQizqGgcWrDgJ",0,0,0,0,1,0,0,1,1,3
"R_1SigqWleAcLOX18",0,0,0,0,0,0,0,0,0,0
"R_1GuohUMMUEnFvRn",1,1,1,0,1,1,1,1,2,8
"R_1J6ANvk8Fq9aVe9",1,1,1,1,0,1,0,1,0,5
"R_53xVrBm2sxauD33",0,0,0,0,1,0,0,0,0,1
"R_56kHJEAy42p6fep",2,2,1,1,2,1,1,2,1,11
"R_13jeAW48Huud0cN",1,1,1,0,1,1,2,1,1,8
"R_3431dwm2WlFhKox",0,0,0,0,0,0,0,0,0,0
"R_5tllqoBWhJMjVLn",0,2,0,0,0,0,0,0,1,3
"R_7v3ctLFVjoKz0pK",1,1,1,1,1,1,1,1,1,8
"R_5RkoVc51g5LX74M",0,0,0,0,0,0,0,0,0,0
"R_1P0hCbjU556NeVt",0,0,0,0,2,1,2,2,2,9
"R_5kUFi3285msYNmp",2,2,2,0,1,1,1,1,2,10
"R_5Mt2Ssx1UR9Bu7v",2,0,0,0,1,1,1,1,1,5
"R_6Keox7S6SKhqp0J",0,0,0,0,0,0,0,0,0,0
"R_9qTXNQzcUzej4rJ",2,0,0,0,1,1,2,2,2,8
"R_7Do44e0FzIKW61m",0,0,0,0,0,0,0,0,0,0
"R_3pi2cf2s5Wk8Hbf",0,0,0,0,1,1,1,1,1,5
"R_61G9f4NTJ1OFOUp",2,2,2,2,1,1,2,2,2,14
"R_6OYI8Wx0Yh8Oy5x",0,1,0,0,0,1,0,1,0,3
"R_7lgJ0wSMeyqbLkM",0,2,0,0,0,0,0,0,0,2
"R_7maUNcUixGsUwVM",1,1,0,0,2,1,0,1,1,6
"R_5CIp3b0EeTBsPeB",0,1,1,0,1,1,1,1,1,7
"R_77HP1j2rwKQe7N7",0,0,0,0,0,1,0,0,0,1
"R_35sflNi1UfK3GgX",2,0,0,0,1,1,1,1,0,4
"R_5l49BYgerK37t0B",2,0,1,0,2,1,1,2,1,8
"R_6VPwmew9n51jfhv",2,2,1,0,1,1,1,1,0,7
"R_6qfD38WBGs83PA1",1,0,0,0,2,2,2,2,1,9
"R_6sojCaqFbEVE0kF",0,0,0,0,0,0,0,0,0,0
"R_796XHMtpGldWMfD",1,0,0,0,1,1,1,1,1,5
"R_6gBkRCJzWl9nLyZ",2,2,0,0,1,0,0,2,2,7
"R_7CkUojfXdv83rVS",1,2,0,1,0,1,1,1,1,7
"R_6bUJOXQEMmerkGJ",2,0,0,0,2,2,1,1,2,8
"R_1MNjVMHuxVNF9vh",2,2,1,1,2,1,1,1,2,11
"R_3QWy7IDjLL7BsyZ",2,2,1,2,1,0,0,0,0,6
"R_1Ivoupgo6cPb4Vz",1,0,0,1,1,0,0,0,1,3
"R_5jNiaP9MZBLp8We",2,2,0,0,2,2,0,0,2,8
"R_65HCxOsrOiKfAHO",1,2,0,0,0,1,0,0,1,4
"R_1Pc8wxv0ZlELcsM",0,0,0,0,0,0,0,0,0,0
"R_3M0yEAfxtGvjxgg",2,0,1,0,1,2,0,1,2,7
"R_5ml43dIlAw8oIUL",2,2,2,2,2,1,1,1,1,12
"R_7HCDGhzCVyMcWRf",0,1,0,1,0,0,0,0,0,2
"R_74Jnn31p8bZJ0oV",1,2,1,0,1,0,2,0,1,7
"R_14cqqmC18GfGrlL",1,1,1,2,1,0,1,1,1,8
"R_75ucgeXStJa1V61",1,2,0,0,1,2,1,1,1,8
"R_7fpuylnspmTVhDZ",0,0,1,0,0,1,0,0,0,2
"R_7oHoBfFvzG02dPx",0,0,0,1,1,0,0,1,0,3
"R_3aLKr40ggIcY3Sh",2,2,1,0,1,1,1,0,1,7
"R_1GjIwQ4QXOAiYC9",1,2,0,1,1,1,1,2,2,10
"R_6afwr302sZ5FdwG",1,2,2,0,1,0,1,1,1,8
"R_3JRHjFHo4dug7vP",0,0,0,0,0,0,0,0,0,0
"R_17Ch8wcmALBzGsh",1,1,0,0,1,0,0,0,0,2
"R_5roJofK0pjcS6D4",1,2,1,0,1,1,1,1,1,8
"R_7uQFgrlb8gUiu4G",0,0,0,0,0,0,0,0,0,0
"R_1wGi9qq07Whb26k",1,0,0,0,1,0,1,1,0,3
"R_7TTrPo04jfcdqT8",2,2,1,0,1,1,0,2,1,8
"R_1ansoMEzya1SoHV",0,0,0,0,1,0,0,0,0,1
"R_3S93nGR1rveZsqE",0,2,1,0,0,0,0,0,1,4
"R_7CwGoJGPPGQCqYi",0,1,1,1,0,1,0,0,0,4
"R_3zqKeoTgNEjbqaT",1,1,1,1,1,1,1,1,1,8
"R_6YnfscV6JUhC2IO",1,1,0,0,1,0,0,0,0,2
"R_57SyBCB2WuXpQl3",2,0,0,0,1,0,1,1,1,4
"R_6fl1Cje1nzzEqTt",2,2,1,2,2,1,1,2,2,13
"R_1Z5B8gSr6ms3TIB",0,0,0,0,0,0,0,0,0,0
"R_1to7h2sr7mOYwdH",2,0,0,0,2,1,2,2,2,9
"R_3oJRpsDvPPeXwxH",1,2,1,0,1,2,0,1,1,8
"R_5DvTy7gRvsnJFlf",0,0,0,0,1,0,1,0,0,2
"R_6AGMvKD6asAi17f",0,0,0,0,1,0,0,0,0,1
"R_7rJ4KRWsQQehYLi",0,0,0,0,0,0,0,0,0,0
"R_5K3GpWFOAgsRDmY",0,0,1,1,1,1,1,1,1,7
"R_18IEZEGCBmQ2QGZ",2,0,0,0,1,1,1,1,1,5
"R_741SXbyfRKi7Gdz",0,0,0,0,0,0,1,1,0,2
"R_7jAa7muxvbj6VfH",0,0,0,0,0,0,0,0,0,0
"R_7ZbXnsQUZeEczCN",0,0,0,0,0,1,0,0,0,1
"R_58JkO0vNl64sBQ5",0,0,0,0,1,0,0,1,1,3
"R_6fNxEPNSxfWVXCV",0,0,0,0,0,0,0,0,0,0
"R_7LFp9JfEfzRZN9T",1,1,1,0,1,1,1,1,1,7
"R_5imU0pR4LvN98ob",0,0,0,0,1,0,1,1,1,4
"R_5rdhhnq2msr4Z76",0,0,0,0,0,0,1,0,0,1
"R_7OVm8AfdCMyQ9MN",0,0,0,0,0,0,0,0,0,0
"R_5tEHudzMUduPpvp",2,2,1,2,2,1,2,2,2,14
"R_7VgR6sHl7EZK123",1,2,2,2,1,0,1,1,2,11
"R_7g11nzA2jjUGmbK",1,0,0,0,2,2,2,2,1,9
"R_3wbm19TpYalz4t3",0,0,0,0,0,0,0,0,0,0
"R_7K0UXUthxYhSA0A",1,1,1,1,1,1,1,1,1,8
"R_3pzfaf2zS5IXoRN",1,0,0,0,2,1,1,1,1,6
"R_1KnyBcZsWHfSfNn",1,0,0,0,1,1,1,0,0,3
"R_7NTV4FIYDIiLroV",2,1,1,2,1,0,0,1,0,6
"R_35TRQRUFWQLKFOx",0,0,0,0,0,0,0,0,0,0
"R_5pPh0hxn4w8gztS",1,1,1,1,1,1,1,1,0,7
"R_5rYrCxZ79sliXyb",0,0,0,0,0,0,0,0,0,0
"R_5qP9pcvJiErJg66",0,0,0,0,0,0,0,1,0,1
"R_1my0gusJNwVN47S",1,1,1,0,0,1,1,1,1,6
"R_3WUzt3NkpV5zakt",0,0,0,0,0,0,0,0,0,0
"R_7RWkqOusSPiqPeM",1,1,1,0,1,0,1,1,1,6
"R_5uwW1GNPHEPZEjP",1,1,1,1,1,1,1,1,1,8
"R_5WCihAOgcUedcZk",0,1,1,1,1,1,0,1,1,7
"R_3MR2wOcKDEOtwyF",1,0,1,0,1,1,2,1,0,6
"R_3m1UZFQc7rb44l9",1,0,0,0,0,1,1,0,0,2
"R_65EAY7lqI7ivK4L",0,0,0,1,1,1,1,0,0,4
"R_3gRbotitIRcBM7b",0,0,0,0,0,0,0,0,0,0
"R_6ePcGCUHHITSAEc",1,2,0,0,1,1,0,1,1,6
"R_11szzmPs5mGRu6J",0,1,0,0,0,0,0,0,0,1
"R_5gj5yKRvpTzaVNx",0,0,0,0,0,0,0,0,0,0
"R_75tnqr6vGdsHloP",0,1,1,0,0,0,0,0,0,2
"R_5RyHeKsHGHX3r7X",0,0,0,0,1,0,0,0,0,1
"R_3uxMDIM68Ryg7Zb",1,1,0,0,1,1,0,1,0,4
"R_7IQPqmlATzALGUO",0,0,0,0,1,0,0,1,1,3
"R_3xDlq2S6uPw5w8P",0,0,0,1,1,0,0,0,0,2
"R_3dYGhjebxDJwtJ4",0,0,0,0,0,0,0,0,0,0
"R_170LRwVEPhBnadb",0,1,0,1,0,0,1,0,1,4
"R_5DpW3cwN0vrKupI",2,2,2,2,2,1,1,2,2,14
"R_1YJ4PhVqGeXyzaV",1,2,1,0,0,1,0,1,1,6
"R_5wLKofpoMG6ifbr",1,1,0,0,1,1,0,1,0,4
"R_1i1OwAEpRdxdVN7",0,0,0,0,0,0,1,0,0,1
"R_3M9xhlRWE2z06ER",0,2,1,1,0,0,0,1,0,5
"R_5LtmRRCFrFNzPxb",2,2,2,1,1,1,0,1,2,10
"R_5lt6t4j8YY71s3C",1,0,0,0,1,0,0,0,0,1
"R_3flcaFWiEzGlW0z",1,1,1,1,0,1,0,0,0,4
"R_5R4wMYSZx064Fxq",1,2,0,1,1,2,1,0,1,8
"R_5JfL2nIAUug4iPa",0,0,1,0,0,0,0,0,0,1
"R_6oM8rMgHrXTOZ0o",1,0,0,0,1,1,1,1,2,6
"R_5pKjJBb1i8PpMbj",0,1,0,1,1,0,0,1,0,4
"R_3COVtMZnAkIXYQx",2,1,2,2,1,1,2,1,2,12
"R_3RTiyVGeYz0aYlX",2,1,1,1,1,2,1,1,2,10
"R_9Ko6VUlnS5brTqN",0,1,1,0,1,0,0,0,0,3
"R_13f26CHXBygN3UE",1,2,0,0,0,0,0,0,1,3
"R_6HOG4TBXusNkrXT",1,2,1,1,0,1,1,1,1,8
"R_7isTWLL25asnz86",2,2,2,1,1,1,0,1,1,9
"R_3nNsH4otQiGWhBf",0,1,0,0,0,0,0,0,0,1
"R_7CE0guvfyrrt836",1,1,1,0,1,1,0,1,1,6
"R_7fZQD4Jf65YZHCU",0,0,0,0,0,0,0,0,0,0
"R_7Hzwt9UmKWEwFQH",1,1,1,1,1,0,0,0,1,5
"R_1coUgYVdOvnwtTb",0,1,1,0,0,0,0,0,0,2
"R_1nwsNfArFfIHHtB",0,0,0,0,0,2,1,0,0,3
"R_6veV1V1XDql3BJi",1,2,0,1,0,1,1,1,1,7
"R_3PRnL9GkacgrAn6",1,1,0,0,1,2,1,1,0,6
"R_6m37LAKqjV0TJuC",1,0,1,1,1,1,1,1,1,7
"R_1WJ8M91QaGqkKrx",1,0,0,0,1,1,1,1,1,5
"R_7QEZnQTtIJiVFow",1,0,1,2,0,0,0,1,1,5
"R_3E1lAhesUhGJxEd",0,2,1,1,1,1,1,0,1,8
"R_3CNS4ExL4KVFzTw",0,0,0,0,0,0,0,0,0,0
"R_5q8XXif9YDAgoQV",2,1,2,1,1,0,1,2,1,9
"R_1pVBtsd9NtU9y8d",1,1,0,0,1,1,0,1,1,5
"R_5Tdv92OtUPduJbP",1,1,0,0,0,1,0,1,0,3
"R_1ZpdzuFb6nfizmN",0,2,2,1,1,1,1,2,2,12
"R_6jTBkys7hizQQIH",1,2,1,1,1,1,1,0,1,8
"R_7jUlInnnlaVlm8J",2,0,0,0,1,1,2,1,0,5
"R_5SwchB5xw2PBOO3",1,2,2,1,1,0,1,1,0,8
"R_62gNZjHo4EQTbBy",1,2,0,0,1,1,0,1,2,7
"R_6t3Tr4mwzMdFcAg",1,0,0,0,1,1,1,1,0,4
"R_5r2HFQsXV0AewHn",1,2,0,0,0,1,0,1,1,5
"R_1diUIDmLMvzF6aY",0,2,0,0,1,1,1,1,1,7
"R_1IsWVQc0OZa6DNr",1,1,0,0,1,0,1,0,1,4
"R_6zCi0ZMwXNY1dGs",2,0,0,0,1,0,1,1,1,4
"R_7ey8UkBc9W3Pnj3",0,0,0,0,0,0,0,0,0,0
"R_1Hno6wtMOtcC0cW",0,1,0,1,1,0,0,1,0,4
"R_6f6SFVdsQoo2mz6",1,1,0,0,0,0,0,1,1,3
"R_3mk6xQHooB8Huby",0,0,1,1,1,0,1,1,1,6
"R_5j8p5Vo90h0FG1x",0,0,0,0,0,0,0,0,0,0
"R_5GVVqzHEujWmsNP",1,2,2,1,2,2,1,2,2,14
"R_1e8rHsVDW9fQOzo",2,2,2,2,1,2,2,2,2,15
"R_3XnsJpTLws66Xar",2,2,2,2,2,2,2,2,2,16
"R_6ESDeeWeeX7ZQeG",1,2,0,0,1,1,0,1,1,6
"R_1DP9eJZCP1OBbNh",2,0,0,0,0,1,0,0,0,1
"R_12eqqTBycuY6KFr",1,1,2,1,1,1,0,1,1,8
"R_3PcpXLqgY3JN4Ac",1,2,2,2,1,1,2,1,2,13
"R_7DYWGg0sn2qvHTX",1,2,2,0,1,0,0,0,0,5
"R_5SLTqvccMdG5oul",2,0,0,0,2,1,2,1,2,8
"R_7vpFRXW8ufjTUiZ",1,0,0,0,1,1,1,0,0,3
"R_52lhe45eUySh6NK",1,1,1,1,1,1,1,1,1,8
"R_1VaolO01zRBuxUY",0,0,0,0,0,0,0,0,0,0
"R_5Ky0tWaYFSLDAT5",2,0,1,0,2,1,2,1,1,8
"R_1FRqnmZCAG3xmWl",1,1,0,0,1,1,1,1,1,6
"R_75TpK6lYpXxnUGl",1,2,2,1,1,1,1,1,1,10
"R_65uuOBQuhlHu4cy",1,1,0,1,1,2,1,1,2,9
"R_7DrS6Fm6TrOqra9",1,1,1,1,1,0,2,1,1,8
"R_5PzNB33lG690A60",0,0,0,0,0,1,1,1,0,3
"R_54DicyqwBIaTQvR",2,2,2,0,1,0,1,2,2,10
"R_5JrblWrGRpNsRAW",0,0,0,0,0,0,0,0,1,1
"R_3GNvpqbl7vKY4HQ",2,2,2,2,2,2,0,2,2,14
"R_38U7lY4dRg210M2",2,2,1,0,0,0,0,0,1,4
"R_1kyjyFMadgqbC1P",0,0,0,0,0,0,0,0,0,0
"R_7kby0wT3hZX3eTL",1,1,0,0,0,1,0,1,0,3
"R_6LGrAKPdslOIyjH",1,1,1,1,1,1,2,1,1,9
"R_7kG3WFkHGrSbhqN",0,0,0,0,1,0,1,1,0,3
"R_6g6nUxrNBYlWHG3",0,1,0,1,2,2,1,2,2,11
"R_7gT4ovKVXu6wfSg",2,1,1,2,1,0,1,1,1,8
"R_6WOu2X3EXLmpG5j",1,1,1,1,2,1,1,1,1,9
"R_5D7AvHDLoubPD6d",0,1,0,0,1,1,0,0,1,4
"R_5sp1OTcYxdTBOPc",1,1,0,1,1,1,1,1,1,7
"R_5feArODia9KIdNJ",0,0,1,0,1,1,1,1,1,6
"R_6813LD5V2VBexyh",1,2,0,1,2,0,1,0,1,7
"R_5wtMvFOrwYs2lmV",2,2,2,0,1,1,1,1,1,9
"R_6COZ2QDg7ahTBro",1,0,0,0,1,0,0,1,0,2
"R_30dmf15IH492c6J",1,2,0,1,2,0,1,0,1,7
"R_7uplO4CroJuK1Bf",1,1,1,0,1,1,0,0,1,5
"R_5E112Kdc9B5eeIq",0,0,0,0,0,1,1,0,1,3
"R_6EiyxtDCB1wuyL5",1,0,0,0,0,0,0,0,0,0
"R_1oAQTesiRxTvn55",1,2,1,1,0,1,1,1,1,8
"R_35NGvxIeJE1eqfZ",0,0,0,0,1,2,2,1,1,7
"R_70hO1uBKtZ5Y1Ls",0,0,0,0,0,2,1,0,0,3
"R_72D8qSiOPXzVZ9R",1,0,1,1,1,1,0,1,1,6
"R_3ESboLdcNKqTQOS",0,0,0,0,1,0,0,0,0,1
"R_10OsPGhyDwBI9kE",1,2,2,1,1,1,1,1,1,10
"R_3Jg52uGh6mYxzJ7",0,0,0,0,0,0,1,0,0,1
"R_61hFbc6r2FVxfhi",1,0,0,0,1,0,1,0,0,2
"R_5azrZRXFW70Zl2M",1,1,0,0,1,1,1,1,1,6
"R_1X5v6e6MRhn3CTo",2,2,2,1,1,1,0,1,2,10
"R_1E9EKMVWG0b4myE",1,0,0,0,1,0,1,0,1,3
"R_7wvRFUArj8pMGpO",1,2,1,1,1,0,0,1,1,7
"R_161xBTa6RbcVN3X",0,0,0,0,0,0,0,0,0,0
"R_6Pjuw2O3aqRXaCU",1,1,1,1,1,1,1,1,1,8
"R_6TTP7rYj6gNjHKW",2,0,0,1,1,1,1,1,1,6
"R_5aCB9Qv1zahCbqV",1,1,1,0,2,1,2,2,1,10
"R_1170WjJHEpEXtWj",1,0,0,1,1,1,1,1,2,7
"R_1eappizCnpLxqEs",1,1,1,0,2,1,1,1,1,8
"R_1FCDb16uLfJe61S",1,1,0,0,1,1,1,1,1,6
"R_6zwNlroSnUwo2Y1",1,1,0,0,1,1,1,1,1,6
"R_6JFIsFakh0FzHSp",1,2,0,1,2,1,2,2,2,12
"R_51hi0ZPPmGnC4kd",1,2,1,0,1,1,0,2,1,8
"R_3aLaYt5sSDkTZu9",1,2,1,0,1,1,0,2,1,8
"R_1M4t1aCyvI7hvNf",1,0,0,0,1,0,1,1,0,3
"R_6FQwI5rrWRakAm4",0,0,0,0,0,0,1,0,0,1
"R_3Qo3HmUgryPo4vx",1,1,1,2,1,1,1,1,1,9
"R_7oWbHJRx9eVh3mF",0,0,0,0,0,0,0,0,0,0
"R_3hsStidCOPFiW3Y",1,1,1,1,1,1,1,1,1,8
"R_31twatt8LnXzkIy",0,1,0,1,1,1,0,1,0,5
"R_36TKpb8ZmQrG1Md",0,0,0,0,0,0,1,0,0,1
"R_6LHyi9WBKC5FUVg",0,0,0,0,0,0,0,0,0,0
"R_1lnl6Ks5BzlkQAb",1,0,0,0,1,1,0,0,0,2
"R_5Kdnbtdn92gv3g6",1,1,1,1,1,0,1,1,0,6
"R_6kTgvMGPho58kd2",0,0,0,0,0,0,1,0,0,1
"R_3Yyr40HiOUWXoL4",1,0,0,2,0,1,0,1,0,4
"R_1KeRptZnJeUCirK",1,0,0,0,1,2,2,1,2,8
"R_3qbb0SLpXxxiZmC",1,0,0,0,1,1,1,1,1,5
"R_7Fqjq4qdiq057IR",2,0,0,0,1,1,2,1,1,6
"R_3DGSVLkpPxRUC5j",1,0,0,0,1,2,1,2,1,7
"R_5MiBxGHwkvjd5fS",1,1,2,2,1,1,1,1,1,10
"R_5YTYvErYeB7OXAJ",2,0,0,0,2,1,2,1,2,8
"R_3MrOtETZMxyQ79T",2,1,0,1,2,1,1,1,2,9
"R_1t9bxsdmklM5cEE",1,0,0,0,2,2,2,2,1,9
"R_5IEtfH3JvpcVhac",1,1,0,1,2,2,1,1,1,9
"R_3Ed44PhFYdVkg9H",1,1,2,1,1,1,1,1,1,9
"R_5KnouKJdDXyA4Uh",0,2,2,2,0,2,2,1,0,11
"R_625ydHqllwQ449y",1,1,0,0,1,2,2,2,1,9
"R_3iJP5JV1LlKLLUS",1,1,2,2,1,1,1,1,1,10
"R_7dFOEPORpH5vgTn",1,1,1,2,1,0,1,0,0,6
"R_7oQLvdqVeX0KEpU",1,1,1,1,0,1,1,0,1,6
"R_6NaVxUE5LLOUlXQ",1,1,0,2,1,0,1,0,1,6
"R_3Ptj7hKnqAjIYef",0,0,0,0,0,0,0,0,0,0
"R_71A2ClMIG4OGeeB",1,1,0,2,1,0,1,0,1,6
"R_545IPftqM571fTX",1,1,0,2,1,0,1,0,1,6
"R_1RuoYcrkEweLS5r",0,0,0,0,0,1,1,0,0,2
"R_3hLQ7Joirxm7awc",1,0,1,0,1,1,1,1,1,6
"R_5oOUns02tRPImw9",0,0,0,0,1,1,2,1,1,6
"R_7j3agWxGKcTpHiZ",1,1,1,2,0,1,1,0,1,7
"R_3QyBUl5z6ucksbV",1,1,1,1,0,1,1,1,1,7
"R_7KQ2FYz3n58GzNe",1,0,0,0,1,0,0,0,0,1
"R_6iAa5nVnm6BWaI1",0,0,0,0,0,0,1,0,0,1
"R_5kRN7UyzQmL5c3o",1,0,0,0,1,0,0,1,0,2
"R_1Ea6I3fCrmPGeYj",0,1,0,1,0,1,0,0,1,4
"R_7imUoqivVEbziVk",1,0,1,1,1,1,0,0,1,5
"R_7pRKZd8tmoUNQOq",2,2,2,1,1,0,2,1,1,10
"R_6mlESN4QArS34U9",1,1,2,2,1,2,0,2,0,10
"R_6cbWWX0zPCvbauv",1,0,0,0,1,1,2,1,2,7
"R_5YxEPX40wPYohnr",1,0,0,0,2,1,2,1,1,7
"R_1kBtfHS3SD3r3JD",1,0,0,1,1,1,1,1,2,7
"R_77QkQMmGppCtLY9",2,2,1,0,2,2,2,1,0,10
"R_5IfUVw0ksInfSm7",1,1,1,2,1,1,1,1,2,10
"R_7jZK2iZDIUmc9gD",2,2,1,2,1,0,2,1,0,9
"R_5vldEJKdaodzFFf",0,0,0,0,1,0,1,1,0,3
"R_3QEX6liTEgJ8HIJ",2,0,0,0,2,2,2,2,2,10
"R_5IYabWsm6nMfFRX",1,2,1,0,0,0,1,0,0,4
"R_60BL20lGV4eQGiY",2,2,1,0,2,1,0,2,1,9
"R_5qwdKXOa7Hw57b0",1,2,2,0,1,1,1,1,1,9
"R_7Lb8Fic06UfMAVj",2,2,2,2,0,2,2,2,2,14
"R_5oAztSzty8uQOMb",1,0,2,1,0,1,1,2,0,7
"R_50bNphWOSre1AYf",2,2,0,0,1,1,1,1,1,7
"R_1Dr6VHcsjgsvXJM",0,1,1,0,0,0,0,0,0,2
"R_1nTKiKrWZdmlJw8",0,0,1,1,0,1,0,1,1,5
"R_3tJBSOV0wYaJFhn",1,0,0,0,2,2,2,1,1,8
"R_1D5rN1W6yXzVDea",1,0,0,0,1,1,1,0,0,3
"R_3XrBxzVCVDiZfUJ",2,2,1,1,2,0,0,1,2,9
"R_7gQ1PzcsaV46W9b",1,2,1,1,0,1,2,1,1,9
"R_7oehtxp4XxtLsLU",1,0,1,2,1,2,1,1,2,10
"R_7EbRGRmuQuiEu9L",0,0,0,0,0,1,1,0,0,2
"R_6RXjdQP47ZnOxc9",1,1,1,2,2,2,1,1,1,11
"R_1B5NM2vXggPA4bU",0,0,0,0,0,0,1,0,0,1
"R_6d2ognAHiZS1lex",1,0,0,0,2,2,1,1,2,8
"R_3DwDXACHoQkGkFL",1,1,1,1,1,1,1,0,0,6
"R_1Kv7xLwGgK9y1MJ",0,0,0,0,1,0,0,0,0,1
"R_6a8OTYFpUUCBv9j",0,0,0,0,0,0,0,0,0,0
"R_3zAATMQJDMn0z9D",1,1,2,0,1,2,2,2,2,12
"R_1wp1nCfIdq7Ghvw",1,2,2,2,1,0,1,2,1,11
"R_1MPDcfqHGRJsASq",0,0,1,1,0,0,0,0,0,2
"R_7f7Os0VfsV1bBqD",0,0,0,0,1,0,0,0,1,2
"R_71Rycl1SRLOXjdl",0,0,0,0,0,0,0,0,0,0
"R_3MSqMUSmHrf877f",0,0,0,0,0,0,0,0,0,0
"R_3uQ905LnwDukwBX",0,0,0,1,0,0,0,0,0,1
"R_16CQFut0Un0sG6R",0,0,0,0,0,0,0,0,0,0
"R_50O3NasU6D2NPwp",1,0,0,0,1,0,0,1,1,3
"R_3Y7iapK9nv5QW2t",0,0,0,0,1,0,1,1,0,3
"R_6f1zGTkG242oTpn",1,1,2,0,1,1,1,0,1,7
"R_7Hpp5Gdhdrii3ZP",1,1,1,0,0,1,0,0,0,3
"R_6aFWNDb1QCg7xqG",0,0,0,0,1,0,1,1,0,3
"R_7azQR2LfXuwQ045",2,2,2,1,1,1,1,1,0,9
"R_32mL6251A4OMWo1",1,1,1,1,1,1,0,0,1,6
"R_6zqCjHrr5VS8dhK",0,0,0,0,1,0,1,0,1,3
"R_58B834vt2VIsTjq",1,2,0,1,1,0,0,1,0,5
"R_3styNTEwLflkXBv",0,1,0,0,1,1,0,1,1,5
"R_7z6F6a8qSEtkUpu",0,0,0,0,0,1,0,0,0,1
"R_3BrmmIqLHGzgOtt",1,1,1,1,2,1,1,1,1,9
"R_3jqRXuYDV7vJHz3",1,0,0,0,0,0,0,0,0,0
"R_30KYXrzXgk1sCjL",0,0,0,0,0,0,0,0,0,0
"R_19tzlf6Bzch4aMz",1,0,0,1,1,0,1,1,1,5
"R_7HZDtfpr1lylGB2",1,2,2,1,1,1,0,1,1,9
"R_7dFH73kadpEEdMR",1,2,2,1,2,2,1,2,2,14
"R_3uUqhElAGbUAu8K",0,0,0,0,0,0,0,0,0,0
"R_5PzexzzrreikY11",2,1,0,0,1,0,0,1,1,4
"R_3lGhil9rbRSapBK",2,2,2,1,1,1,1,2,1,11
"R_6foLbP1LihRzBBG",0,1,1,1,0,0,0,0,0,3
"R_3j7xWUAFf8oQy3E",1,1,1,1,1,1,1,2,2,10
"R_3QloNqa4C8JA14A",2,2,2,0,2,2,2,2,2,14
"R_3F391TZADduEmBp",1,1,1,0,0,1,0,1,0,4
"R_65MFKWx6DsVNFgp",2,0,0,0,2,2,2,2,2,10
"R_6BQ4PdSlgJMjsSW",1,0,0,0,0,1,1,1,1,4
"R_6PiEEuV6F7GeCfz",0,0,0,0,0,0,0,0,0,0
"R_13LGZpxIVvIjkQx",0,1,1,1,1,1,2,1,0,8
"R_5C8iryvOPDgr5D3",2,2,2,1,2,2,2,2,2,15
"R_76JAAI979BSbyoh",0,1,1,2,0,0,0,0,0,4
"R_3y1qpf9dR062ozs",0,0,0,0,0,0,1,0,0,1
"R_3EnH2xACQU3m6UE",1,1,0,2,0,1,1,0,2,7
"R_6hSD7bHfgdexwkf",1,0,1,1,1,0,1,1,1,6
"R_7gSXadCWe1EZaMt",0,0,0,0,0,1,0,0,0,1
"R_7IyNizJs88szDN5",2,2,1,2,1,2,0,1,2,11
"R_3WAn43z1xujRIKR",0,0,0,0,1,0,1,0,1,3
"R_1ZQVzSjNzuSBY7T",0,0,0,1,0,0,0,1,0,2
"R_7my0lOdaHONUtac",0,0,0,0,1,1,1,1,2,6
"R_3QM3ZCFHWHHIqvA",1,2,2,1,1,0,2,1,1,10
"R_3HAuZPtNk9IdXVv",0,0,0,0,2,2,2,0,0,6
"R_137EjjJuUw85SKC",1,2,1,1,1,2,1,1,1,10
"R_1rqNVK3iy7pW3l8",2,2,2,2,2,2,2,2,2,16
"R_5KgVOPvf1NtFFQJ",2,2,2,2,1,2,0,1,2,12
"R_129TVln3oHIxpq9",1,1,1,1,1,1,1,1,1,8
"R_6FPQNWQNDaVd1hv",1,1,1,0,1,0,1,1,1,6
"R_7qrm8XbUnmqGIky",0,0,0,0,0,0,0,0,0,0
"R_1Q47VVl4Mr2nAkx",1,1,1,0,1,1,2,2,2,10
"R_3MwB3qunp2M6XKN",0,0,0,0,0,0,0,0,0,0
"R_3z7BUOjeTOxIvAJ",0,0,0,0,0,0,0,0,0,0
"R_5gOfedapFM3Ojol",0,0,0,0,0,0,0,0,0,0
"R_70cPbehz8YgjlAD",0,0,0,0,1,1,0,1,1,4
"R_75MCXE9iAmtsevV",0,0,0,0,0,0,0,0,0,0
"R_1tr712tjfR73hFG",2,1,1,1,1,1,1,1,1,8
"R_3E0gaNpg8ixuFG8",0,1,1,0,0,1,0,0,0,3
"R_5sZvJQyM6qKw9kf",1,2,2,2,1,0,0,1,1,9
"R_3mr5qyBCh8nDuok",0,0,0,0,0,0,0,0,0,0
"R_3ojXijZq4z3B08n",1,0,1,0,1,2,2,2,2,10
"R_6BNWPRT7rx1lpQd",0,0,0,1,1,0,0,0,0,2
"R_7QoXGIhQ6ltnz9D",0,0,0,0,0,1,0,0,0,1
"R_1PWpThWl7C85g65",1,0,0,0,1,1,1,1,1,5
"R_1fkszSr7PdTiFar",2,0,2,0,2,2,2,2,2,12
"R_1kGIRsNE7LNC5GH",0,0,0,0,0,0,0,0,0,0
"R_7j3abBq8VjyMdaI",1,1,1,0,0,0,0,0,0,2
"R_3I3DzLnCrGOhKMx",1,0,1,1,0,1,1,0,0,4
"R_73awMk9MUM9Wt7b",0,1,1,2,0,0,0,0,0,4
"R_74CrzwchZluPqTC",0,0,0,0,2,0,0,0,0,2
"R_3KV1xuzqAuxbJAd",1,0,0,0,1,0,1,0,1,3
"R_3n6HZ84xXzVZYWD",1,0,0,0,1,1,1,1,1,5
"R_5fltE28G8y5O2Nf",2,1,1,1,2,1,1,1,1,9
"R_137uU0cle84C0Eg",2,2,1,0,2,1,2,2,1,11
"R_13loJdlauVfZGet",2,1,0,0,1,1,1,1,1,6
"R_1z3tvcxEft0V8Bz",1,0,0,0,1,1,0,1,0,3
"R_70BEUnP9rajbD9q",2,0,0,0,1,2,2,1,1,7
"R_7Kr2dRserR88akN",1,1,1,2,1,1,0,1,1,8
"R_1NE7SPaqhcRo38F",0,0,0,0,0,0,0,0,0,0
"R_3Kd0ScxBeORmEup",0,0,0,0,2,0,0,0,2,4
"R_7dzmyOOs2upBV8i",1,0,1,1,1,1,0,1,1,6
"R_5GezpMhG5goUznd",0,0,0,0,2,2,0,1,0,5
"R_5kSf2VgpuYiOlhf",2,2,2,2,0,0,0,0,0,6
"R_3MA4k0zsZQcdJDP",2,2,2,2,1,0,0,1,2,10
"R_3wNf7MTZWA4OtYs",0,0,0,0,0,0,0,0,0,0
"R_1gXE5Tu9JMZtKoF",1,1,0,1,1,1,1,1,1,7
"R_1jXlpw7NlbcsXe1",0,0,0,0,0,0,2,2,2,6
"R_60YXKHoxZ9pM88c",1,2,1,1,1,0,0,0,1,6
"R_1nOvcmcwAZmasnv",0,0,0,0,0,0,0,0,0,0
"R_3Rn9S8JLpumEayd",1,1,1,1,0,0,0,0,1,4
"R_3gwIkd6W01wNgxW",0,0,0,0,1,0,0,1,1,3
"R_5bnYPjPBLRih4u5",0,0,0,0,0,0,0,0,0,0
"R_1CHjIG3AYAcL3jo",1,2,2,2,1,2,0,2,2,13
"R_5N4vuCrAZwl7GGE",2,1,1,1,1,1,1,1,1,8
"R_5P05fOIY0EaSYPX",1,0,0,0,1,1,1,1,1,5
"R_5TAzlO7d4sUCnbX",1,1,1,0,0,1,0,0,0,3
"R_3Olf80nWFmmOSDu",1,2,0,1,1,0,1,1,1,7
"R_3n9j4KBCzsSrNmq",1,1,0,0,1,1,1,1,1,6
"R_6P6bCm0bhGY83GF",0,0,0,0,1,1,0,0,0,2
"R_7PZA0G9I5noAZwT",1,1,1,1,1,0,0,1,1,6
"R_7g9lcoV826k1byN",1,1,1,1,1,1,0,1,1,7
"R_50S6lE38rGSOmGd",0,0,0,1,0,0,1,1,1,4
"R_51E0WEpVsh8wfyV",0,0,0,0,0,0,2,0,1,3
"R_14BntYuTlNkORLb",1,1,1,1,1,0,0,1,1,6
"R_1oWY7yvZJq798bv",2,0,0,0,1,0,1,1,2,5
"R_3EsnRLEJX6rMS3z",2,2,2,2,2,1,1,1,1,12
"R_3SoBnEqWgFpuucq",0,0,0,0,0,0,0,0,0,0
"R_5EGdextoNLmtP3P",2,2,2,1,1,2,2,2,2,14
"R_5dAS058eVSScQOB",1,0,0,0,1,1,1,1,1,5
"R_5lW8nxS3ED8IwtD",1,0,0,0,0,0,0,0,0,0
"R_6sTHiqGfAZWdwUk",2,1,1,0,1,1,1,1,1,7
"R_7J559ajJq0WRhKN",2,0,0,0,0,1,0,0,0,1
"R_5HnsvN5jscCb3zK",1,1,1,1,1,1,1,1,0,7
"R_5jMU3x404AXXbNL",0,1,1,2,0,0,0,0,0,4
"R_32RNpNqvxw5NK5s",1,0,0,1,0,0,1,1,1,4
"R_5rVffMsBwjBxttI",2,2,2,1,2,2,2,2,2,15
"R_6PHJ2KWPUjRpeb7",0,0,0,0,0,1,0,0,0,1
"R_1ByxdcDcAFYIHUm",1,0,0,0,1,1,1,1,1,5
"R_1Ya0cOGHwfG4HRq",1,1,1,1,1,1,1,1,0,7
"R_5ePlK0DXvkNIAOE",0,0,0,0,2,1,2,1,2,8
"R_3dZaJNggSvlZfe7",0,0,0,0,0,0,0,0,0,0
"R_3kiEnofq1ydilqd",1,1,2,1,1,2,0,1,0,8
"R_3otLznU9Mjv3EOw",0,0,0,0,0,0,0,0,0,0
"R_6njg3OGBEiP8BAl",1,0,1,1,1,1,0,1,0,5
"R_3HtSz56NnEbZgFH",2,2,2,2,2,2,2,2,2,16
"R_5sBoPbDVLGGucl4",0,0,0,0,1,0,0,1,0,2
"R_6A89ny4xCsitc6R",0,0,0,0,0,0,0,0,0,0
"R_6vZC2n3E8MH60yJ",0,0,0,0,0,0,0,0,0,0
"R_1tTi3nQnh16312F",0,0,0,0,0,0,0,0,0,0
"R_7lR9TGRHqZMbUzL",1,1,0,0,1,1,1,1,1,6
"R_5CPIDhHhcVO1ksY",0,0,0,0,0,0,0,1,1,2
"R_5dEmQAxc6pREwrk",1,2,2,2,2,2,1,1,2,14
"R_5riQTcKu04YrJ8Q",0,0,0,0,1,1,1,1,2,6
"R_62SeFKMsQtZrCAI",0,0,0,0,1,0,0,0,0,1
"R_1f4fdJ2VCj3UYzn",0,0,0,0,0,1,2,0,0,3
"R_3dQZwswfqhpZQGd",2,2,2,2,2,2,2,2,2,16
"R_5B2PbRLXHku3vb1",2,2,0,0,1,2,0,1,2,8
"R_1Poo6RkrQbYcd7V",2,0,1,0,1,2,2,2,1,9
"R_1jY5VJbZTLJJ4A1",1,1,1,1,1,1,1,1,0,7
"R_3U4rqMUIErVMXn1",0,2,0,0,1,1,0,1,0,5
"R_3ZE7RNkQ8B4x1Ix",1,1,1,1,1,0,1,1,1,7
"R_7QXbr2n5EJdFLrH",0,0,0,0,0,0,0,0,0,0
"R_39gFtnOa6brbk7s",0,0,0,0,0,0,0,0,0,0
"R_5RkXHvlLA9F4UE1",2,2,0,0,0,2,0,2,2,8
"R_6E5y9wklvMsvTvI",2,1,2,0,1,1,1,1,0,7
"R_5OOeuSwF3NoDGmJ",0,1,0,0,0,0,0,0,0,1
"R_6rGcfY3BsgI3pOZ",0,0,0,0,1,1,0,1,1,4
"R_7g60wvmZzpv6ev9",2,0,0,0,1,2,2,2,2,9
"R_1iiqgW8jryQPdfj",0,0,0,0,0,0,1,0,0,1
"R_6KpxWcTLOt4UajG",1,1,1,1,1,0,1,0,0,5
"R_7Eji2ZMJKXWSYfq",0,1,1,2,0,0,0,0,0,4
"R_1NvKKT5Pv3LrK93",2,0,0,0,2,2,1,2,2,9
"R_3rpFBgzWe95J0GH",1,0,0,0,1,1,0,1,1,4
"R_50YyzeQlUHj3UWM",1,0,0,0,0,0,0,0,0,0
"R_3iTmEmgEHHLZlEB",1,0,0,0,1,2,1,1,2,7
"R_6dgzoAjUW24zQ8o",0,0,0,0,0,0,0,0,0,0
"R_17ya2KUMdAB4Z5O",1,1,1,1,2,2,1,2,1,11
"R_63POuFAgIQIzehj",0,0,0,0,1,0,0,1,1,3
"R_7pPHt5MLl0UHRY0",1,0,0,1,1,2,1,1,2,8
"R_7yfcCCzqH4aTTTX",2,2,2,2,2,1,1,2,2,14
"R_1Pz1l6tqGYwdi4p",0,0,0,0,0,0,0,0,0,0
"R_3PTNchgrczSxV7t",0,0,0,0,0,0,0,0,0,0
"R_3f77OOIuCsmWwxS",2,2,0,0,2,1,1,1,1,8
"R_3qrqL0OiTuaSL9w",0,1,1,0,0,0,0,0,0,2
"R_7yfHXO3TTW5y0k3",0,0,0,0,0,0,0,0,0,0
"R_77I0m2ExmdUP138",1,0,0,0,1,1,0,1,1,4
"R_1D6xR48qcL2tTNK",0,1,1,1,0,0,0,0,0,3
"R_1DOzGq64U2tGnLF",1,0,0,0,1,1,1,1,1,5
"R_7kczJBoueHOm2M0",0,1,2,2,2,2,2,2,2,15
"R_5Zu1O96PzO2EGkN",1,2,2,1,2,1,1,2,1,12
"R_3P0cFiIHsojpsZ9",0,0,0,0,0,0,0,0,0,0
"R_56GdiL109c0yVsR",0,0,0,0,1,1,1,1,2,6
