"ResponseId","sas_own","sas_matrix_1","sas_matrix_2","sas_matrix_3","sas_matrix_4","sas_matrix_5","sas_matrix_6","sas_matrix_7","sas_matrix_8","sas_matrix_9","sas_matrix_10","sas_total"
"R_38XVirtBWEjoVTi","1",1,1,1,6,1,6,6,6,1,6,35
"R_67qEr703rxZJ9M8","1",1,1,1,6,2,1,5,6,4,1,28
"R_5e7vCy3nbA5HC9j","1",1,1,4,1,1,1,2,1,5,2,19
"R_6IydxRFiQ2G12Ol","1",1,1,1,4,1,1,1,4,1,1,16
"R_30I6tQ8sgkkVyLo","1",1,1,1,1,1,1,1,1,1,1,10
"R_6LLp1ZRkT0DD6o1","1",4,3,4,5,4,5,5,4,4,4,42
"R_1G8GBeF6278PxJ8","1",1,1,1,4,2,2,4,4,4,1,24
"R_7cJjMQLtw3wmtMd","2",NA,NA,NA,NA,NA,NA,NA,NA,NA,NA,0
"R_5Q0AnuVkFwBDZ2h","1",1,1,1,2,2,1,2,1,1,1,13
"R_6sQGpmhlw3ksmnD","1",1,1,6,6,1,6,5,4,5,2,37
"R_3ic3WJgZ6aQnj8d","1",1,1,5,5,1,1,1,5,5,1,26
"R_7etRBZ2jsvktJRB","1",1,1,1,1,1,1,1,1,1,1,10
"R_6kNhEuyMUlwpF9b","1",1,1,3,1,1,1,1,1,1,1,12
"R_3qArdP8OJgeCuhb","1",1,1,1,1,1,1,1,1,1,1,10
"R_7EavZVcL3A3ZkGa","1",1,1,4,5,5,5,4,4,6,5,40
"R_3yf4dJ3L9J2uFp0","2",NA,NA,NA,NA,NA,NA,NA,NA,NA,NA,0
"R_51LUqCwheDpdPHj","1",1,1,5,6,6,4,3,3,3,5,37
"R_6hpbXJoC2PPC6KR","1",2,1,2,2,2,2,2,2,2,2,19
"R_6oAnB09QwpjNbya","1",2,2,3,2,1,1,2,1,2,1,17
"R_5rfrQri9pkYyncF","1",1,1,1,1,1,1,1,1,1,1,10
"R_6amXYdjgporasOg","1",2,2,2,2,2,2,2,2,2,2,20
"R_6hGzBQPOAyIbY6Q","2",NA,NA,NA,NA,NA,NA,NA,NA,NA,NA,0
"R_1BwztGYBq2PShpd","1",1,1,2,4,1,1,4,2,4,2,22
"R_3M5PrJrxz2KW1H8","1",2,2,2,6,3,4,5,3,5,2,34
"R_7uDsikm425tlZQb","1",1,1,1,1,1,1,1,1,1,1,10
"R_3kS0hUeA2lXUQeU","1",1,1,5,4,1,1,1,1,1,1,17
"R_1ffMPw9Rzu6wsur","1",2,2,2,5,2,5,4,2,4,4,32
"R_5Kp4Q0WtzeXR8HW","1",1,2,2,5,4,2,2,5,5,5,33
"R_6Y0Aokg8bCeYn0R","1",1,1,1,2,2,1,1,1,2,1,13
"R_6vdFh4IkYfL2I7L","1",1,1,1,1,1,1,1,1,1,1,10
"R_3qju1UW3VVD07L3","2",NA,NA,NA,NA,NA,NA,NA,NA,NA,NA,0
"R_32R1XDSNyTGYVAl","1",1,1,1,1,1,1,1,1,1,1,10
"R_17o9bGXX1rzmFRT","1",1,1,1,2,1,2,2,2,1,1,14
"R_3EhdoD79VmV1t9i","1",1,1,1,1,1,1,2,1,2,2,13
"R_6fksUNreH0F98ia","1",1,1,1,5,1,1,4,1,1,1,17
"R_1313um8ltp5qBYF","1",1,1,1,1,1,1,5,4,5,2,22
"R_6dMjcWj3GWD8EzO","1",1,1,1,6,1,1,1,1,1,1,15
"R_3h0zobr1r6pB7QZ","1",1,1,1,1,1,1,3,1,1,1,12
"R_35i5cyfDisIibzX","1",1,1,1,1,1,1,2,5,1,5,19
"R_3Eye5Xgk4iKLSaB","1",1,1,1,1,1,1,1,1,1,1,10
"R_5dMAqVdv1f99630","1",1,1,1,5,1,1,2,1,1,1,15
"R_1NRWwynls6gcJuV","1",1,1,1,4,1,1,1,1,4,1,16
"R_6JxCAWCw1IXgOjz","1",1,1,1,1,1,1,1,1,1,1,10
"R_7JGl8z4ucGPe4Bb","1",1,1,1,2,1,1,1,3,1,1,13
"R_6LNZZghzTUIlyFI","1",1,1,1,2,2,2,2,2,2,2,17
"R_5U6UiKL17Q36uhX","1",1,1,1,3,1,1,4,4,4,1,21
"R_39iXfSSZlU539uC","1",1,1,1,1,1,1,1,1,1,1,10
"R_3ISquNyz1s1qspR","1",1,1,1,1,1,1,1,1,1,1,10
"R_7g1MtgrksD2Vb4j","1",1,1,1,4,1,1,4,1,1,1,16
"R_32nTc41frgcVM61","2",NA,NA,NA,NA,NA,NA,NA,NA,NA,NA,0
"R_3q2xC423oLHuOLB","1",1,1,2,1,1,1,1,1,1,1,11
"R_78ICdKcMczkIj2l","1",1,1,1,3,1,2,3,4,1,1,18
"R_6K8zf1Le39U5UCv","1",1,1,1,1,1,1,1,1,1,1,10
"R_12KupiIBwBAiAlT","1",1,1,1,2,2,2,6,6,6,4,31
"R_7itB7zhRgpKX78t","1",1,1,1,1,1,1,1,1,1,1,10
"R_7aryV0zJJHMF7D1","1",1,1,1,2,1,1,2,2,1,1,13
"R_1axWcYgeIg0SLXn","1",1,1,1,6,4,1,1,1,1,1,18
"R_7NS6K0ckKzR33xL","1",1,1,1,1,2,1,1,1,1,1,11
"R_3ab2B3gcURS6JBa","2",NA,NA,NA,NA,NA,NA,NA,NA,NA,NA,0
"R_3e7h3H9CmPZFAm5","1",1,1,1,1,1,1,4,1,1,1,13
"R_36RZgx00aPw0jBL","1",1,1,1,4,1,1,1,2,1,1,14
"R_5I6mQYvdnxvmCHL","1",1,1,1,1,1,1,1,1,1,1,10
"R_138L3WxYejGK0Kt","1",1,1,1,3,3,2,4,3,3,1,22
"R_7YG545zyuAwH2pz","1",1,1,1,2,1,1,2,2,3,2,16
"R_5zSejDVfxYjUQrF","1",1,1,1,6,1,1,6,1,2,1,21
"R_50leIBHtgptrTbI","1",1,1,1,1,1,1,3,1,1,1,12
"R_5lACVPPM014Wmwd","1",1,1,1,1,1,1,1,1,1,1,10
"R_3GnrbByp0pONqKd","1",1,1,1,5,1,1,5,4,1,1,21
"R_64jC50kf2fwXiOA","1",1,1,1,1,1,1,1,1,1,1,10
"R_6wjeDONWdHCNJ0q","1",1,1,1,1,1,1,1,1,1,1,10
"R_3fk0NLdiIxzKrcD","1",1,1,1,1,1,1,1,1,2,1,11
"R_3NeikfJMuZEEHQJ","1",1,1,1,5,1,1,5,6,6,1,28
"R_5ClKVwFWaPfnpqH","1",1,1,1,1,1,1,1,1,1,1,10
"R_7471xG7AkXS7wBv","1",1,1,1,2,1,1,1,1,1,1,11
"R_7JJdmquPgws7SFI","1",1,1,1,1,1,1,1,2,2,1,12
"R_5Bqu98WSa3SSJW1","1",1,1,1,1,1,1,1,1,1,1,10
"R_531awRduDvVkAjg","1",1,1,1,2,1,1,1,1,1,1,11
"R_3I6PL2Bnd5m6YEX","1",1,1,1,1,1,1,1,1,1,1,10
"R_6SicG1vZUCP2r9B","2",NA,NA,NA,NA,NA,NA,NA,NA,NA,NA,0
"R_7QKtauf23FclmZj","1",1,1,1,2,1,1,2,1,1,1,12
"R_6TZYbwLG4nocXUB","1",1,1,1,1,1,1,1,1,1,1,10
"R_1g1vgz3QFgAhwQQ","1",1,1,1,3,1,1,1,3,1,1,14
"R_11Xp6WTjpIMr4S5","1",1,1,5,5,2,2,5,5,5,2,33
"R_1PaFNv9vDENJGNE","1",1,1,1,1,1,1,1,1,1,1,10
"R_6T1wQD1rmx6N3QR","1",1,1,1,1,1,1,1,1,1,1,10
"R_5qfOcAw70W5DkiD","1",1,1,1,2,1,1,1,1,1,1,11
"R_5uU0dvwVvNPHJte","1",2,2,2,2,2,2,2,2,2,2,20
"R_3sFBnxQPk46qH9D","1",1,1,1,1,1,1,1,1,1,1,10
"R_6CHWDVch8w52adB","1",1,1,1,1,1,1,1,1,1,2,11
"R_1xUhPp3zey4FFG9","1",1,1,1,1,1,1,1,1,1,1,10
"R_5rYdDWufu9FV5mQ","1",1,1,2,1,1,1,2,1,4,1,15
"R_7hDBH7TkCn3yCFe","1",1,3,1,3,1,1,1,1,1,2,15
"R_7qDzfEBhnDwkUJ8","1",1,1,1,5,3,1,1,2,4,2,21
"R_1eb1NSTKnLSHOX0","1",1,1,1,6,6,6,5,6,6,6,44
"R_3VDu1BK5ATfisr8","1",1,1,1,1,1,1,1,1,5,4,17
"R_5dEluXxdZDk3643","1",1,1,1,1,1,1,1,1,2,2,12
"R_5pJspTFI2ecHa13","1",1,1,1,1,2,2,2,2,2,2,16
"R_5jq8Mn5ZFB4D9Ch","1",1,1,1,1,1,1,1,1,1,1,10
"R_7TcDCk78NjtuyhH","1",1,1,1,4,3,4,4,4,4,1,27
"R_7y2UeJqv33Elk96","1",1,1,1,2,1,1,2,1,1,1,12
"R_7ukudufgKJgWcOR","1",1,1,1,5,1,1,1,5,1,1,18
"R_6EA7PGu3rtmZX6L","1",1,1,1,1,1,1,1,1,1,1,10
"R_1K8No2eE39sJWrD","1",1,1,1,6,5,5,6,5,5,1,36
"R_1DCD2E8uJt0KgNn","1",1,1,1,2,1,2,2,3,1,1,15
"R_7gT8lbNyAzSepeV","1",1,1,1,4,1,1,1,1,1,1,13
"R_1IbzQcUIZ4M9Lqh","1",1,1,1,1,1,1,1,1,1,1,10
"R_6Mm1oqYQmmdp9lp","1",4,6,5,4,4,3,4,5,6,3,44
"R_7smWVJpQ51w4vBv","1",2,1,1,4,2,2,4,5,5,2,28
"R_3Eh3FTlsiu0yIEj","1",1,1,1,2,2,2,4,3,4,1,21
"R_11Ql7h4eSbog1D9","1",1,1,1,6,3,1,1,6,6,1,27
"R_5O1djSg5wX2ZTeE","1",2,2,5,2,2,5,2,2,5,5,32
"R_3VD59h7RqZYqask","1",2,2,2,2,2,2,2,2,2,2,20
"R_6kcwU8P0KpikFoh","1",1,1,1,1,1,1,1,1,1,1,10
"R_3WVHRGB2jzC0S41","1",1,1,4,6,2,2,1,2,6,6,31
"R_5mPnRERrrGDSR6Y","1",1,1,3,2,1,1,2,2,1,1,15
"R_6NQdgYBqdshoh00","1",1,1,1,1,1,1,1,1,4,1,13
"R_6IUJwxm2U67iepH","1",2,2,2,3,2,4,2,2,4,2,25
"R_7AYo58CkpJRMdkl","1",1,1,1,4,1,1,2,5,5,1,22
"R_7nT3PFAEZrviE1d","1",1,1,1,5,2,3,2,4,4,3,26
"R_7pJpOnRfelnL3Zq","1",1,1,1,2,2,1,2,2,1,1,14
"R_1Cdbc0YPaonCUCZ","1",1,1,1,3,1,1,2,1,1,1,13
"R_6e8YopyHShDxzxE","1",2,2,2,5,2,2,2,1,5,1,24
"R_10xdJGGJABI6P2o","1",1,1,4,2,2,2,2,2,2,2,20
"R_710bC1IOA9cqUpH","1",1,1,1,6,5,6,6,6,6,1,39
"R_7qffoiWVZNLKuLx","1",1,1,1,6,1,1,3,1,1,1,17
"R_5ixPTr0uHqI2Sfu","1",1,1,1,3,1,1,1,1,5,1,16
"R_31db3e0KcsC3Hqp","1",1,1,1,1,1,1,2,2,1,1,12
"R_6OV5OalPygdHNAu","1",1,1,1,2,1,1,1,1,1,1,11
"R_3q2t6FfZEe7xoEZ","1",1,1,1,1,1,1,1,1,4,1,13
"R_5IxYYDGpPqOWuKu","1",1,1,1,5,1,1,5,4,2,1,22
"R_3QnqrkQsT6m8gGz","1",1,1,1,1,1,1,1,1,1,1,10
"R_5z1vGEvvn03lT3P","1",1,5,5,4,5,4,2,3,5,2,36
"R_6aDiWbvge35ZuzB","1",1,1,1,6,1,3,6,6,5,1,31
"R_6OH3ea0sEIXNmxJ","1",1,1,2,2,1,1,2,2,3,2,17
"R_5kazc22JWzZQONr","1",2,1,2,2,2,2,5,5,5,4,30
"R_3pS4UGNjUGhIFZT","1",1,1,1,4,2,2,3,3,3,2,22
"R_6Ceycu09l7fZXkR","1",1,1,1,5,3,3,5,5,4,2,30
"R_3qby870JiO6FspX","1",1,1,1,1,1,1,1,1,1,1,10
"R_5oYBS1C3GhrvWvN","1",1,1,1,4,1,1,1,2,1,1,14
"R_6f0NGQOyPoOxR0c","1",2,2,2,4,2,2,4,4,2,2,26
"R_6ULGxCjM2NBYE0x","1",2,2,2,4,2,2,2,4,2,2,24
"R_5GlYha5NaGXhs5W","1",1,1,1,1,1,1,1,1,1,1,10
"R_1QjwkebCB0V213j","1",1,1,1,1,1,1,1,1,1,1,10
"R_3NTWG9v4ZGTgOBH","1",1,1,1,5,1,1,1,5,1,1,18
"R_3GNzZGNnPumekPh","1",1,2,2,3,1,1,3,1,4,1,19
"R_5j6GBjhiORYOZA4","1",1,1,1,4,1,1,4,2,2,2,19
"R_6wS5TpPLUH8BNq9","1",1,1,1,6,1,2,6,1,1,1,21
"R_3zYN7dYYBAK9u0O","1",1,1,3,5,2,3,4,4,2,3,28
"R_5lyPBW3iNpEU5fW","1",1,1,1,1,1,1,1,2,3,1,13
"R_7asIJEEywE2iQFv","1",1,1,1,2,1,1,2,1,1,1,12
"R_7CZgMiBp1j6jcKl","1",3,1,2,2,2,3,5,5,2,2,27
"R_5OGZ4I0FqSj0zPX","1",1,1,1,1,1,1,1,1,1,1,10
"R_6oMjaAPnBnKkvpL","1",1,1,1,1,1,1,1,1,1,1,10
"R_7KiUtrBbZioGZ7X","1",1,1,1,5,1,1,4,4,1,1,20
"R_6huzMhFw2Poayvj","1",1,1,2,5,1,1,1,4,2,1,19
"R_7VPdEPFK8NVC5lR","1",1,1,1,1,1,1,1,1,1,1,10
"R_7j96P5KGC0KLL0s","2",NA,NA,NA,NA,NA,NA,NA,NA,NA,NA,0
"R_5EnIuaVKtrA7PJK","1",1,1,2,2,1,1,4,4,2,1,19
"R_7fa81plYMJGXUzf","1",1,1,1,5,1,1,4,3,2,1,20
"R_5MsZxvWgd71QNoJ","1",1,1,1,4,1,1,1,4,4,1,19
"R_3ruVXKXkCjALiuy","1",1,1,1,1,1,1,2,1,3,1,13
"R_3tEZf9k4YY8YABi","1",1,1,1,3,1,1,4,4,2,1,19
"R_323UDLYL1w6aEOr","1",1,1,1,2,1,1,1,1,1,1,11
"R_7QVTSE8Pzkp36lH","2",NA,NA,NA,NA,NA,NA,NA,NA,NA,NA,0
"R_7XtEGFXxOJgoM93","2",NA,NA,NA,NA,NA,NA,NA,NA,NA,NA,0
"R_1SwA1RGEhCLJZrF","1",1,1,1,6,1,1,1,2,1,1,16
"R_7ebuDuMKUIL9zyi","1",1,1,1,4,1,1,1,3,1,1,15
"R_5wWzfbWu0jq8Fc5","1",1,1,1,1,1,1,1,1,1,1,10
"R_50Ptqz8nPx7YHQD","1",1,1,1,2,1,1,2,2,1,1,13
"R_3uODD2pdNI8jXXP","1",1,1,1,2,1,1,1,1,1,1,11
"R_7uDQOrG28WLjm4m","1",1,1,2,4,2,2,2,1,1,1,17
"R_5R4LrQ8jXinBsMV","1",1,1,1,3,1,1,5,5,5,1,24
"R_5gFuI6Zdce2HOMq","1",5,6,4,3,5,5,5,4,5,5,47
"R_6NFhU0bXejXyu3v","1",1,3,1,6,1,1,1,1,1,1,17
"R_5dv8MJ9XT2tsOk6","1",3,4,3,5,4,5,4,5,4,3,40
"R_7MDxBq8mtH5I2a8","1",3,4,4,3,2,5,4,5,4,3,37
"R_1OXquApJXnrC9Hz","1",3,4,4,4,4,3,3,4,4,5,38
"R_59BGTvIulbj5Ok9","1",4,2,2,2,4,3,6,5,3,3,34
"R_3HSylAQObjq7nOk","1",3,3,2,4,3,2,3,2,4,2,28
"R_5ikEQ9CFFY4yKnv","1",1,1,1,1,1,1,3,1,2,2,14
"R_5cpAUcYiSFu8pFr","1",1,2,4,2,4,4,1,4,5,5,32
"R_5FncB44tYK8cz8R","1",1,1,1,1,1,2,1,5,5,5,23
"R_5IQCuxi5CkbT8HN","1",2,1,1,3,4,2,3,3,4,4,27
"R_1kFgIarWRGRiNHk","1",2,2,2,3,4,3,3,4,5,2,30
"R_1jNjo5BcokYvGAN","1",6,6,5,1,4,2,6,4,2,5,41
"R_7EmnTpRv4SVEkHD","1",1,1,1,1,2,2,5,5,5,2,25
"R_6lJ7CPijxHhmHlf","1",1,2,5,3,5,3,2,4,6,2,33
"R_6g7n6d7zHUwIoMX","1",2,2,1,2,4,2,3,4,3,4,27
"R_5RMLoJsyr6kr6gN","1",4,3,3,3,2,1,3,2,3,3,27
"R_3o8c5VkhDvyoBfB","1",3,2,2,3,2,3,2,2,5,2,26
"R_1Gg0qg71vPhfaav","1",2,4,2,3,2,3,4,4,5,4,33
"R_1YAfOl1rXVFwEkk","1",1,6,6,1,3,3,5,6,6,1,38
"R_5foOmJLH4T2YLv5","1",1,1,2,5,6,6,5,5,5,2,38
"R_1P6qnB3I6C4Vb09","1",4,1,4,5,4,3,2,5,3,1,32
"R_7q1PGnJWvIxzT7z","1",1,1,1,3,3,4,3,6,5,3,30
"R_6n1uwWMsLmppkuR","1",3,4,3,4,2,3,4,4,4,5,36
"R_7zusvCEnjB1vKhG","1",1,1,1,1,1,1,1,1,1,1,10
"R_3YntZIAtEPL2lPX","1",1,1,1,3,1,1,1,1,2,1,13
"R_66jPZqvTxJhlvLH","1",3,1,1,3,2,1,3,2,2,4,22
"R_516BC81lOL3M6Qh","1",2,2,2,2,2,2,2,4,4,2,24
"R_7gZSKxivcLjxOJr","1",5,2,4,3,4,5,2,2,1,4,32
"R_59zetEikIlYTIad","1",1,5,5,6,5,6,6,6,5,1,46
"R_6eqJTSW3zwu7ANE","1",5,4,2,4,3,2,4,2,5,4,35
"R_5hxswS2xy8GQ8qP","1",3,3,4,5,3,4,4,3,2,5,36
"R_6gSi5HhPt3oAxfR","1",5,4,3,4,5,4,3,4,5,4,41
"R_3cwq0wtPh8hsz81","1",1,1,1,4,4,5,1,1,2,1,21
"R_57aHAd10ZZNuNxf","1",5,3,5,5,5,5,5,5,5,5,48
"R_3fnMhk29KXeSNNv","1",1,3,5,1,3,3,6,5,5,6,38
"R_1Mp5i366LBfPz2h","1",4,3,4,4,4,5,5,4,4,5,42
"R_6VgwOqGHVJ9OhaG","1",2,4,6,3,3,5,6,5,3,1,38
"R_6sYM7BVH8NIIYyL","1",1,1,1,1,1,1,1,1,2,1,11
"R_68VdwXabFtrchAB","1",1,1,4,5,3,3,4,2,5,3,31
"R_5tr3EtXA4JtjBK4","1",4,1,1,1,1,4,4,5,5,5,31
"R_7cc70RHrlvPR3zA","1",6,6,6,6,6,6,6,6,6,6,60
"R_3hywElMMNFsJMYp","1",3,5,6,6,6,5,5,5,6,5,52
"R_5YcZ2KLBmTsu8z7","1",2,5,5,2,2,2,5,5,5,2,35
"R_3taQqJWDTVGH5FD","1",1,1,1,1,1,1,1,1,1,1,10
"R_5sF3tdUQgMMs3mh","1",3,4,4,4,3,2,3,2,1,3,29
"R_1VQqjr1jMDX4D0t","1",1,1,1,5,1,1,3,1,1,1,16
"R_3ASdQREkJCScnFU","1",3,4,4,3,4,4,4,4,4,3,37
"R_3ssZNEMQJjTRgrv","1",6,6,6,6,5,3,1,6,5,4,48
"R_1CI5WjcD32clL84","1",5,5,5,6,6,5,3,2,1,5,43
"R_7N8sYhBOoS80djp","1",3,1,1,1,1,1,2,2,2,5,19
"R_70eQ3TMoJEkaFpw","1",3,3,5,3,2,4,3,4,2,3,32
"R_1R7tP2droQgUfmO","1",5,5,2,2,2,2,2,2,2,2,26
"R_6V2YSWkZewg4Mbr","1",5,4,2,2,4,5,1,2,4,4,33
"R_3KjX0VUXmGoF42r","1",1,1,1,1,1,1,1,1,1,1,10
"R_6CVBhsrOfyzPwP8","1",3,1,4,1,1,1,2,4,4,3,24
"R_7HGkxVvQiH22rAZ","1",2,5,5,5,2,5,5,3,6,4,42
"R_5QuOL3HQafCkeba","1",2,4,2,2,2,3,2,4,4,3,28
"R_1RwxoXtULUMrphD","1",1,1,1,3,2,3,4,2,4,2,23
"R_6YVUnYdOJJIImnE","1",1,1,1,1,1,1,1,4,1,1,13
"R_1njHekJDMtWTrP3","1",1,2,5,5,2,2,4,5,6,2,34
"R_5gj9wbDcXgY6vUy","1",1,2,1,1,1,1,1,1,1,1,11
"R_65YeVxqNrqJAdSa","1",4,6,5,5,3,3,2,4,5,3,40
"R_70f3kJjYxEPcEfj","1",1,1,1,5,2,2,4,6,6,5,33
"R_6oI4XXTv6BYJ68W","1",6,5,4,3,3,4,5,3,4,3,40
"R_6MnFF7Nk4n9fxor","1",1,3,6,6,2,1,1,2,4,3,29
"R_5zIpozcCK0Em7Pj","1",4,3,5,5,3,2,6,4,5,5,42
"R_6yS4f4rZps2yj3X","1",1,1,1,1,1,1,4,5,5,6,26
"R_72JGymiY2HhXLge","1",1,2,2,5,2,2,2,2,2,2,22
"R_5LveHzx1fgprU5K","1",1,1,1,1,1,1,5,2,3,1,17
"R_7vNtg3jwCYkxeFP","1",4,2,1,2,1,2,3,5,6,3,29
"R_54ICgWblx5Ukwyt","1",2,2,2,3,2,4,3,5,4,3,30
"R_3OqJNGKsvNTZs9Y","1",2,4,2,4,2,2,2,3,3,2,26
"R_7ez7MriTXjejJC2","1",3,2,2,3,3,5,3,2,2,4,29
"R_12X5wmxWTc8qh3Z","1",2,2,2,1,2,1,2,2,2,2,18
"R_58I4Q6hfuzXQFOx","1",5,3,4,2,3,3,4,4,5,6,39
"R_1yrHLXxiXfBpYWJ","1",1,4,4,6,4,2,5,4,3,2,35
"R_7OPVx66hHwwPYOs","1",3,2,2,2,2,2,2,2,2,2,21
"R_1iQAYNfLAXjfLNv","2",NA,NA,NA,NA,NA,NA,NA,NA,NA,NA,0
"R_124RlVWteOn5i0l","1",6,4,3,5,4,3,5,4,3,4,41
"R_7XiCVkmVutzQs1O","1",2,5,5,6,5,4,4,4,5,6,46
"R_7LX5DFFzGHBZIBH","1",1,1,1,3,1,1,2,1,1,1,13
"R_7prIEyfgxpjQhvr","1",6,4,4,3,3,3,3,2,5,2,35
"R_10wUwpQmoXdvyO7","1",2,2,4,5,5,3,5,4,5,6,41
"R_6rkXrCLgJVt3dDj","1",6,5,6,5,5,5,4,5,6,5,52
"R_3BA91EDJt5yeJqO","1",1,1,1,1,1,1,1,3,4,1,15
"R_37HTjiEy7eyRlhw","1",1,5,4,1,1,1,2,4,6,1,26
"R_1FLkMO3vfrw1uMy","1",5,2,4,2,2,1,1,6,6,5,34
"R_5C8ynOQuZHN74qM","1",6,6,6,5,5,4,4,5,6,6,53
"R_1IwmMjhBLuoyiCB","1",1,1,4,3,1,1,1,1,6,1,20
"R_3eRg4N5LM6CcG2m","1",1,1,4,4,1,1,1,1,1,1,16
"R_3A0fWLi30ZPDSVj","1",5,3,5,5,4,4,5,3,5,5,44
"R_7oQPi2nKfOL50KB","1",1,1,1,1,1,1,1,1,1,1,10
"R_1jiCSCifVR3LAdW","1",1,4,1,1,1,5,2,2,2,1,20
"R_5FJlyc0MyLnL958","1",1,1,4,5,2,2,3,2,5,5,30
"R_7aIYFnFjpt0UAvv","1",1,1,1,1,1,1,1,1,1,1,10
"R_5h0gUw9g6wRMdEg","1",4,4,3,3,3,3,2,4,3,4,33
"R_6pBg2X782vUmMdX","1",1,1,1,6,6,6,6,6,6,1,40
"R_3gtgjYgYKrJi389","1",1,2,3,2,3,4,3,3,6,3,30
"R_1n8GzjSOT8GaTQd","1",6,5,6,6,5,6,5,6,4,6,55
"R_1OHG95IozQ4AcJr","1",3,3,3,3,4,4,3,3,3,4,33
"R_7usJiKjcEwzZD7h","1",5,2,2,2,2,2,2,2,4,3,26
"R_3KljfxutjygJ3AR","1",3,3,2,5,5,4,2,4,5,4,37
"R_1pHdMVd3hcQrGy5","1",2,2,2,4,2,2,2,2,2,2,22
"R_7QtEnEFa3wAx3zj","1",1,1,1,3,1,2,3,2,3,1,18
"R_6DHqxnMKvrVBXwt","1",1,1,1,1,1,1,1,1,1,1,10
"R_5ePuhcORGYi2UIb","1",1,1,1,1,1,1,1,2,5,2,16
"R_59aWMbuIYpL4Fe0","1",1,1,2,4,1,1,3,4,4,2,23
"R_1rxI0dJppoKlOQV","1",1,1,1,6,1,1,6,5,1,1,24
"R_1wzYgUpy8FENH76","1",1,1,1,5,3,2,6,6,6,2,33
"R_6Sg0CtULnaAoFH3","1",1,1,5,4,2,2,2,2,4,1,24
"R_3TIykVe1REHdYQ1","1",3,5,6,4,4,4,4,3,4,4,41
"R_7sMwTP3HEqmcbFT","1",4,3,2,1,1,1,1,3,4,1,21
"R_5PZqLMxUWGMxcIY","1",1,1,1,1,1,1,1,1,1,1,10
"R_5Rr4JPCkcwI0r8n","1",1,1,1,3,3,2,2,4,5,1,23
"R_7MlzTKkdXR9Aklr","1",1,1,1,1,1,1,1,1,1,1,10
"R_6cUpbnrwRnxakjh","1",1,1,1,5,4,4,3,5,4,3,31
"R_7YM6Rf2fdp8KueI","1",1,1,1,1,1,1,1,1,1,1,10
"R_7YwwfjcrIFBWcTL","1",1,1,1,1,1,1,1,1,1,1,10
"R_5eL8vtV1yB7vh1T","1",1,1,4,3,1,1,1,1,1,1,15
"R_5rjShz1zc8hZVYE","1",6,5,6,5,5,5,6,5,5,6,54
"R_1OkCwKXdfwK5aqB","1",1,1,1,1,1,1,1,1,1,1,10
"R_7mDwOBw7s0qaQtq","1",5,4,4,4,4,4,4,4,4,4,41
"R_6dcNHppBA1Mp9Fe","1",2,2,2,5,2,2,4,2,2,3,26
"R_3wKU79SyjdyBMnk","1",5,5,4,5,5,5,4,4,3,4,44
"R_3qjIhgK5y3nUjpC","1",1,1,1,1,1,1,1,1,2,1,11
"R_5MbZihlyeCN4Qh1","1",4,2,4,4,3,4,2,4,5,5,37
"R_1qCWv1qlEmbuDLo","1",2,2,5,4,2,2,2,5,5,4,33
"R_10UxMDsMVIhnoh9","1",1,1,1,3,1,2,2,4,4,2,21
"R_6JiaiHsBq0h426B","1",6,4,6,6,5,4,6,5,4,5,51
"R_6CmetbM7zLZMhQa","1",1,1,1,2,2,2,2,2,3,1,17
"R_3ob7v6i1y9xUXQB","1",1,1,4,4,1,1,1,2,4,1,20
"R_3wjg1sZe0EkZHul","1",1,1,1,1,1,1,1,1,1,1,10
"R_3dKEPjLL1Nq6CrH","1",1,1,1,1,1,1,1,1,1,1,10
"R_18sf7b999Pv0w7f","1",2,3,1,6,1,5,5,5,5,1,34
"R_1YaLMRsxkrfQT9n","1",2,1,1,1,1,1,2,1,1,1,12
"R_5aFwsuByz1zLHFV","1",1,1,1,1,1,1,1,1,1,1,10
"R_7DO9gDBqtctC2Cb","1",1,1,4,1,1,1,2,1,5,4,21
"R_114g6pjuBx5AvQq","1",1,1,1,5,2,1,2,2,5,1,21
"R_7CNj430G9Gf6zkM","1",5,4,4,4,5,4,4,5,4,4,43
"R_3mUl4hnWkQsOtFp","1",2,2,4,5,5,4,5,5,5,5,42
"R_3GIAMSJFo6rQT77","1",1,1,2,4,3,2,2,5,5,2,27
"R_7EgsnmiFd7mfDip","1",1,1,1,1,1,1,1,1,1,1,10
"R_7He94ppuZrxRUXv","1",1,1,1,3,2,1,1,4,2,1,17
"R_58aQ9Lqu9T1jSbT","1",1,1,4,5,4,4,4,5,5,5,38
"R_3CDuwlSLevvpvPd","2",NA,NA,NA,NA,NA,NA,NA,NA,NA,NA,0
"R_10SgocvjcYGUOop","1",2,2,2,2,2,2,2,2,2,2,20
"R_5LgUimIlyauBn44","1",1,2,2,2,2,1,1,1,2,1,15
"R_7n1rRn9eyOS2Apu","1",2,2,2,2,2,2,2,2,2,2,20
"R_3B9SEnr9gmScdZT","1",1,1,1,5,1,1,2,4,2,3,21
"R_6CIw46Y5DEhieYD","1",1,1,1,4,1,1,2,2,2,1,16
"R_7CHYpI8EkaHQGQI","1",4,3,3,4,6,3,3,3,5,6,40
"R_7yoeMH4cTH4yK9r","1",6,6,6,3,4,5,5,5,5,5,50
"R_7zDtMIE46cG6gN3","1",1,1,1,1,1,1,1,2,1,1,11
"R_5R1HoLDPMo5Qjq8","1",1,1,1,1,1,5,1,4,4,2,21
"R_1PHMnWDyU33tkcA","1",2,2,2,2,2,2,2,2,3,3,22
"R_7i5kRVat6jVWK6Q","1",1,2,2,1,1,1,3,3,1,1,16
"R_1Mm4TUF8lN3RH4h","1",2,2,2,5,5,3,3,3,5,3,33
"R_7lcb8GLvIYqVLE0","1",1,1,1,1,1,1,1,1,1,1,10
"R_6t9W9dvlvurObRd","1",1,1,4,4,1,1,1,6,6,1,26
"R_6a8s74zwjnvRHjz","1",1,1,5,4,5,4,6,5,5,5,41
"R_7F4Kd95yZmIuur2","1",1,2,3,1,2,3,5,5,3,3,28
"R_7PBbR4M62NpzphA","1",2,2,2,2,2,2,2,2,3,2,21
"R_5PDwTdxYhCMiqKl","1",4,3,3,4,4,4,3,5,4,4,38
"R_5TKRnfxPPN6kAyR","1",3,4,3,3,4,5,5,2,4,4,37
"R_7jW0xD08RZNhLMd","1",5,3,1,5,3,1,4,5,4,3,34
"R_5f3Ove9840ufj43","1",1,1,2,5,5,5,5,6,5,2,37
"R_1Yycgl6YkfeDV5f","1",2,2,2,4,1,3,3,2,3,3,25
"R_1w0LAI68jz3tHhs","1",6,4,6,5,5,4,6,3,5,6,50
"R_7HjeA5NVqNHEn4b","1",6,4,5,5,6,4,6,5,5,6,52
"R_1JdYMIXBbFnRhMK","1",2,2,2,2,2,2,3,4,2,1,22
"R_17TE3uIaNjj5GAS","1",2,2,1,3,2,2,2,2,3,2,21
"R_6Y4aGORvjvLXwT2","1",2,1,4,5,4,3,5,5,4,2,35
"R_1g0x63j7ZqA3O2L","1",5,4,5,3,1,4,4,5,5,5,41
"R_8tPLj3W5d5J65bj","1",4,5,5,5,5,5,5,5,5,3,47
"R_5W9wUvrYg4qIh2h","1",2,3,2,5,5,2,2,3,4,5,33
"R_5kHdA2EKg3b4n82","1",2,1,2,4,3,2,2,5,6,2,29
"R_6fvkdtpITkdmssM","1",1,1,4,4,1,1,1,1,1,2,17
"R_1qQxyYO1npUF98B","1",1,3,1,5,5,3,4,4,5,4,35
"R_1nblzQ53UCyyChb","1",3,5,4,5,2,2,1,4,3,5,34
"R_5pSBX41VIENVGlb","1",3,3,3,3,3,3,3,3,3,3,30
"R_3FHZz1SlTev7QDn","1",5,4,3,4,2,4,3,3,5,4,37
"R_7PUHaeEXlSIozB4","1",2,5,3,4,5,3,4,5,4,4,39
"R_1OrmfvViIIXPDdr","1",1,2,4,3,1,2,2,2,4,2,23
"R_5WJzyXm1bPb1Mqr","1",4,2,5,4,5,5,4,4,4,5,42
"R_1mL80iqJBhDtnVr","1",1,1,1,1,1,1,1,1,1,1,10
"R_1VcbQ3znfpYryoN","1",1,1,1,2,1,1,1,1,1,1,11
"R_73BSGFP020mNMRZ","1",2,1,1,2,2,2,1,1,2,1,15
"R_7znMte9Fn0Kw6yq","1",5,5,4,4,6,6,4,4,5,6,49
"R_5c6nqaZjkF2vfuj","1",1,1,1,1,1,1,1,1,5,1,14
"R_74HSw0iTvD62TuS","1",2,2,2,5,4,3,5,3,2,2,30
"R_3H0oNQ7oDr9XRRH","1",5,5,5,5,4,5,5,5,4,4,47
"R_6102HTDOsz0J6SJ","1",2,2,2,3,2,2,2,3,4,3,25
"R_5vcqYL0BizsO7Qd","1",1,1,1,6,4,3,4,5,5,6,36
"R_7dogZ0Oz7azj1Xw","1",1,1,1,4,1,1,1,1,1,1,13
"R_3f2DHwfgRS0sAJG","1",3,2,3,6,3,4,3,4,4,3,35
"R_71TYMAVazqHNOcV","1",1,2,2,5,4,4,4,5,5,4,36
"R_5EHpaPbouwc4Aui","1",4,3,2,4,2,3,4,3,3,3,31
"R_169hOny4gr1kra1","1",1,1,5,5,1,1,2,2,5,1,24
"R_7DBxEAwbQm3IGaZ","1",2,3,3,2,2,3,2,2,3,3,25
"R_72VqWQ64cS9s1eS","1",1,1,1,1,1,1,3,4,4,2,19
"R_5qKBbFgLjUv6MvY","1",1,1,1,1,1,1,1,1,1,1,10
"R_7S8Yw1ljOZQdAUV","1",2,2,2,2,2,2,2,2,2,2,20
"R_1ygyr8RAzKWxizU","1",4,5,4,6,5,5,5,5,6,5,50
"R_1zx0Ht0LHoseGoD","1",1,1,4,3,2,2,2,3,4,2,24
"R_1EWOAaGRUzstYXe","1",2,4,2,2,1,4,1,2,5,2,25
"R_3aCtBWhSdvXdKIv","1",1,1,1,1,1,1,1,1,1,1,10
"R_7qaqCc0Dq7AD704","1",2,2,2,4,2,2,4,2,2,3,25
"R_5zJj0DBWnq8VaiF","1",1,1,1,2,1,1,1,2,1,1,12
"R_7KBKtmqWpZeeFIC","1",1,1,1,1,1,1,1,3,3,1,14
"R_7sd776tgHyHsY4x","1",1,1,6,3,2,1,1,1,2,2,20
"R_7jd2sk5m4kwCFkh","1",5,6,6,6,4,5,4,5,6,6,53
"R_1uw8Em9r995XY3H","1",2,2,3,2,2,2,2,4,5,2,26
"R_6PdMi1TwYvawJlW","1",2,1,2,2,2,2,2,1,2,2,18
"R_7h6E7YF3YFBnKpD","1",6,5,5,4,4,5,5,5,4,4,47
"R_7qHB1hl0ryivssd","1",5,5,6,5,5,6,5,5,6,5,53
"R_16aV2o4LR1hMeDb","1",2,3,2,4,1,4,2,5,5,5,33
"R_67PcRAXtMP0JUaQ","1",4,1,2,3,4,4,4,2,4,3,31
"R_3gCQAlE9kRFCBjz","1",4,3,2,2,2,2,3,2,3,2,25
"R_6qwfdFvKxe98zeJ","1",5,4,5,5,5,4,5,3,3,4,43
"R_70uDhyahvtsqduM","1",2,2,2,4,4,4,2,3,4,4,31
"R_7K2UaEf13kPFlf5","1",1,2,2,3,4,4,2,4,4,2,28
"R_1m2a7udOCDun13J","1",1,1,1,1,1,1,2,1,3,1,13
"R_15F4qBHBI8cfkAB","1",6,6,6,6,6,6,6,6,6,6,60
"R_5qgj4blxxqm1H3i","1",1,1,1,2,1,1,1,2,2,2,14
"R_3dHciQA5t6DOvw3","1",5,4,5,6,4,3,5,5,6,5,48
"R_3dMlw1oFPhqtbXI","1",5,5,2,6,6,6,6,6,6,6,54
"R_3LbDPvF5pZ04z9T","1",1,1,1,1,1,1,2,1,1,1,11
"R_7PABCIXVVl8tfzz","1",1,1,1,5,4,2,5,5,3,1,28
"R_38NVKpny3dgtqyC","1",1,1,1,4,2,2,2,3,4,1,21
"R_5EiKfJljrEZ15zh","1",1,1,1,1,1,1,1,1,3,1,12
"R_7alPva89UP0o5eG","1",3,3,3,4,4,4,4,5,5,4,39
"R_1Pd4ZMroipqVHCj","1",2,2,2,5,2,4,4,5,3,2,31
"R_3HRRLg2KU5uPl6x","1",1,1,1,1,1,1,1,2,1,1,11
"R_7dGOQ0yPHMubSSB","1",1,1,1,1,1,1,1,1,1,1,10
"R_5JgfZUL3aaCOYpO","1",1,5,5,2,2,2,2,2,2,2,25
"R_6dGknuFTemF90Vf","1",1,1,1,4,2,2,2,2,5,2,22
"R_6finOPOpHNPbG1j","1",1,1,1,2,1,1,3,1,1,1,13
"R_1EAsCCQKlzUirN1","1",1,1,1,4,1,1,4,4,1,1,19
"R_6zTpgls81lmbP0t","1",5,4,5,4,3,5,4,5,4,5,44
"R_11tlkNzOkYrwCUS","1",1,1,1,1,1,1,2,4,2,1,15
"R_6dFXBS5Si207siG","1",2,3,3,3,3,3,3,3,2,5,30
"R_5medLhJHatzlNMh","1",6,4,5,3,5,6,5,5,4,5,48
"R_6F06Glbz5OzTcL7","1",6,4,4,3,4,5,4,3,3,3,39
"R_7IrPij1BKJtdzbR","1",1,1,1,1,1,1,2,4,1,1,14
"R_72Siro7VW7tRzkZ","1",2,2,2,2,2,2,2,2,2,2,20
"R_5kcvOr4fMU1ce8t","1",1,1,1,1,1,1,1,1,1,1,10
"R_3ff3HkhHB3XV5Ie","1",1,1,5,4,4,3,3,6,6,3,36
"R_1yX02JbLMN46ckp","1",2,2,2,2,2,2,2,2,2,2,20
"R_5zaS6WQFyO5qPmN","1",2,3,2,2,3,2,3,2,2,3,24
"R_6ldSvtUjE6pIjKN","1",4,4,3,4,4,3,4,4,4,4,38
"R_7rOG1T8grQYPs8h","1",4,3,2,5,4,3,5,4,3,4,37
"R_1AQLRnuKuEWNIkI","1",2,6,6,4,6,4,4,6,6,5,49
"R_1I6RIVENtMLqQUB","1",1,1,3,2,2,2,4,2,3,2,22
"R_3MXNNpQV2QTJ9Cy","1",1,1,1,1,1,1,1,1,1,1,10
"R_5PAwH071nrHgdJX","2",NA,NA,NA,NA,NA,NA,NA,NA,NA,NA,0
"R_1w4z1tu6mG3geuB","1",4,5,6,5,4,4,4,5,6,5,48
"R_5xzz9CXJ4AvzLcl","1",3,3,4,4,4,2,4,5,4,4,37
"R_6stlrHG7rffrDXP","1",5,2,1,2,1,1,3,1,4,1,21
"R_7iufYs99mW3yj5L","1",1,1,1,3,1,1,2,1,3,1,15
"R_5bWpWG1wlKatK7T","1",3,3,2,2,2,2,3,2,4,4,27
"R_5lCJPrnlL8uEYfv","1",4,3,3,3,4,3,1,2,4,6,33
"R_6GhiklJsQhaWgnf","1",2,2,2,4,2,2,2,4,4,1,25
"R_3r0y6BLStOncJIB","1",1,1,1,1,1,1,1,1,3,2,13
"R_60GddwPLZm2WSpL","1",1,1,1,1,1,1,1,1,1,1,10
"R_60P7JYiwnN3GzGk","1",1,1,1,6,6,6,6,6,6,6,45
"R_6LopW5umgokWXAU","1",1,1,2,1,5,5,5,1,1,1,23
"R_1pF8QYJFGD4hoCB","1",2,2,3,2,1,2,1,2,4,2,21
"R_3CTlFsCWnVhuvNW","1",5,4,4,3,3,4,4,3,4,5,39
"R_5H208Tm2byZ91Wb","1",1,1,1,6,6,5,6,5,3,1,35
"R_1F37Kmyp23VsB59","1",1,1,1,6,1,1,1,6,4,1,23
"R_5Ibmzt5tVhFDd6o","1",3,2,1,3,2,1,3,2,1,2,20
"R_5tE0mtDRo0YJ5aV","1",4,5,4,2,4,5,5,3,4,5,41
"R_6jiVTlT1R6EqKVe","1",1,1,1,2,1,1,2,2,1,1,13
"R_7oMd6imwlJFjCrL","1",2,2,5,4,3,3,2,5,5,2,33
"R_1rIk7td49Pow0et","1",4,5,4,5,5,6,4,4,4,4,45
"R_2oEC4HxII5jKLLL","1",1,1,1,3,2,2,1,1,2,1,15
"R_5ylvzzWFHrbDGxN","1",3,4,4,2,4,3,5,2,4,4,35
"R_1RxHm4OOuJlfpa9","1",1,1,6,2,1,1,1,3,3,1,20
"R_3McBmfq2KRDKQEC","1",1,1,1,1,1,1,1,3,5,4,19
"R_3ohy07eHUUeYKp2","1",1,1,1,1,1,1,1,1,1,1,10
"R_1qI5L2BLlPaAblK","1",3,3,4,5,3,2,3,2,4,3,32
"R_5PcoGWjFsRj1joE","1",1,1,1,1,1,1,1,1,1,1,10
"R_5WDB38s1vy5QYXV","2",NA,NA,NA,NA,NA,NA,NA,NA,NA,NA,0
"R_5e4NnaSSq4hFvKT","1",1,1,1,1,1,1,1,2,1,1,11
"R_7prJE4PhW8CpLxY","1",2,2,4,6,4,4,4,4,5,2,37
"R_11dqQxHnak3INK0","1",6,5,5,4,4,6,3,4,3,4,44
"R_1sayNeYv020u5P2","1",5,5,6,5,6,4,4,5,5,5,50
"R_1gqAMEtVincD3Mx","1",2,2,2,4,4,4,5,4,5,3,35
"R_7I75ACYSV00s1xA","1",1,1,1,1,1,1,1,1,1,1,10
"R_7fkm7IRFmJBvH8Z","1",4,3,4,4,5,5,4,3,5,5,42
"R_1gTpXjQHhju4ku4","1",2,2,2,2,1,1,2,2,1,1,16
"R_5DSfVLR66aTVyJX","1",2,2,2,2,2,2,2,3,2,2,21
"R_5Hq3m8mu135Eamq","1",2,4,3,6,2,2,5,5,5,5,39
"R_5igRmYVFik4Dfbz","1",1,1,1,6,4,3,6,3,4,1,30
"R_7kcQizqGgcWrDgJ","1",1,4,4,5,4,1,4,4,6,1,34
"R_1SigqWleAcLOX18","1",1,1,1,1,1,1,1,1,1,1,10
"R_1GuohUMMUEnFvRn","1",4,3,3,4,5,5,3,3,5,4,39
"R_1J6ANvk8Fq9aVe9","1",1,1,1,3,3,2,3,5,2,1,22
"R_53xVrBm2sxauD33","1",1,1,1,1,1,1,2,2,2,2,14
"R_56kHJEAy42p6fep","2",NA,NA,NA,NA,NA,NA,NA,NA,NA,NA,0
"R_13jeAW48Huud0cN","1",2,4,3,5,2,2,2,4,4,2,30
"R_3431dwm2WlFhKox","1",1,1,1,3,1,1,1,1,3,3,16
"R_5tllqoBWhJMjVLn","1",1,1,1,1,1,1,1,1,1,1,10
"R_7v3ctLFVjoKz0pK","1",2,2,2,4,2,2,4,3,2,2,25
"R_5RkoVc51g5LX74M","1",1,1,5,5,5,5,5,5,5,5,42
"R_1P0hCbjU556NeVt","1",5,6,5,6,5,6,5,6,5,6,55
"R_5kUFi3285msYNmp","1",4,6,1,4,5,2,4,6,6,1,39
"R_5Mt2Ssx1UR9Bu7v","1",5,4,5,6,5,5,5,5,5,5,50
"R_6Keox7S6SKhqp0J","1",1,1,1,1,1,1,1,1,1,1,10
"R_9qTXNQzcUzej4rJ","1",6,6,5,1,1,2,1,5,6,6,39
"R_7Do44e0FzIKW61m","1",3,4,6,6,4,4,4,4,4,4,43
"R_3pi2cf2s5Wk8Hbf","1",2,2,2,2,1,2,1,1,2,2,17
"R_5nUzOX9ZDKkR2kP","1",1,5,2,5,2,1,6,2,5,3,32
"R_61G9f4NTJ1OFOUp","1",1,1,1,4,2,1,4,3,5,3,25
"R_6OYI8Wx0Yh8Oy5x","1",1,1,1,2,2,2,2,2,2,1,16
"R_7lgJ0wSMeyqbLkM","1",2,2,2,1,2,1,5,2,4,2,23
"R_7maUNcUixGsUwVM","1",5,5,3,5,5,3,5,6,4,6,47
"R_5CIp3b0EeTBsPeB","1",2,3,4,5,4,5,5,4,4,4,40
"R_77HP1j2rwKQe7N7","1",1,1,4,1,1,1,2,4,4,2,21
"R_35sflNi1UfK3GgX","1",2,2,2,4,4,2,3,4,3,2,28
"R_5rHPimg2ELg0XUZ","1",2,1,4,5,5,4,2,5,5,3,36
"R_5l49BYgerK37t0B","1",5,2,4,3,6,5,2,1,6,2,36
"R_6VPwmew9n51jfhv","1",1,1,1,1,1,1,1,1,1,1,10
"R_6qfD38WBGs83PA1","1",6,5,4,6,4,4,2,5,4,3,43
"R_6sojCaqFbEVE0kF","1",1,1,1,1,1,1,1,1,1,1,10
"R_796XHMtpGldWMfD","1",4,2,5,6,4,5,2,5,5,5,43
"R_6gBkRCJzWl9nLyZ","1",4,2,1,1,1,1,5,2,2,6,25
"R_7CkUojfXdv83rVS","1",1,1,1,3,4,4,4,2,4,2,26
"R_6bUJOXQEMmerkGJ","1",5,2,4,6,5,3,4,3,4,5,41
"R_1MNjVMHuxVNF9vh","1",1,1,3,4,4,5,5,5,4,1,33
"R_3QWy7IDjLL7BsyZ","1",3,3,3,3,4,5,3,3,4,5,36
"R_6dzqZPZNGyFQSZ6","1",5,5,4,3,2,4,5,6,5,4,43
"R_1Ivoupgo6cPb4Vz","1",4,3,2,6,2,4,4,5,6,4,40
"R_5jNiaP9MZBLp8We","1",2,2,2,2,1,1,2,1,2,2,17
"R_65HCxOsrOiKfAHO","1",1,1,1,1,2,1,1,1,1,1,11
"R_1Pc8wxv0ZlELcsM","1",1,1,1,1,1,1,1,1,1,1,10
"R_3M0yEAfxtGvjxgg","1",4,2,4,1,5,3,1,5,2,6,33
"R_5ml43dIlAw8oIUL","1",1,1,5,5,5,5,5,5,5,5,42
"R_7HCDGhzCVyMcWRf","1",1,1,2,5,1,1,1,1,1,1,15
"R_74Jnn31p8bZJ0oV","1",2,3,3,3,4,4,3,2,5,5,34
"R_14cqqmC18GfGrlL","1",1,1,1,4,1,1,2,1,1,1,14
"R_75ucgeXStJa1V61","1",2,2,5,2,3,1,2,4,5,2,28
"R_7fpuylnspmTVhDZ","1",2,2,2,2,1,1,1,2,1,1,15
"R_7oHoBfFvzG02dPx","1",1,1,1,1,1,2,5,5,2,1,20
"R_3aLKr40ggIcY3Sh","1",1,1,1,1,1,1,1,1,1,1,10
"R_1GjIwQ4QXOAiYC9","1",1,1,1,1,1,1,1,5,2,1,15
"R_6afwr302sZ5FdwG","1",4,2,2,4,4,5,6,1,6,1,35
"R_3JRHjFHo4dug7vP","1",1,1,1,1,1,1,2,1,1,1,11
"R_17Ch8wcmALBzGsh","1",1,5,4,5,1,1,4,3,5,1,30
"R_5roJofK0pjcS6D4","1",2,2,2,3,2,2,2,3,5,2,25
"R_7uQFgrlb8gUiu4G","1",1,1,1,2,1,1,1,1,1,1,11
"R_1wGi9qq07Whb26k","1",1,1,1,2,1,1,1,4,5,2,19
"R_7TTrPo04jfcdqT8","1",1,2,4,4,1,2,3,2,2,1,22
"R_1ansoMEzya1SoHV","1",1,1,1,6,1,1,1,4,5,1,22
"R_3S93nGR1rveZsqE","1",1,1,1,4,1,1,6,5,6,2,28
"R_7CwGoJGPPGQCqYi","1",1,1,1,5,5,2,5,5,5,1,31
"R_3zqKeoTgNEjbqaT","1",2,3,3,2,3,3,3,5,5,3,32
"R_6YnfscV6JUhC2IO","1",1,1,5,1,1,1,2,2,2,2,18
"R_57SyBCB2WuXpQl3","1",1,1,1,2,1,2,5,5,5,1,24
"R_6fl1Cje1nzzEqTt","1",1,1,1,6,3,1,1,6,6,2,28
"R_1Z5B8gSr6ms3TIB","1",1,1,1,1,1,1,2,2,1,1,12
"R_1to7h2sr7mOYwdH","1",6,5,4,3,4,5,6,5,4,5,47
"R_3oJRpsDvPPeXwxH","1",5,5,5,5,2,1,1,4,6,1,35
"R_5DvTy7gRvsnJFlf","1",2,2,2,3,3,2,2,2,2,2,22
"R_6AGMvKD6asAi17f","1",2,1,1,1,1,1,2,1,2,1,13
"R_7rJ4KRWsQQehYLi","1",1,1,1,1,1,1,1,4,1,1,13
"R_5K3GpWFOAgsRDmY","1",1,3,4,6,6,5,5,6,5,6,47
"R_18IEZEGCBmQ2QGZ","1",5,2,5,5,5,5,4,5,5,6,47
"R_741SXbyfRKi7Gdz","1",3,3,4,4,2,5,5,5,3,2,36
"R_7jAa7muxvbj6VfH","1",1,1,1,1,1,1,1,1,1,1,10
"R_6QsetWuOWgO7sxQ","1",2,2,4,2,3,2,2,4,4,2,27
"R_7ZbXnsQUZeEczCN","1",1,1,1,5,2,1,5,1,2,1,20
"R_58JkO0vNl64sBQ5","1",2,2,2,5,2,2,2,5,5,2,29
"R_6fNxEPNSxfWVXCV","1",1,1,1,1,1,1,1,1,1,1,10
"R_7LFp9JfEfzRZN9T","1",2,2,4,3,2,2,1,3,2,2,23
"R_5imU0pR4LvN98ob","1",1,1,2,4,1,1,4,1,6,1,22
"R_5rdhhnq2msr4Z76","1",1,1,1,6,6,6,6,6,6,2,41
"R_7OVm8AfdCMyQ9MN","1",1,1,1,1,1,1,1,1,1,1,10
"R_5tEHudzMUduPpvp","1",2,1,2,6,3,4,4,5,4,4,35
"R_7VgR6sHl7EZK123","1",1,1,1,5,3,5,5,6,6,5,38
"R_7g11nzA2jjUGmbK","1",4,4,4,6,5,6,5,4,6,4,48
"R_3wbm19TpYalz4t3","1",2,2,2,1,1,2,2,2,2,2,18
"R_6I6Xnq6FynHSF3j","1",1,2,5,5,2,2,5,4,6,4,36
"R_7K0UXUthxYhSA0A","1",1,1,1,1,1,1,1,1,3,1,12
"R_3pzfaf2zS5IXoRN","1",4,5,6,5,5,5,5,4,5,5,49
"R_1KnyBcZsWHfSfNn","1",1,1,1,1,1,1,1,1,1,1,10
"R_7NTV4FIYDIiLroV","1",3,6,4,5,2,4,3,5,5,2,39
"R_35TRQRUFWQLKFOx","1",1,1,1,6,1,6,6,6,6,6,40
"R_5pPh0hxn4w8gztS","1",2,2,3,2,2,3,3,3,4,4,28
"R_5rYrCxZ79sliXyb","1",1,1,2,1,1,1,2,1,1,1,12
"R_3P0LE32B3q7IXZe","1",1,1,6,6,3,1,4,4,3,1,30
"R_5qP9pcvJiErJg66","1",1,1,1,1,1,1,1,1,1,1,10
"R_1my0gusJNwVN47S","1",2,2,2,3,3,5,5,5,5,2,34
"R_3WUzt3NkpV5zakt","1",2,2,2,2,2,2,1,1,1,1,16
"R_7RWkqOusSPiqPeM","1",1,2,4,6,5,5,5,6,6,6,46
"R_5uwW1GNPHEPZEjP","1",2,2,5,2,5,5,5,5,5,5,41
"R_5WCihAOgcUedcZk","1",1,2,2,1,1,4,5,4,4,5,29
"R_3MR2wOcKDEOtwyF","1",6,6,5,5,6,5,6,4,3,5,51
"R_3m1UZFQc7rb44l9","1",1,1,1,1,1,1,1,1,1,1,10
"R_65EAY7lqI7ivK4L","1",1,1,1,1,1,1,1,1,1,2,11
"R_3gRbotitIRcBM7b","1",1,1,1,1,1,1,1,1,1,1,10
"R_6ePcGCUHHITSAEc","1",1,1,1,1,1,1,1,3,1,1,12
"R_11szzmPs5mGRu6J","1",1,1,1,1,1,1,2,2,2,2,14
"R_5gj5yKRvpTzaVNx","1",1,1,1,1,1,1,1,1,1,1,10
"R_75tnqr6vGdsHloP","1",1,1,1,1,1,1,1,1,1,1,10
"R_5RyHeKsHGHX3r7X","1",1,1,1,1,1,1,1,1,1,1,10
"R_3uxMDIM68Ryg7Zb","1",1,1,1,1,1,1,2,3,2,1,14
"R_7IQPqmlATzALGUO","1",3,2,4,5,5,5,4,5,5,2,40
"R_3xDlq2S6uPw5w8P","1",1,1,1,6,1,1,1,1,1,1,15
"R_3dYGhjebxDJwtJ4","1",1,1,1,1,1,1,1,1,1,1,10
"R_170LRwVEPhBnadb","1",1,1,1,3,1,1,3,3,2,1,17
"R_5DpW3cwN0vrKupI","1",1,1,4,6,6,6,6,6,6,1,43
"R_1YJ4PhVqGeXyzaV","1",1,1,1,4,1,1,3,2,1,1,16
"R_5wLKofpoMG6ifbr","1",2,1,1,2,1,1,1,2,5,5,21
"R_1i1OwAEpRdxdVN7","1",1,1,1,3,2,1,2,3,2,2,18
"R_3M9xhlRWE2z06ER","1",1,1,4,4,1,1,2,1,4,5,24
"R_5LtmRRCFrFNzPxb","1",1,1,1,5,4,1,5,5,1,1,25
"R_5lt6t4j8YY71s3C","1",1,1,4,1,1,1,1,1,1,1,13
"R_3flcaFWiEzGlW0z","2",NA,NA,NA,NA,NA,NA,NA,NA,NA,NA,0
"R_5R4wMYSZx064Fxq","1",1,1,4,5,4,2,2,3,3,3,28
"R_5JfL2nIAUug4iPa","1",1,1,1,2,1,1,1,4,1,1,14
"R_6oM8rMgHrXTOZ0o","1",5,6,5,5,5,5,6,5,6,6,54
"R_5pKjJBb1i8PpMbj","1",1,1,1,6,4,1,6,5,1,1,27
"R_3COVtMZnAkIXYQx","1",3,3,3,3,3,2,2,4,4,4,31
"R_3RTiyVGeYz0aYlX","1",6,5,6,5,6,6,5,6,5,6,56
"R_9Ko6VUlnS5brTqN","1",1,1,1,5,3,2,5,3,3,2,26
"R_13f26CHXBygN3UE","1",1,1,1,5,1,1,5,4,1,1,21
"R_6HOG4TBXusNkrXT","1",1,1,1,1,1,1,1,1,1,1,10
"R_7isTWLL25asnz86","1",1,1,1,1,1,1,3,2,4,1,16
"R_3nNsH4otQiGWhBf","1",2,2,2,2,2,2,2,2,2,2,20
"R_7CE0guvfyrrt836","1",1,1,4,4,1,1,1,1,4,2,20
"R_7fZQD4Jf65YZHCU","1",1,1,1,1,1,1,1,1,1,1,10
"R_7Hzwt9UmKWEwFQH","1",1,2,2,3,3,2,1,3,2,2,21
"R_1coUgYVdOvnwtTb","1",1,1,3,1,1,1,1,1,2,1,13
"R_1nwsNfArFfIHHtB","1",1,1,1,1,1,1,3,2,2,2,15
"R_6veV1V1XDql3BJi","1",3,2,4,2,2,1,2,1,4,2,23
"R_3PRnL9GkacgrAn6","1",5,4,5,6,4,5,5,5,6,5,50
"R_6m37LAKqjV0TJuC","1",1,1,1,6,1,6,5,2,3,1,27
"R_1WJ8M91QaGqkKrx","1",4,1,6,6,6,6,6,6,6,6,53
"R_7QEZnQTtIJiVFow","1",2,2,2,3,2,2,2,4,5,3,27
"R_3E1lAhesUhGJxEd","1",3,4,3,4,5,3,4,4,3,4,37
"R_3CNS4ExL4KVFzTw","1",1,3,2,5,2,2,3,3,2,1,24
"R_5q8XXif9YDAgoQV","1",1,3,5,5,3,5,4,4,5,5,40
"R_1pVBtsd9NtU9y8d","1",1,2,1,1,2,2,1,2,5,1,18
"R_5Tdv92OtUPduJbP","1",1,2,3,4,5,6,5,4,3,2,35
"R_1ZpdzuFb6nfizmN","1",1,1,2,4,1,1,1,1,1,1,14
"R_6jTBkys7hizQQIH","1",3,4,5,4,3,2,3,4,3,4,35
"R_7jUlInnnlaVlm8J","1",1,5,4,3,4,3,4,5,2,3,34
"R_5SwchB5xw2PBOO3","1",2,2,2,2,2,2,2,2,2,2,20
"R_62gNZjHo4EQTbBy","1",1,1,1,5,2,1,3,5,2,1,22
"R_6t3Tr4mwzMdFcAg","1",4,5,4,5,5,2,4,3,5,4,41
"R_5r2HFQsXV0AewHn","1",1,1,1,4,3,2,4,4,5,2,27
"R_1diUIDmLMvzF6aY","1",1,1,5,4,3,2,2,2,2,2,24
"R_1IsWVQc0OZa6DNr","1",1,1,5,4,1,1,1,3,4,1,22
"R_6zCi0ZMwXNY1dGs","1",1,1,2,5,1,2,1,3,2,1,19
"R_7ey8UkBc9W3Pnj3","1",1,1,6,3,2,2,2,1,2,1,21
"R_1Hno6wtMOtcC0cW","1",1,1,2,6,2,1,2,3,1,1,20
"R_6f6SFVdsQoo2mz6","1",3,5,5,4,3,2,4,3,3,4,36
"R_3mk6xQHooB8Huby","1",1,1,2,6,6,6,6,6,5,3,42
"R_5j8p5Vo90h0FG1x","2",NA,NA,NA,NA,NA,NA,NA,NA,NA,NA,0
"R_5GVVqzHEujWmsNP","1",6,5,3,6,4,6,1,3,5,6,45
"R_1e8rHsVDW9fQOzo","1",1,1,1,5,2,1,1,1,6,6,25
"R_3XnsJpTLws66Xar","1",2,3,4,3,3,4,4,4,4,4,35
"R_6ESDeeWeeX7ZQeG","1",1,4,2,3,2,1,1,2,6,3,25
"R_1DP9eJZCP1OBbNh","1",1,1,2,1,3,2,1,3,2,3,19
"R_12eqqTBycuY6KFr","1",1,1,1,2,1,1,2,1,1,1,12
"R_3PcpXLqgY3JN4Ac","1",3,3,5,6,6,5,5,6,6,5,50
"R_7DYWGg0sn2qvHTX","1",3,3,3,3,2,3,2,2,3,3,27
"R_5SLTqvccMdG5oul","1",6,6,5,5,4,4,6,6,5,6,53
"R_7Lhj4WItM9kTshk","1",4,3,4,3,4,3,4,4,3,3,35
"R_7vpFRXW8ufjTUiZ","1",4,4,2,5,4,4,4,5,4,4,40
"R_52lhe45eUySh6NK","1",5,4,4,6,5,6,5,6,5,6,52
"R_1VaolO01zRBuxUY","1",1,1,1,1,1,1,1,1,1,1,10
"R_5Ky0tWaYFSLDAT5","1",5,3,2,1,4,3,2,4,4,2,30
"R_1FRqnmZCAG3xmWl","1",1,1,1,1,1,1,1,1,1,1,10
"R_75TpK6lYpXxnUGl","1",4,3,4,5,3,4,4,4,4,4,39
"R_65uuOBQuhlHu4cy","1",4,5,6,4,3,4,5,5,6,4,46
"R_7DrS6Fm6TrOqra9","1",2,5,1,5,2,2,2,5,2,2,28
"R_5PzNB33lG690A60","1",2,4,5,3,3,5,4,4,1,5,36
"R_54DicyqwBIaTQvR","2",NA,NA,NA,NA,NA,NA,NA,NA,NA,NA,0
"R_5JrblWrGRpNsRAW","1",6,6,5,5,5,5,5,5,6,6,54
"R_3GNvpqbl7vKY4HQ","1",1,1,1,1,1,4,3,6,6,1,25
"R_38U7lY4dRg210M2","1",1,1,1,2,1,1,1,4,4,1,17
"R_1kyjyFMadgqbC1P","1",1,1,1,3,1,1,5,1,1,1,16
"R_7kby0wT3hZX3eTL","1",1,1,2,3,3,2,5,1,4,3,25
"R_6LGrAKPdslOIyjH","1",4,5,5,6,5,4,5,6,5,5,50
"R_7kG3WFkHGrSbhqN","1",1,1,1,6,1,2,5,5,6,2,30
"R_6g6nUxrNBYlWHG3","1",4,5,6,5,4,5,5,6,6,4,50
"R_7gT4ovKVXu6wfSg","1",6,5,3,5,5,1,6,5,3,6,45
"R_6WOu2X3EXLmpG5j","1",5,6,4,4,3,5,6,5,4,6,48
"R_5D7AvHDLoubPD6d","1",1,1,1,1,1,1,2,4,2,1,15
"R_5sp1OTcYxdTBOPc","1",4,5,6,3,5,4,6,4,5,4,46
"R_5feArODia9KIdNJ","1",1,5,6,6,5,6,5,6,6,4,50
"R_6813LD5V2VBexyh","1",6,5,3,2,3,2,6,3,2,2,34
"R_5wtMvFOrwYs2lmV","1",1,1,1,1,6,2,2,6,5,6,31
"R_6COZ2QDg7ahTBro","1",2,2,2,2,2,2,2,2,2,2,20
"R_30dmf15IH492c6J","1",6,3,5,5,4,2,1,5,4,2,37
"R_7uplO4CroJuK1Bf","1",4,4,5,4,6,5,4,3,3,2,40
"R_5E112Kdc9B5eeIq","1",2,2,2,4,2,1,2,2,5,2,24
"R_6EiyxtDCB1wuyL5","1",1,1,1,3,1,1,2,1,2,1,14
"R_61nMHvKmmWwFlCh","1",1,1,1,1,1,1,1,4,4,3,18
"R_1oAQTesiRxTvn55","1",4,4,5,4,3,5,3,4,5,1,38
"R_35NGvxIeJE1eqfZ","1",1,5,1,6,1,6,1,6,2,6,35
"R_70hO1uBKtZ5Y1Ls","1",1,1,2,1,1,1,1,2,1,1,12
"R_72D8qSiOPXzVZ9R","1",3,4,5,6,5,4,3,3,4,5,42
"R_3ESboLdcNKqTQOS","1",1,2,2,2,2,2,2,3,2,2,20
"R_10OsPGhyDwBI9kE","1",3,3,6,3,3,3,3,3,3,1,31
"R_3Jg52uGh6mYxzJ7","1",2,2,2,2,2,2,3,2,2,3,22
"R_61hFbc6r2FVxfhi","1",2,1,4,5,4,3,4,6,5,5,39
"R_5azrZRXFW70Zl2M","1",6,5,5,5,5,5,3,2,5,5,46
"R_1X5v6e6MRhn3CTo","1",1,6,6,6,4,4,6,2,6,6,47
"R_1E9EKMVWG0b4myE","1",1,2,3,3,4,5,1,2,3,5,29
"R_7wvRFUArj8pMGpO","1",3,3,4,5,3,5,5,1,3,1,33
"R_161xBTa6RbcVN3X","1",1,1,2,6,3,4,6,6,1,1,31
"R_6Pjuw2O3aqRXaCU","1",1,1,1,6,3,1,6,6,3,1,29
"R_7meCo1Ke7pyhp5Q","1",5,4,4,6,5,5,3,4,4,5,45
"R_6TTP7rYj6gNjHKW","1",4,5,6,5,4,4,5,6,5,4,48
"R_5aCB9Qv1zahCbqV","1",6,5,5,6,5,4,5,5,4,6,51
"R_1170WjJHEpEXtWj","1",4,5,6,6,5,4,6,4,5,5,50
"R_1eappizCnpLxqEs","1",5,6,4,5,6,4,5,6,5,4,50
"R_1FCDb16uLfJe61S","1",5,6,5,5,5,6,5,5,4,5,51
"R_6zwNlroSnUwo2Y1","1",2,2,2,4,4,4,5,5,4,4,36
"R_6JFIsFakh0FzHSp","1",4,4,1,4,3,4,3,4,6,2,35
"R_51hi0ZPPmGnC4kd","1",5,6,2,4,1,4,6,5,2,5,40
"R_3aLaYt5sSDkTZu9","1",6,5,2,3,5,1,6,2,4,2,36
"R_1M4t1aCyvI7hvNf","1",2,4,4,2,2,2,2,3,4,4,29
"R_6FQwI5rrWRakAm4","1",1,1,1,4,5,5,6,6,5,5,39
"R_3Qo3HmUgryPo4vx","1",4,4,5,5,4,3,5,5,4,4,43
"R_7oWbHJRx9eVh3mF","1",3,3,1,1,2,5,5,5,5,2,32
"R_3hsStidCOPFiW3Y","1",4,4,5,5,4,4,5,5,5,5,46
"R_31twatt8LnXzkIy","1",1,2,1,2,3,2,5,5,4,1,26
"R_36TKpb8ZmQrG1Md","1",5,5,1,4,4,4,6,6,6,5,46
"R_6LHyi9WBKC5FUVg","1",5,5,1,5,5,5,6,6,6,6,50
"R_1lnl6Ks5BzlkQAb","1",6,5,1,6,6,6,6,6,6,6,54
"R_5Kdnbtdn92gv3g6","1",5,1,2,5,5,4,5,3,6,4,40
"R_6kTgvMGPho58kd2","1",5,4,6,5,5,4,3,3,4,5,44
"R_3Yyr40HiOUWXoL4","1",6,5,4,4,5,6,5,3,4,5,47
"R_1KeRptZnJeUCirK","1",5,6,5,6,5,5,6,5,4,6,53
"R_3qbb0SLpXxxiZmC","1",5,5,5,5,5,5,5,5,6,6,52
"R_6649kbAIajO0Lrb","1",1,1,1,6,6,5,1,1,6,6,34
"R_7Fqjq4qdiq057IR","1",5,6,4,6,5,5,4,5,6,5,51
"R_3DGSVLkpPxRUC5j","1",5,4,6,5,5,4,6,5,5,4,49
"R_5MiBxGHwkvjd5fS","1",4,4,5,5,5,5,5,4,4,4,45
"R_5YTYvErYeB7OXAJ","1",5,4,6,5,5,4,5,6,6,5,51
"R_3MrOtETZMxyQ79T","1",5,4,6,5,4,6,5,5,4,5,49
"R_1t9bxsdmklM5cEE","1",4,6,5,4,6,5,4,6,5,6,51
"R_5IEtfH3JvpcVhac","1",6,5,4,5,5,5,3,5,4,4,46
"R_3Ed44PhFYdVkg9H","1",5,4,4,5,5,4,5,4,4,5,45
"R_5KnouKJdDXyA4Uh","1",6,4,4,5,5,5,5,6,5,5,50
"R_625ydHqllwQ449y","1",5,4,4,4,6,5,5,4,3,4,44
"R_3iJP5JV1LlKLLUS","1",5,4,5,5,4,5,5,5,4,5,47
"R_7dFOEPORpH5vgTn","1",6,5,5,6,6,5,4,4,4,6,51
"R_7oQLvdqVeX0KEpU","1",5,5,4,4,3,4,5,6,6,5,47
"R_6NaVxUE5LLOUlXQ","1",6,5,4,5,5,5,6,5,4,6,51
"R_3Ptj7hKnqAjIYef","1",5,3,5,4,3,5,4,4,4,3,40
"R_71A2ClMIG4OGeeB","1",6,5,4,5,6,4,5,5,6,5,51
"R_545IPftqM571fTX","1",6,5,5,4,4,4,6,6,4,5,49
"R_7qljLVi1JBk3ieX","1",5,4,3,5,4,3,4,3,5,3,39
"R_1RuoYcrkEweLS5r","1",5,3,4,5,3,4,2,5,4,3,38
"R_3hLQ7Joirxm7awc","1",3,4,5,4,4,4,3,4,5,4,40
"R_5oOUns02tRPImw9","1",2,3,2,3,2,2,2,2,3,3,24
"R_7j3agWxGKcTpHiZ","1",5,6,4,4,3,4,5,4,5,4,44
"R_30nHKFyrJsS0nCN","1",4,5,3,2,4,4,3,3,4,5,37
"R_3QyBUl5z6ucksbV","1",3,2,1,3,3,3,3,2,1,4,25
"R_7KQ2FYz3n58GzNe","1",5,5,2,5,5,5,5,5,5,5,47
"R_6iAa5nVnm6BWaI1","1",6,6,1,6,6,6,6,6,5,6,54
"R_5kRN7UyzQmL5c3o","1",6,5,1,5,5,6,5,5,5,6,49
"R_1Ea6I3fCrmPGeYj","1",6,5,1,5,5,4,5,5,4,5,45
"R_7imUoqivVEbziVk","1",6,5,2,6,5,5,5,6,5,5,50
"R_7pRKZd8tmoUNQOq","1",5,4,2,5,4,5,5,5,5,5,45
"R_6mlESN4QArS34U9","1",1,1,1,1,1,1,6,6,6,6,30
"R_6cbWWX0zPCvbauv","1",5,4,6,5,4,6,5,5,4,6,50
"R_5YxEPX40wPYohnr","1",5,6,5,4,6,5,5,4,6,5,51
"R_1kBtfHS3SD3r3JD","1",5,4,6,5,4,5,5,6,4,5,49
"R_77QkQMmGppCtLY9","1",1,1,1,6,6,6,6,6,6,6,45
"R_5IfUVw0ksInfSm7","1",1,5,5,6,3,2,4,6,5,5,42
"R_7jZK2iZDIUmc9gD","1",1,1,4,5,1,1,1,1,1,3,19
"R_5vldEJKdaodzFFf","1",1,2,2,3,2,4,2,1,2,5,24
"R_3QEX6liTEgJ8HIJ","1",6,6,5,6,6,6,5,6,6,6,58
"R_3Ck0FJR6RtQCHkJ","1",1,1,2,6,5,2,2,5,5,5,34
"R_5IYabWsm6nMfFRX","1",1,1,1,6,1,1,3,5,1,6,26
"R_60BL20lGV4eQGiY","1",4,4,2,4,5,4,3,3,5,5,39
"R_5qwdKXOa7Hw57b0","1",2,2,2,4,4,2,2,2,4,2,26
"R_7Lb8Fic06UfMAVj","1",1,1,1,6,1,1,6,6,6,1,30
"R_5oAztSzty8uQOMb","1",1,2,2,5,5,3,6,4,1,4,33
"R_50bNphWOSre1AYf","1",4,2,2,4,2,4,4,4,4,4,34
"R_1Dr6VHcsjgsvXJM","1",1,1,1,1,1,1,1,1,1,1,10
"R_6lESC8T1hnSFjnE","1",1,1,1,1,1,1,1,1,5,1,14
"R_1nTKiKrWZdmlJw8","1",1,3,4,5,4,3,4,3,4,4,35
"R_3tJBSOV0wYaJFhn","1",5,5,5,4,6,6,6,4,4,5,50
"R_6nwUopW6cDtgShH","1",1,2,5,2,3,3,5,4,5,2,32
"R_3P6ngmKtTH9RU1M","1",1,1,1,3,3,3,2,3,2,2,21
"R_1D5rN1W6yXzVDea","1",5,5,5,5,4,3,3,4,3,4,41
"R_3XrBxzVCVDiZfUJ","1",2,2,2,4,5,5,5,5,4,3,37
"R_7gQ1PzcsaV46W9b","2",NA,NA,NA,NA,NA,NA,NA,NA,NA,NA,0
"R_7oehtxp4XxtLsLU","1",3,3,5,5,4,4,3,5,5,5,42
"R_7EbRGRmuQuiEu9L","1",5,3,6,5,4,4,5,4,5,5,46
"R_6RXjdQP47ZnOxc9","1",1,4,5,4,5,5,6,5,5,6,46
"R_10DGYtZd6xgQ59c","1",6,5,5,5,6,5,4,5,6,6,53
"R_1B5NM2vXggPA4bU","1",5,6,6,5,6,5,5,6,5,5,54
"R_6d2ognAHiZS1lex","1",5,6,6,5,4,5,6,4,3,5,49
"R_3DwDXACHoQkGkFL","1",1,1,1,1,1,1,2,1,1,1,11
"R_1Kv7xLwGgK9y1MJ","1",1,1,1,3,3,1,3,3,1,1,18
"R_6a8OTYFpUUCBv9j","1",1,1,1,6,2,2,4,5,4,2,28
"R_3zAATMQJDMn0z9D","1",6,5,4,3,2,1,2,3,4,5,35
"R_1wp1nCfIdq7Ghvw","1",6,4,5,6,5,5,5,5,6,4,51
"R_7Se3TeKN3kl6KmC","1",1,1,1,1,1,1,1,4,1,1,13
"R_1MPDcfqHGRJsASq","1",1,1,1,1,1,1,1,1,1,1,10
"R_7CBLtnQPWp7sTQ9","1",1,1,1,2,1,1,2,3,2,1,15
"R_7f7Os0VfsV1bBqD","2",NA,NA,NA,NA,NA,NA,NA,NA,NA,NA,0
"R_1J1X6LY6xViqBQU","1",1,1,1,4,2,1,3,5,3,1,22
"R_71Rycl1SRLOXjdl","1",1,1,1,1,1,1,1,1,1,1,10
"R_3MSqMUSmHrf877f","1",1,1,1,1,1,1,1,1,1,1,10
"R_3uQ905LnwDukwBX","1",1,1,1,1,1,1,2,4,2,2,16
"R_16CQFut0Un0sG6R","1",1,1,1,1,1,1,1,1,1,1,10
"R_50O3NasU6D2NPwp","1",1,1,1,1,1,1,1,1,1,1,10
"R_3Y7iapK9nv5QW2t","1",1,1,1,1,1,1,1,1,1,1,10
"R_6f1zGTkG242oTpn","1",1,1,1,1,1,1,1,1,1,1,10
"R_7Hpp5Gdhdrii3ZP","1",1,1,4,1,1,1,1,1,1,1,13
"R_6aFWNDb1QCg7xqG","1",1,1,1,2,1,1,1,1,1,1,11
"R_7azQR2LfXuwQ045","1",5,4,6,5,4,3,4,3,4,4,42
"R_32mL6251A4OMWo1","1",1,1,1,5,1,1,1,1,1,1,14
"R_6zqCjHrr5VS8dhK","1",1,1,1,1,1,1,1,1,1,1,10
"R_58B834vt2VIsTjq","1",1,1,3,5,3,2,2,4,3,1,25
"R_3styNTEwLflkXBv","1",1,1,1,1,1,1,1,1,2,1,11
"R_750QuXDiM5BvVF7","1",1,1,2,4,1,2,4,2,4,1,22
"R_7z6F6a8qSEtkUpu","1",1,1,1,1,1,1,5,4,5,2,22
"R_3BrmmIqLHGzgOtt","1",1,1,1,1,1,1,1,3,3,1,14
"R_3jqRXuYDV7vJHz3","1",2,1,1,2,1,1,1,1,1,1,12
"R_30KYXrzXgk1sCjL","1",1,1,2,5,2,1,2,3,2,1,20
"R_7KSY5VLSLrgI3vB","1",1,1,1,2,1,1,1,1,4,1,14
"R_19tzlf6Bzch4aMz","1",4,5,1,4,3,4,5,2,4,2,34
"R_5oKCW2GyDKaeDBa","1",3,2,3,4,4,3,3,4,5,3,34
"R_7HZDtfpr1lylGB2","1",3,3,4,4,4,4,3,2,3,4,34
"R_7dFH73kadpEEdMR","1",2,2,2,2,2,2,2,2,2,2,20
"R_6YFZRSWIBPkoztJ","1",2,3,1,2,2,1,1,1,2,2,17
"R_5HG3PRhRHgl6QGu","1",2,2,1,3,2,3,3,3,2,6,27
"R_3uUqhElAGbUAu8K","1",1,1,1,3,3,2,4,2,4,1,22
"R_5PzexzzrreikY11","1",2,2,2,2,4,3,4,4,4,4,31
"R_3lGhil9rbRSapBK","1",1,2,4,4,2,2,4,3,4,3,29
"R_6foLbP1LihRzBBG","1",2,3,2,2,3,2,3,1,3,2,23
"R_3j7xWUAFf8oQy3E","1",1,1,1,1,1,1,1,1,1,1,10
"R_3QloNqa4C8JA14A","1",1,1,1,1,1,1,2,3,2,2,15
"R_3F391TZADduEmBp","1",1,1,3,1,2,1,1,1,2,1,14
"R_65MFKWx6DsVNFgp","1",1,1,1,1,1,1,1,1,2,1,11
"R_6BQ4PdSlgJMjsSW","1",6,6,6,6,5,6,6,6,6,6,59
"R_6PiEEuV6F7GeCfz","1",1,1,1,6,1,1,6,6,6,3,32
"R_13LGZpxIVvIjkQx","1",6,6,6,5,4,5,5,6,6,6,55
"R_5C8iryvOPDgr5D3","1",1,1,5,3,4,2,4,3,3,3,29
"R_6mE0qBbkmjq2U6r","1",5,5,6,5,5,5,5,6,6,4,52
"R_76JAAI979BSbyoh","1",2,2,2,2,2,5,5,2,2,2,26
"R_3y1qpf9dR062ozs","1",1,4,1,5,1,1,1,1,6,1,22
"R_3EnH2xACQU3m6UE","1",5,3,3,3,4,3,2,3,5,4,35
"R_6hSD7bHfgdexwkf","1",1,2,1,3,2,2,3,3,4,2,23
"R_3X6EKk3bXm6u6ot","2",NA,NA,NA,NA,NA,NA,NA,NA,NA,NA,0
"R_6Njh9cKHMn1J6WB","1",5,3,2,5,3,3,4,3,5,5,38
"R_7EfT5WE5EAq3Hze","1",4,3,2,3,4,4,3,2,5,4,34
"R_3cV1qFHRhSA9GIF","1",3,3,5,5,5,4,5,3,5,4,42
"R_1fjj7mClDzakg5r","1",1,1,6,6,6,5,6,6,6,1,44
"R_7gSXadCWe1EZaMt","1",2,2,5,5,5,3,3,3,5,5,38
"R_7IyNizJs88szDN5","1",1,1,4,2,2,1,2,3,5,1,22
"R_3WAn43z1xujRIKR","1",3,2,5,6,3,5,3,5,6,6,44
"R_1ZQVzSjNzuSBY7T","1",2,2,1,5,2,5,5,6,4,4,36
"R_7my0lOdaHONUtac","1",2,2,5,2,2,2,2,2,2,2,23
"R_1qsKHuRkuZ5AqjS","1",2,5,4,2,2,2,4,3,5,5,34
"R_3QM3ZCFHWHHIqvA","1",1,2,4,5,3,5,5,4,6,3,38
"R_3HAuZPtNk9IdXVv","1",1,1,1,1,1,1,1,6,1,1,15
"R_137EjjJuUw85SKC","1",1,1,5,3,1,2,3,5,5,1,27
"R_1rqNVK3iy7pW3l8","1",4,4,5,6,6,5,6,5,6,5,52
"R_5KgVOPvf1NtFFQJ","1",1,1,4,5,4,3,4,1,6,2,31
"R_129TVln3oHIxpq9","1",5,5,5,2,3,4,3,5,5,5,42
"R_6FPQNWQNDaVd1hv","1",1,1,1,1,1,1,1,1,1,1,10
"R_6vqp4tfT9cxNOFj","1",5,4,4,5,5,5,5,5,6,5,49
"R_7MR0gsdFYIqP6cn","1",1,1,1,5,5,5,6,6,6,1,37
"R_7qrm8XbUnmqGIky","1",1,1,1,1,1,1,1,1,1,1,10
"R_1Q47VVl4Mr2nAkx","1",3,1,3,3,3,3,3,3,3,3,28
"R_1REINJlS7l3Z1cZ","1",5,3,2,4,4,4,4,4,4,3,37
"R_3MwB3qunp2M6XKN","1",1,1,1,1,1,1,1,1,1,1,10
"R_6oOf1vP7fGaBFmH","1",6,6,1,6,1,3,6,5,5,4,43
"R_7JF4SW40mOY1jhL","1",1,1,6,1,1,1,1,6,1,1,20
"R_3z7BUOjeTOxIvAJ","1",2,2,2,1,1,1,1,1,1,1,13
"R_5gOfedapFM3Ojol","1",1,1,1,1,1,1,1,1,1,1,10
"R_70cPbehz8YgjlAD","1",2,2,5,5,5,4,4,5,6,5,43
"R_75MCXE9iAmtsevV","1",1,1,1,1,1,1,1,1,1,1,10
"R_7Y0vv25OtJe68FP","2",NA,NA,NA,NA,NA,NA,NA,NA,NA,NA,0
"R_1tr712tjfR73hFG","1",4,5,5,5,4,5,4,5,5,5,47
"R_3E0gaNpg8ixuFG8","1",1,1,5,5,4,4,3,5,5,5,38
"R_5ITriEqOqWDcNCc","1",1,1,1,1,1,1,1,1,2,1,11
"R_5g5GmSpifeWgMhc","1",6,5,4,3,1,4,6,5,4,5,43
"R_5sZvJQyM6qKw9kf","1",1,1,4,6,6,6,6,6,6,4,46
"R_3mggRTNicb8mEMV","1",1,2,2,4,5,4,5,5,5,5,38
"R_3mr5qyBCh8nDuok","1",2,2,2,2,2,2,2,2,2,2,20
"R_3ojXijZq4z3B08n","1",5,4,5,6,6,4,5,5,5,6,51
"R_6BNWPRT7rx1lpQd","1",1,1,1,1,1,1,1,1,1,1,10
"R_7QoXGIhQ6ltnz9D","1",1,1,1,6,1,1,1,1,1,1,15
"R_1PWpThWl7C85g65","1",5,5,5,5,5,5,6,6,6,6,54
"R_1fkszSr7PdTiFar","1",1,1,6,1,1,1,1,6,1,1,20
"R_1kGIRsNE7LNC5GH","1",1,1,1,1,1,1,1,1,1,1,10
"R_3FGMDx5zBHb5qKt","1",6,5,6,5,6,6,5,6,5,6,56
"R_7j3abBq8VjyMdaI","1",1,1,1,1,1,1,1,1,1,1,10
"R_32216RK2i1jzsnn","1",1,1,1,6,1,1,6,1,1,1,20
"R_3I3DzLnCrGOhKMx","1",5,6,5,3,5,5,5,6,3,6,49
"R_3L6EvIfUoI2uKyo","1",5,5,5,5,5,5,6,6,6,6,54
"R_73awMk9MUM9Wt7b","1",1,1,4,4,4,1,2,2,2,2,23
"R_74CrzwchZluPqTC","1",4,4,4,4,4,4,4,3,2,4,37
"R_394aC6s9PhFGFCR","1",1,1,1,5,4,2,4,5,1,1,25
"R_3KV1xuzqAuxbJAd","1",1,1,2,6,2,2,1,5,5,5,30
"R_3n6HZ84xXzVZYWD","1",4,5,6,6,4,5,6,5,4,5,50
"R_5fltE28G8y5O2Nf","1",3,3,3,2,5,2,4,3,6,3,34
"R_6Gpt1E8cQns9Kuv","1",3,4,5,2,3,4,5,3,4,4,37
"R_137uU0cle84C0Eg","1",5,4,5,6,4,3,6,5,3,5,46
"R_13loJdlauVfZGet","1",3,3,3,3,3,3,3,3,3,3,30
"R_15nxmT8ch9VTtBL","1",4,5,1,5,5,5,5,5,5,2,42
"R_1eRxCw3CkWpKbuO","1",3,1,5,6,6,6,6,6,6,6,51
"R_6aEvyCjuGkZVczT","1",2,5,6,6,5,5,6,4,5,6,50
"R_1z3tvcxEft0V8Bz","1",1,1,2,4,4,4,5,5,3,3,32
"R_70BEUnP9rajbD9q","1",1,1,1,6,1,6,1,6,6,6,35
"R_7Kr2dRserR88akN","1",1,1,1,2,1,1,1,3,1,1,13
"R_7wyiiJkx986HOud","1",1,1,1,6,6,6,4,6,6,1,38
"R_1NE7SPaqhcRo38F","1",1,1,1,1,1,1,1,1,1,1,10
"R_3Kd0ScxBeORmEup","1",1,1,1,1,1,1,1,1,1,1,10
"R_5EnwJbGyeuF3HLL","1",2,2,2,2,2,2,5,5,5,5,32
"R_5X5DNuT88jLJ6X7","1",2,4,2,4,2,4,5,5,5,5,38
"R_7dzmyOOs2upBV8i","1",5,4,2,1,6,5,5,3,3,4,38
"R_5GezpMhG5goUznd","1",3,3,4,3,2,3,4,5,3,1,31
"R_5kSf2VgpuYiOlhf","1",1,1,1,1,1,1,1,1,1,1,10
"R_74k5t3sSdvVwRCT","1",5,5,5,3,5,5,3,5,3,5,44
"R_7LjwvV2QS6F6IcV","1",5,6,5,6,4,5,5,6,4,5,51
"R_9O98LYBMxw4crx7","1",1,5,5,5,4,5,5,6,6,4,46
"R_1NFgwnM2q8M7Tk6","1",2,2,2,2,2,2,2,2,2,2,20
"R_3MA4k0zsZQcdJDP","1",6,6,6,6,6,6,6,1,6,5,54
"R_3wNf7MTZWA4OtYs","1",5,6,6,4,2,1,1,3,2,4,34
"R_51QnjxvkvMEaIdv","1",5,5,5,5,5,6,6,6,6,6,55
"R_7UfpkuOufMXw6oV","1",4,5,5,5,2,4,4,3,5,2,39
"R_1gXE5Tu9JMZtKoF","1",5,5,5,5,5,5,6,6,6,6,54
"R_1jXlpw7NlbcsXe1","1",1,2,3,3,1,1,1,2,2,2,18
"R_60YXKHoxZ9pM88c","1",1,1,1,1,1,1,1,1,1,1,10
"R_7nuOAZwSYjKYOtA","1",6,6,6,6,6,6,6,6,5,6,59
"R_9Doqi4l8ZeXexJC","1",5,4,4,4,4,5,4,4,3,4,41
"R_1nOvcmcwAZmasnv","1",1,1,1,3,1,1,5,3,4,1,21
"R_3Rn9S8JLpumEayd","1",1,1,1,1,1,1,1,1,1,1,10
"R_3gwIkd6W01wNgxW","1",6,5,5,6,6,5,4,4,5,6,52
"R_5bnYPjPBLRih4u5","1",1,1,1,1,1,1,1,2,1,1,11
"R_6twYKcfHQWhkkY9","1",4,5,5,6,5,5,4,5,5,4,48
"R_1CHjIG3AYAcL3jo","1",2,4,3,2,4,2,2,2,5,2,28
"R_1KqyRvahNgmkBQE","1",4,3,2,2,3,3,3,2,3,4,29
"R_5N4vuCrAZwl7GGE","1",3,3,3,2,4,4,2,5,5,4,35
"R_5P05fOIY0EaSYPX","1",1,2,2,4,3,3,2,4,4,3,28
"R_5TAzlO7d4sUCnbX","2",NA,NA,NA,NA,NA,NA,NA,NA,NA,NA,0
"R_3Olf80nWFmmOSDu","2",NA,NA,NA,NA,NA,NA,NA,NA,NA,NA,0
"R_3n9j4KBCzsSrNmq","1",1,1,1,1,1,1,1,1,1,1,10
"R_6P6bCm0bhGY83GF","1",1,1,1,1,1,1,1,1,1,1,10
"R_7PZA0G9I5noAZwT","1",2,3,5,5,3,4,4,2,3,4,35
"R_7g9lcoV826k1byN","1",2,2,2,5,5,5,5,5,4,2,37
"R_50S6lE38rGSOmGd","1",1,1,1,1,1,1,1,1,1,1,10
"R_51E0WEpVsh8wfyV","1",1,1,6,6,6,6,6,6,6,6,50
"R_5rqpyiS4oQeSuUF","1",1,1,1,1,1,1,1,1,1,1,10
"R_67xsmv04l4ab4AB","1",4,3,5,4,3,4,3,4,3,4,37
"R_6Esp4DhOHPygHi2","1",2,1,2,3,2,2,1,1,2,2,18
"R_14BntYuTlNkORLb","1",1,1,1,6,5,4,5,6,5,3,37
"R_1oWY7yvZJq798bv","1",3,2,2,3,4,6,4,4,4,4,36
"R_3EsnRLEJX6rMS3z","1",1,1,1,6,1,6,1,6,6,1,30
"R_3SoBnEqWgFpuucq","1",1,1,1,2,1,1,1,2,2,1,13
"R_3pYXkdFXzjwfiyT","1",1,1,1,2,1,1,2,1,1,1,12
"R_5EGdextoNLmtP3P","1",2,3,4,5,4,3,5,4,5,4,39
"R_5dAS058eVSScQOB","1",3,3,3,4,3,2,1,4,4,4,31
"R_5lW8nxS3ED8IwtD","1",1,1,1,1,1,1,6,6,1,1,20
"R_6sTHiqGfAZWdwUk","1",2,2,4,5,2,2,3,4,4,2,30
"R_7J559ajJq0WRhKN","1",1,1,1,1,1,1,1,6,6,1,20
"R_3wwOAxdJOjOeFzz","1",1,1,1,1,1,1,1,1,1,1,10
"R_5HnsvN5jscCb3zK","1",2,3,5,5,3,4,4,2,3,4,35
"R_5jMU3x404AXXbNL","1",1,1,1,1,1,1,1,1,1,1,10
"R_6Cy21AzpK7wndhm","1",1,3,2,1,4,2,1,2,4,1,21
"R_7oaYMZbK41grUUp","1",1,1,1,1,2,2,3,5,3,3,22
"R_32RNpNqvxw5NK5s","1",4,5,4,5,5,5,5,4,5,5,47
"R_4GnIjgTUMujVj2x","1",5,4,5,5,4,4,3,3,4,4,41
"R_52lH4xqVIEKxDzN","1",5,6,5,5,5,5,6,5,5,5,52
"R_5rVffMsBwjBxttI","1",4,4,4,6,4,5,3,4,5,3,42
"R_6PHJ2KWPUjRpeb7","1",1,1,1,1,1,1,1,2,2,1,12
"R_1ByxdcDcAFYIHUm","1",4,5,6,6,5,4,5,5,4,5,49
"R_1Ya0cOGHwfG4HRq","1",2,3,5,5,3,4,4,2,3,4,35
"R_55AX9mNBTEpMqTK","1",2,2,4,5,3,2,2,2,4,2,28
"R_5ePlK0DXvkNIAOE","1",5,5,5,5,6,4,5,6,5,5,51
"R_5eQYqwIqKrWdWnr","1",1,1,1,4,1,1,2,3,1,4,19
"R_3dZaJNggSvlZfe7","1",1,1,1,1,1,1,1,1,1,1,10
"R_3kiEnofq1ydilqd","1",2,2,1,5,1,2,1,2,4,2,22
"R_3otLznU9Mjv3EOw","1",1,1,1,2,2,2,2,2,2,2,17
"R_6njg3OGBEiP8BAl","1",2,3,4,5,4,4,2,2,4,5,35
"R_1Q9Ic14XDJ0WJeT","1",5,4,5,5,5,5,3,4,4,5,45
"R_1g6H9bpeemzn2Ey","1",4,5,4,3,4,5,4,5,5,5,44
"R_6OPnJaJ7zm5qwsW","1",5,6,4,6,6,5,4,6,5,6,53
"R_6d3X2semYcfZzah","1",5,5,6,5,4,4,5,5,6,5,50
"R_3G0qnNaZxJN41s9","1",5,6,5,5,6,5,4,5,6,6,53
"R_3HtSz56NnEbZgFH","1",1,1,5,5,4,4,4,5,5,2,36
"R_5sBoPbDVLGGucl4","1",2,1,2,1,2,2,2,5,4,5,26
"R_6A89ny4xCsitc6R","1",1,1,1,1,1,1,1,1,1,1,10
"R_6vZC2n3E8MH60yJ","1",1,1,1,1,1,1,1,1,1,1,10
"R_1tTi3nQnh16312F","1",1,1,1,1,1,1,1,1,1,1,10
"R_58VxdOOr1q4Emjv","1",2,2,4,4,3,2,5,4,2,4,32
"R_7lR9TGRHqZMbUzL","1",5,5,5,5,5,5,5,6,6,6,53
"R_5CPIDhHhcVO1ksY","1",2,2,2,5,2,2,5,5,5,5,35
"R_5dEmQAxc6pREwrk","1",2,2,5,6,6,5,5,5,4,5,45
"R_5riQTcKu04YrJ8Q","1",6,5,5,4,5,5,6,5,5,5,51
"R_62SeFKMsQtZrCAI","2",NA,NA,NA,NA,NA,NA,NA,NA,NA,NA,0
"R_7lB7EleGEuIrzlD","1",1,1,1,4,2,1,5,4,4,3,26
"R_1f4fdJ2VCj3UYzn","1",1,1,1,1,1,1,1,1,1,1,10
"R_1xy1RTRzxBTeVqO","1",2,2,2,2,2,2,2,2,2,2,20
"R_33qLyeV42ekHH4t","1",5,5,5,5,5,6,6,6,5,5,53
"R_3dQZwswfqhpZQGd","1",3,5,3,5,5,5,3,4,5,5,43
"R_5B2PbRLXHku3vb1","1",1,1,1,1,1,1,3,6,2,1,18
"R_11k0kQCRPxWQxAR","1",2,2,1,3,3,2,2,5,5,4,29
"R_1Poo6RkrQbYcd7V","1",6,6,5,6,5,6,5,6,5,6,56
"R_1jY5VJbZTLJJ4A1","1",2,3,5,5,3,4,4,2,3,4,35
"R_7CrP3g0qXU9EKnQ","1",1,1,1,1,1,1,1,2,1,1,11
"R_3U4rqMUIErVMXn1","2",NA,NA,NA,NA,NA,NA,NA,NA,NA,NA,0
"R_3ZE7RNkQ8B4x1Ix","1",4,6,5,6,6,5,5,5,5,5,52
"R_3ZHVJ8aHP590SgT","1",4,5,5,5,4,3,2,5,4,3,40
"R_7QXbr2n5EJdFLrH","1",1,1,1,1,1,1,1,1,1,1,10
"R_7VaK6xQgUyVsAvf","1",5,5,6,6,6,6,6,5,5,5,55
"R_338BJaBwbGh1qQv","1",2,2,1,4,5,2,2,2,3,4,27
"R_39gFtnOa6brbk7s","1",1,1,1,1,1,1,1,1,1,1,10
"R_5RkXHvlLA9F4UE1","1",1,1,1,6,1,1,6,6,2,1,26
"R_6E5y9wklvMsvTvI","1",6,5,3,4,5,4,1,2,4,5,39
"R_3ZI8R002zUSw8Kd","2",NA,NA,NA,NA,NA,NA,NA,NA,NA,NA,0
"R_5OOeuSwF3NoDGmJ","1",1,1,4,1,1,1,1,3,2,1,16
"R_6rGcfY3BsgI3pOZ","1",1,2,1,2,2,2,5,5,5,2,27
"R_7g60wvmZzpv6ev9","1",5,5,6,6,6,6,6,5,5,6,56
"R_1iiqgW8jryQPdfj","1",1,1,1,2,1,1,2,4,2,1,16
"R_1rGlj7eQohXJD3c","1",1,4,2,4,2,5,2,4,2,4,30
"R_3LnbHZtm8ZSm47Q","1",1,4,1,5,2,2,4,5,5,2,31
"R_6KpxWcTLOt4UajG","1",2,3,5,5,3,4,4,2,3,4,35
"R_7Eji2ZMJKXWSYfq","1",1,1,1,1,1,1,2,1,1,1,11
"R_1NvKKT5Pv3LrK93","1",6,6,6,5,6,6,5,6,6,6,58
"R_1mepv2xHZUkNedA","1",1,1,1,3,1,3,3,3,3,3,22
"R_3rpFBgzWe95J0GH","1",1,1,2,2,1,1,1,2,5,1,17
"R_50YyzeQlUHj3UWM","1",1,1,1,1,1,1,1,1,1,1,10
"R_9hzKMhAV7cJGjkT","1",5,4,6,6,5,5,4,4,4,6,49
"R_3iTmEmgEHHLZlEB","1",4,5,4,6,5,6,5,5,6,5,51
"R_5h2uGwyjVuwxqBX","1",5,5,4,3,4,4,5,4,5,5,44
"R_6dgzoAjUW24zQ8o","1",1,1,1,1,1,1,1,1,3,1,12
"R_7ezOqN7pg8PVBgR","1",3,3,1,4,3,4,4,5,4,4,35
"R_17ya2KUMdAB4Z5O","1",2,2,2,4,2,2,3,2,5,4,28
"R_63POuFAgIQIzehj","1",1,1,1,6,2,2,6,6,6,6,37
"R_7pPHt5MLl0UHRY0","1",6,4,6,5,4,6,4,5,4,5,49
"R_7yfcCCzqH4aTTTX","1",4,3,6,6,4,4,4,3,6,1,41
"R_1Pz1l6tqGYwdi4p","2",NA,NA,NA,NA,NA,NA,NA,NA,NA,NA,0
"R_3PTNchgrczSxV7t","1",1,1,1,1,1,1,1,1,1,1,10
"R_3f77OOIuCsmWwxS","1",1,1,1,1,1,1,6,6,5,5,28
"R_3qrqL0OiTuaSL9w","1",1,1,1,2,1,1,5,4,5,1,22
"R_7yfHXO3TTW5y0k3","1",1,1,1,1,1,1,1,6,6,1,20
"R_77I0m2ExmdUP138","1",5,6,6,5,5,6,4,3,5,6,51
"R_1D6xR48qcL2tTNK","1",1,3,4,3,3,2,2,3,3,5,29
"R_1DOzGq64U2tGnLF","1",1,1,1,2,1,1,1,1,1,1,11
"R_7kczJBoueHOm2M0","1",2,5,1,5,1,5,5,5,6,1,36
"R_5Zu1O96PzO2EGkN","1",2,5,4,6,5,4,3,3,6,5,43
"R_3P0cFiIHsojpsZ9","1",3,2,2,2,3,2,4,4,3,2,27
"R_5CkNaTen0WtTNju","1",4,4,1,5,5,1,4,5,2,6,37
"R_56GdiL109c0yVsR","1",2,3,1,1,2,4,4,3,2,1,23
