"ResponseId","spsrq_matrix_1","spsrq_matrix_2","spsrq_matrix_3","spsrq_matrix_4","spsrq_matrix_5","spsrq_matrix_6","spsrq_matrix_7","spsrq_matrix_8","spsrq_matrix_9","spsrq_matrix_10","spsrq_matrix_11","spsrq_matrix_12","spsrq_matrix_13","spsrq_matrix_14","spsrq_matrix_15","spsrq_matrix_16","spsrq_matrix_17","spsrq_matrix_18","spsrq_matrix_19","spsrq_matrix_20","spsrq_sr","spsrq_sp"
"R_38XVirtBWEjoVTi",1,1,1,5,1,1,1,1,3,5,5,5,1,3,1,5,5,5,5,1,32,24
"R_67qEr703rxZJ9M8",2,2,4,4,1,1,1,1,1,5,1,2,1,1,1,1,1,1,1,1,19,14
"R_5e7vCy3nbA5HC9j",4,1,2,2,5,2,4,2,4,2,4,2,2,2,2,2,2,2,4,2,19,33
"R_6IydxRFiQ2G12Ol",3,1,3,1,4,1,3,1,2,1,1,2,3,2,1,1,1,1,1,1,12,22
"R_30I6tQ8sgkkVyLo",3,2,1,3,4,3,3,2,1,4,2,5,2,3,2,4,3,1,2,3,30,23
"R_6LLp1ZRkT0DD6o1",4,4,4,3,4,4,4,3,4,4,4,3,4,4,4,4,4,4,4,4,37,40
"R_1G8GBeF6278PxJ8",4,1,1,4,5,1,1,1,4,4,1,1,1,1,1,4,1,1,4,1,19,23
"R_7cJjMQLtw3wmtMd",4,1,1,3,4,1,5,5,5,5,5,5,5,5,5,1,5,1,5,1,28,44
"R_5Q0AnuVkFwBDZ2h",4,1,3,1,1,4,3,3,4,3,1,3,2,3,4,5,4,5,2,3,31,28
"R_6sQGpmhlw3ksmnD",5,1,4,3,5,2,2,1,4,3,5,1,3,2,5,2,4,1,4,2,18,41
"R_3ic3WJgZ6aQnj8d",3,3,4,2,4,1,1,1,4,4,1,4,3,2,1,1,2,1,2,2,21,25
"R_7etRBZ2jsvktJRB",2,1,1,3,4,1,3,1,1,3,1,1,1,1,1,1,1,1,1,1,14,16
"R_6kNhEuyMUlwpF9b",4,1,4,3,4,3,3,1,1,3,4,2,2,3,2,1,3,2,3,3,22,30
"R_3qArdP8OJgeCuhb",5,1,5,1,5,1,5,1,1,4,5,1,5,1,1,1,1,5,5,1,17,38
"R_7EavZVcL3A3ZkGa",2,1,3,1,5,1,5,1,4,3,3,3,2,2,4,1,5,3,4,1,17,37
"R_3yf4dJ3L9J2uFp0",4,3,2,1,4,3,3,3,3,2,3,3,1,2,1,2,2,1,3,3,23,26
"R_51LUqCwheDpdPHj",3,2,2,4,2,1,1,2,3,4,3,2,1,1,3,2,1,1,1,1,20,20
"R_6hpbXJoC2PPC6KR",3,1,4,2,4,2,4,2,3,2,4,2,2,2,4,2,4,2,4,2,19,36
"R_6oAnB09QwpjNbya",4,1,3,2,5,1,3,1,4,3,4,1,3,3,4,2,3,1,4,2,17,37
"R_5rfrQri9pkYyncF",5,1,4,3,3,3,3,3,3,3,3,3,3,3,2,3,3,3,3,3,28,32
"R_6amXYdjgporasOg",4,2,2,2,4,2,4,2,2,2,4,2,2,2,4,2,2,2,2,2,20,30
"R_6hGzBQPOAyIbY6Q",3,1,2,3,2,2,2,2,1,3,3,4,1,2,1,3,1,2,1,1,23,17
"R_1BwztGYBq2PShpd",4,2,1,3,2,1,1,1,4,3,2,4,1,3,1,3,1,3,2,1,24,19
"R_3M5PrJrxz2KW1H8",2,2,2,2,4,2,3,3,2,3,3,3,2,3,4,2,2,2,2,3,25,26
"R_7uDsikm425tlZQb",5,1,4,1,4,1,4,1,4,2,5,1,3,1,2,1,2,1,4,1,11,37
"R_3kS0hUeA2lXUQeU",2,1,1,1,4,1,1,1,1,5,1,1,1,1,1,1,1,5,1,1,18,14
"R_1ffMPw9Rzu6wsur",3,2,2,1,4,1,4,1,3,3,4,3,2,1,2,3,3,1,3,1,17,30
"R_5Kp4Q0WtzeXR8HW",4,2,4,2,4,3,4,2,4,2,4,3,4,2,4,2,3,2,2,2,22,37
"R_6vdFh4IkYfL2I7L",1,3,1,3,3,3,2,3,1,3,3,3,1,1,1,1,1,1,1,3,24,15
"R_3qju1UW3VVD07L3",5,1,5,1,5,1,3,3,5,3,5,1,5,1,1,1,3,1,5,1,14,42
"R_32R1XDSNyTGYVAl",3,1,4,2,4,2,2,4,4,4,3,4,4,2,2,2,2,2,1,1,24,29
"R_17o9bGXX1rzmFRT",3,2,3,3,4,1,4,4,3,3,3,2,3,2,1,1,2,3,3,2,23,29
"R_3EhdoD79VmV1t9i",4,1,2,3,2,3,2,2,2,2,2,4,3,2,2,3,2,2,2,2,24,23
"R_6fksUNreH0F98ia",3,3,2,3,2,1,1,1,4,3,3,2,3,3,3,1,2,3,1,1,21,24
"R_1313um8ltp5qBYF",2,1,4,4,4,3,1,4,3,4,3,4,2,2,3,2,3,4,2,3,31,27
"R_6dMjcWj3GWD8EzO",1,2,2,3,1,1,1,1,1,4,2,2,2,4,1,2,1,3,1,1,23,13
"R_3h0zobr1r6pB7QZ",1,1,4,2,5,1,2,1,2,3,5,3,3,2,1,2,3,1,5,1,17,31
"R_35i5cyfDisIibzX",4,1,4,1,5,2,4,1,4,1,5,1,4,1,1,1,4,1,4,1,11,39
"R_3Eye5Xgk4iKLSaB",2,1,2,3,4,1,2,1,2,2,2,1,2,1,1,1,1,1,2,1,13,20
"R_5dMAqVdv1f99630",1,1,1,2,3,1,1,1,2,3,1,1,1,2,1,1,1,1,1,1,14,13
"R_1NRWwynls6gcJuV",4,1,3,2,5,2,3,2,2,3,2,3,3,2,1,2,4,2,2,2,21,29
"R_6JxCAWCw1IXgOjz",4,1,1,2,5,1,1,1,3,2,3,4,2,2,1,2,2,2,2,2,19,24
"R_7JGl8z4ucGPe4Bb",2,3,2,3,2,1,2,1,3,3,3,2,4,2,1,1,1,3,3,1,20,23
"R_6LNZZghzTUIlyFI",4,1,2,4,2,2,3,2,4,3,4,2,1,2,1,1,2,4,2,2,23,25
"R_5U6UiKL17Q36uhX",1,1,1,1,1,2,3,1,1,3,2,2,1,3,1,2,1,1,1,1,17,13
"R_3ISquNyz1s1qspR",2,3,2,3,3,3,3,1,2,3,1,5,1,1,1,1,1,2,2,1,23,18
"R_7g1MtgrksD2Vb4j",4,1,1,1,4,2,3,3,3,4,2,1,4,3,2,1,4,1,4,1,18,31
"R_32nTc41frgcVM61",3,1,1,1,5,1,3,3,3,3,3,1,3,1,1,1,1,1,1,1,14,24
"R_3q2xC423oLHuOLB",3,3,1,4,3,3,3,2,1,2,1,2,1,3,3,1,3,1,1,1,22,20
"R_78ICdKcMczkIj2l",4,1,3,3,4,1,2,3,2,4,4,3,2,2,1,2,2,1,1,1,21,25
"R_6K8zf1Le39U5UCv",5,1,1,1,4,1,1,1,1,3,1,4,1,1,1,1,1,1,2,1,15,18
"R_12KupiIBwBAiAlT",5,3,2,3,4,3,4,3,3,4,4,2,3,5,1,3,3,2,3,2,30,32
"R_7itB7zhRgpKX78t",2,1,2,4,4,1,3,2,3,3,4,4,2,2,2,2,2,2,4,2,23,28
"R_7aryV0zJJHMF7D1",3,2,2,3,2,1,2,1,2,3,3,2,1,1,1,1,2,2,3,1,17,21
"R_1axWcYgeIg0SLXn",5,1,5,5,1,1,1,1,1,5,5,5,1,1,1,1,1,5,1,1,26,22
"R_7NS6K0ckKzR33xL",5,3,4,2,1,3,2,1,2,4,1,1,1,1,1,1,1,3,1,1,20,19
"R_3ab2B3gcURS6JBa",4,1,1,3,3,3,4,3,3,3,2,3,2,2,2,2,2,3,3,3,26,26
"R_3e7h3H9CmPZFAm5",1,1,1,1,1,3,3,1,1,3,1,5,1,1,1,4,1,3,3,3,25,14
"R_36RZgx00aPw0jBL",4,1,2,1,1,1,1,1,4,4,2,1,1,1,1,1,1,1,2,1,13,19
"R_5I6mQYvdnxvmCHL",4,1,2,4,4,3,3,1,4,3,4,2,4,2,2,2,3,3,4,1,22,34
"R_138L3WxYejGK0Kt",3,2,2,3,2,2,2,2,3,4,3,4,1,3,1,1,1,2,1,1,24,19
"R_7YG545zyuAwH2pz",2,1,1,1,3,3,3,3,1,2,2,1,2,1,1,2,1,1,2,1,16,18
"R_5zSejDVfxYjUQrF",5,1,3,4,5,1,4,3,5,5,5,2,5,3,5,1,5,5,5,1,26,47
"R_50leIBHtgptrTbI",3,1,3,4,5,2,2,1,3,3,3,2,3,2,2,1,2,1,3,1,18,29
"R_5lACVPPM014Wmwd",3,1,1,1,1,1,1,1,2,2,2,1,1,2,2,1,1,1,2,1,12,16
"R_3GnrbByp0pONqKd",3,1,3,1,4,1,2,2,3,3,3,1,2,2,3,1,3,1,3,1,14,29
"R_64jC50kf2fwXiOA",2,1,3,3,4,1,2,3,2,3,2,1,1,2,1,1,2,2,2,2,19,21
"R_6wjeDONWdHCNJ0q",3,1,3,3,4,1,3,2,2,3,3,3,2,2,2,2,2,1,2,3,21,26
"R_3fk0NLdiIxzKrcD",1,1,2,1,1,1,1,1,1,3,1,1,1,3,1,1,1,1,1,1,14,11
"R_3NeikfJMuZEEHQJ",1,1,1,1,4,3,1,4,1,4,1,4,1,1,1,1,1,4,1,1,24,13
"R_5ClKVwFWaPfnpqH",1,1,1,3,1,2,1,1,1,1,1,1,1,1,1,1,1,1,1,1,13,10
"R_7471xG7AkXS7wBv",1,3,1,3,1,1,1,1,1,3,1,3,1,1,1,1,1,1,1,1,18,10
"R_7JJdmquPgws7SFI",3,2,3,2,3,2,3,3,3,3,2,3,2,2,2,2,2,3,2,3,25,25
"R_5Bqu98WSa3SSJW1",4,1,4,3,5,1,2,1,4,3,4,1,3,2,1,1,3,3,4,1,17,34
"R_531awRduDvVkAjg",1,1,1,3,3,1,2,1,1,2,1,3,1,2,1,1,1,1,1,1,16,13
"R_3I6PL2Bnd5m6YEX",1,1,1,2,1,1,1,1,1,3,1,2,1,1,1,1,1,1,1,2,15,10
"R_6SicG1vZUCP2r9B",3,1,1,3,3,1,1,1,1,1,1,1,1,1,1,1,1,1,1,1,12,14
"R_7QKtauf23FclmZj",2,1,4,1,2,1,3,1,2,3,1,1,1,2,1,1,1,1,3,1,13,20
"R_6TZYbwLG4nocXUB",1,1,3,3,5,1,5,5,1,3,5,3,1,1,1,1,3,1,1,1,20,26
"R_1g1vgz3QFgAhwQQ",2,1,2,3,4,1,2,1,2,3,3,1,2,1,1,1,2,1,3,1,14,23
"R_11Xp6WTjpIMr4S5",2,2,2,2,2,1,2,2,2,2,2,4,2,2,2,2,2,2,2,2,21,20
"R_1PaFNv9vDENJGNE",2,1,2,3,2,1,1,1,1,3,2,1,1,1,2,1,1,2,1,1,15,15
"R_6T1wQD1rmx6N3QR",5,1,5,3,5,1,3,1,5,3,5,1,5,5,1,1,3,5,5,1,22,42
"R_5qfOcAw70W5DkiD",4,1,4,3,4,1,4,1,5,3,4,3,3,3,4,2,4,3,4,1,21,40
"R_5uU0dvwVvNPHJte",4,3,2,3,1,3,1,1,1,3,2,1,1,1,1,1,1,1,1,1,18,15
"R_3sFBnxQPk46qH9D",3,4,4,2,4,3,4,3,5,3,4,4,4,2,3,4,3,3,3,3,31,37
"R_6CHWDVch8w52adB",1,1,1,1,1,2,1,1,1,3,1,2,1,1,1,1,1,1,1,1,14,10
"R_1xUhPp3zey4FFG9",3,1,2,3,4,1,1,1,3,1,1,4,1,3,1,1,1,1,1,1,17,18
"R_5rYdDWufu9FV5mQ",1,2,1,3,4,1,3,2,2,3,2,1,2,3,2,1,2,3,2,1,20,21
"R_7hDBH7TkCn3yCFe",3,1,3,1,4,1,4,1,4,2,3,1,1,4,1,1,2,3,1,1,16,26
"R_7qDzfEBhnDwkUJ8",5,2,2,3,3,3,1,1,1,1,1,1,1,1,1,2,1,1,1,2,17,17
"R_1eb1NSTKnLSHOX0",1,3,3,3,3,1,1,1,2,4,1,4,1,3,1,4,1,4,2,1,28,16
"R_3VDu1BK5ATfisr8",2,1,1,2,3,2,1,1,2,2,1,2,1,1,1,1,2,2,2,1,15,16
"R_5dEluXxdZDk3643",4,1,2,2,4,2,2,1,4,2,2,1,1,1,1,1,4,1,4,1,13,28
"R_5pJspTFI2ecHa13",3,2,3,3,3,1,4,4,4,2,2,2,2,2,2,1,2,2,2,2,21,27
"R_5jq8Mn5ZFB4D9Ch",3,1,3,1,4,1,3,1,1,3,1,1,3,2,1,1,3,1,1,1,13,23
"R_7TcDCk78NjtuyhH",4,1,3,2,4,2,3,1,4,4,2,3,3,3,3,3,2,3,4,2,24,32
"R_7y2UeJqv33Elk96",4,4,3,4,1,3,1,1,1,3,1,3,1,2,1,1,1,2,1,1,24,15
"R_7ukudufgKJgWcOR",1,1,3,1,4,1,4,1,1,4,3,3,4,3,4,1,3,4,5,1,20,32
"R_1K8No2eE39sJWrD",4,1,3,1,2,1,3,1,3,3,1,1,1,1,1,1,1,1,1,1,12,20
"R_1DCD2E8uJt0KgNn",2,1,2,1,2,1,2,2,4,3,1,4,2,2,2,2,2,2,2,1,19,21
"R_7gT8lbNyAzSepeV",3,1,1,1,5,1,5,3,3,1,4,1,1,1,1,1,1,1,1,1,12,25
"R_1IbzQcUIZ4M9Lqh",2,2,2,3,3,1,2,2,2,3,2,2,2,2,1,2,2,2,2,2,21,20
"R_6Mm1oqYQmmdp9lp",5,3,3,4,5,5,4,3,5,4,3,5,4,3,3,4,5,4,5,3,38,42
"R_7smWVJpQ51w4vBv",4,2,3,3,4,2,3,2,4,3,2,2,2,3,2,2,3,2,4,2,23,31
"R_3Eh3FTlsiu0yIEj",3,2,3,3,1,1,2,1,4,3,2,2,2,3,3,2,2,3,2,2,22,24
"R_11Ql7h4eSbog1D9",1,3,2,3,5,3,4,3,2,4,1,4,3,4,1,1,3,3,4,3,31,26
"R_5O1djSg5wX2ZTeE",3,2,2,2,2,2,2,2,4,3,4,2,2,3,4,2,2,2,2,1,21,27
"R_3VD59h7RqZYqask",2,2,2,3,3,3,3,2,2,3,2,2,2,2,2,2,2,3,2,2,24,22
"R_6kcwU8P0KpikFoh",2,1,3,1,5,3,2,1,4,2,2,3,1,1,1,1,1,1,1,1,15,22
"R_3WVHRGB2jzC0S41",4,1,4,4,3,1,4,3,5,3,4,1,3,1,3,1,4,1,4,1,17,38
"R_5mPnRERrrGDSR6Y",3,3,1,2,1,2,2,2,1,3,1,2,1,2,2,1,1,3,1,1,21,14
"R_6NQdgYBqdshoh00",4,1,2,2,5,1,3,1,3,4,4,3,4,4,2,1,3,3,4,1,21,34
"R_6IUJwxm2U67iepH",4,3,4,3,5,3,4,3,4,3,4,2,4,2,4,2,3,2,4,2,25,40
"R_7AYo58CkpJRMdkl",2,2,2,4,1,1,3,3,3,4,2,5,2,3,4,5,1,2,1,4,33,21
"R_7nT3PFAEZrviE1d",1,2,2,4,1,1,4,3,2,3,2,4,1,3,1,2,2,3,2,1,26,18
"R_7pJpOnRfelnL3Zq",1,4,1,3,1,1,2,1,2,2,1,2,1,3,1,2,1,1,1,1,20,12
"R_1Cdbc0YPaonCUCZ",3,2,3,3,2,2,1,1,3,3,2,1,1,1,2,1,1,4,2,1,19,20
"R_6e8YopyHShDxzxE",1,1,2,2,2,2,2,2,2,3,1,3,1,1,2,2,1,2,1,1,19,15
"R_10xdJGGJABI6P2o",2,1,3,1,4,2,3,1,2,2,4,1,3,2,1,1,2,2,4,1,14,28
"R_710bC1IOA9cqUpH",1,1,1,1,2,4,4,3,5,5,1,1,1,3,1,3,3,1,1,4,26,20
"R_7qffoiWVZNLKuLx",4,3,1,3,4,1,3,3,3,5,3,1,1,3,1,1,1,1,1,3,24,22
"R_5ixPTr0uHqI2Sfu",3,3,1,3,1,1,3,1,1,3,3,4,1,1,1,1,1,3,1,1,21,16
"R_31db3e0KcsC3Hqp",2,1,1,3,2,4,2,2,3,3,2,3,1,3,1,3,1,1,1,3,26,16
"R_6OV5OalPygdHNAu",2,1,1,5,1,1,1,1,1,3,1,5,1,1,1,5,1,1,1,1,24,11
"R_3q2t6FfZEe7xoEZ",3,1,2,3,4,1,1,1,2,3,1,3,2,1,1,1,2,1,1,1,16,19
"R_5IxYYDGpPqOWuKu",4,1,4,1,4,1,1,1,3,4,3,1,2,3,1,1,1,1,3,1,15,26
"R_3QnqrkQsT6m8gGz",1,1,2,1,1,1,1,1,1,1,1,2,1,1,1,1,4,1,1,1,11,14
"R_5z1vGEvvn03lT3P",5,2,2,4,5,1,4,1,5,4,4,2,4,2,4,1,2,1,4,1,19,39
"R_6aDiWbvge35ZuzB",1,1,1,3,1,3,3,3,4,5,4,2,2,5,3,1,4,1,3,3,27,26
"R_3pS4UGNjUGhIFZT",3,2,3,4,3,3,4,3,3,3,4,4,3,4,3,3,3,3,3,3,32,32
"R_3qby870JiO6FspX",1,1,1,2,4,1,1,1,1,1,1,1,1,1,1,1,1,1,1,1,11,13
"R_5oYBS1C3GhrvWvN",5,1,4,2,4,2,2,2,5,3,5,1,5,1,4,1,2,5,4,1,19,40
"R_6f0NGQOyPoOxR0c",4,1,2,4,4,2,2,4,4,4,4,4,2,2,2,4,4,4,4,4,33,32
"R_6ULGxCjM2NBYE0x",4,2,2,2,2,2,2,2,2,3,2,3,3,2,2,2,2,2,2,2,22,23
"R_5GlYha5NaGXhs5W",2,4,2,3,1,4,1,1,1,1,1,1,1,1,1,1,1,1,1,1,18,12
"R_1QjwkebCB0V213j",3,1,2,4,3,3,3,3,2,2,3,1,2,3,3,2,1,3,3,3,25,25
"R_3NTWG9v4ZGTgOBH",4,1,4,1,4,1,1,1,2,3,4,1,3,2,1,1,1,1,4,1,13,28
"R_3GNzZGNnPumekPh",3,2,3,3,3,2,2,1,1,1,1,1,1,1,1,1,1,1,1,1,14,17
"R_5j6GBjhiORYOZA4",3,1,3,1,4,1,3,1,3,2,4,2,3,2,2,1,1,2,2,2,15,28
"R_6wS5TpPLUH8BNq9",4,4,2,2,5,1,2,1,1,3,5,1,5,1,4,1,2,1,5,1,16,35
"R_3zYN7dYYBAK9u0O",5,1,4,2,5,1,3,2,4,3,3,1,2,1,2,1,3,1,3,1,14,34
"R_5lyPBW3iNpEU5fW",4,3,4,4,2,1,3,1,4,4,4,3,4,3,1,2,1,2,1,1,24,28
"R_7asIJEEywE2iQFv",3,1,2,4,2,2,1,2,3,3,4,4,2,1,3,4,4,2,2,2,25,26
"R_7CZgMiBp1j6jcKl",5,3,3,2,3,3,3,2,2,3,3,2,1,3,3,3,3,3,3,3,27,29
"R_5OGZ4I0FqSj0zPX",5,1,2,2,1,1,1,1,1,2,2,1,3,1,1,1,1,1,2,1,12,19
"R_6oMjaAPnBnKkvpL",4,1,1,3,1,1,1,1,1,1,1,1,1,4,1,1,1,1,1,1,15,13
"R_7KiUtrBbZioGZ7X",4,3,2,3,2,2,2,2,4,3,2,4,2,2,1,2,2,4,3,2,27,24
"R_6huzMhFw2Poayvj",3,2,3,2,4,1,4,1,4,3,4,2,2,1,1,1,2,1,4,1,15,31
"R_7VPdEPFK8NVC5lR",1,1,1,2,4,1,2,3,1,1,3,3,1,1,1,1,1,1,1,1,15,16
"R_7j96P5KGC0KLL0s",2,1,1,2,4,1,1,1,2,3,1,3,1,1,2,2,1,2,2,2,18,17
"R_5EnIuaVKtrA7PJK",2,1,1,4,3,2,1,1,1,3,1,4,1,3,1,2,1,2,1,2,24,13
"R_7fa81plYMJGXUzf",2,1,2,1,3,1,4,4,4,3,2,1,2,1,1,1,1,4,2,1,18,23
"R_5MsZxvWgd71QNoJ",4,1,1,1,5,1,1,1,1,1,4,1,1,1,1,1,1,1,4,1,10,23
"R_3ruVXKXkCjALiuy",2,1,2,1,4,1,1,1,2,2,1,3,2,1,1,1,1,1,1,1,13,17
"R_3tEZf9k4YY8YABi",4,1,4,3,2,1,3,2,3,4,3,3,2,2,2,3,2,2,2,1,22,27
"R_323UDLYL1w6aEOr",5,1,4,3,5,1,3,1,5,3,3,1,5,3,3,1,3,1,4,1,16,40
"R_7QVTSE8Pzkp36lH",2,1,3,2,3,1,1,1,2,3,3,1,3,1,1,1,1,1,1,1,13,20
"R_7XtEGFXxOJgoM93",4,3,2,2,1,4,2,2,4,3,2,4,2,2,2,2,2,4,3,1,27,24
"R_1SwA1RGEhCLJZrF",5,1,3,1,5,1,5,1,3,3,5,4,5,2,1,3,3,1,5,1,18,40
"R_7ebuDuMKUIL9zyi",1,2,1,1,3,3,1,1,1,3,1,3,1,1,1,1,1,1,1,1,17,12
"R_5wWzfbWu0jq8Fc5",1,1,2,2,4,1,4,3,5,4,4,3,4,3,4,4,4,3,4,3,27,36
"R_50Ptqz8nPx7YHQD",2,3,1,4,1,1,3,1,2,3,1,3,1,3,1,1,1,1,4,1,21,17
"R_3uODD2pdNI8jXXP",3,2,3,3,4,3,2,3,4,3,4,3,3,2,1,2,3,4,3,1,26,30
"R_7uDQOrG28WLjm4m",2,3,2,3,2,1,3,2,3,4,2,3,2,3,2,3,2,3,3,3,28,23
"R_5R4LrQ8jXinBsMV",1,1,2,5,5,1,4,1,1,3,4,4,1,3,1,4,4,1,4,1,24,27
"R_5gFuI6Zdce2HOMq",3,3,4,3,1,3,3,2,3,4,3,4,5,3,5,5,1,2,3,4,33,31
"R_6NFhU0bXejXyu3v",4,3,5,3,4,4,5,4,4,3,4,2,3,3,4,2,4,4,4,2,30,41
"R_5dv8MJ9XT2tsOk6",4,3,2,5,4,2,4,2,4,3,5,3,2,3,4,3,1,3,2,4,31,32
"R_7MDxBq8mtH5I2a8",2,4,4,4,5,4,5,3,2,4,4,4,5,4,4,3,1,4,4,2,36,36
"R_1OXquApJXnrC9Hz",1,3,3,4,3,2,4,4,4,3,5,5,4,3,3,4,4,3,3,4,35,34
"R_59BGTvIulbj5Ok9",1,3,3,2,4,2,4,2,4,3,3,2,4,3,1,2,1,1,3,2,22,28
"R_3HSylAQObjq7nOk",5,2,3,3,4,2,4,3,4,3,5,3,4,2,4,2,4,5,5,2,27,42
"R_5ikEQ9CFFY4yKnv",5,1,5,4,4,1,4,4,4,4,4,3,3,4,4,4,3,2,2,3,30,38
"R_5cpAUcYiSFu8pFr",1,3,2,3,2,1,2,1,3,5,4,2,2,3,1,1,3,4,2,2,25,22
"R_5FncB44tYK8cz8R",1,5,5,5,5,5,2,5,5,5,1,5,5,5,5,5,5,5,5,5,50,39
"R_5IQCuxi5CkbT8HN",2,2,2,4,4,5,3,3,4,4,2,3,2,4,4,3,1,3,3,2,33,27
"R_1kFgIarWRGRiNHk",4,2,3,2,2,2,2,1,4,3,4,4,2,3,2,4,4,2,3,2,25,30
"R_1jNjo5BcokYvGAN",5,3,4,1,3,2,5,5,3,4,2,5,1,4,2,5,4,4,5,2,35,34
"R_7EmnTpRv4SVEkHD",3,3,3,2,4,1,1,3,3,3,3,3,3,1,3,3,3,3,3,1,23,29
"R_6lJ7CPijxHhmHlf",2,5,3,2,4,3,2,4,3,5,4,2,5,4,1,4,3,5,2,4,38,29
"R_6g7n6d7zHUwIoMX",1,1,2,2,3,3,2,2,2,2,2,2,3,3,3,3,2,3,2,4,25,22
"R_5RMLoJsyr6kr6gN",3,3,1,2,3,3,4,3,3,3,3,3,3,3,3,3,3,3,2,3,29,28
"R_3o8c5VkhDvyoBfB",4,1,4,3,5,3,4,1,4,3,5,2,5,1,4,1,3,1,4,1,17,42
"R_1Gg0qg71vPhfaav",3,2,5,4,3,1,3,2,5,3,4,3,2,2,5,1,1,1,2,1,20,33
"R_1YAfOl1rXVFwEkk",2,2,2,2,2,1,4,3,4,5,5,3,4,5,4,3,2,5,4,3,32,33
"R_5foOmJLH4T2YLv5",5,1,2,4,5,2,5,2,4,4,5,4,3,4,4,2,5,4,4,2,29,42
"R_1P6qnB3I6C4Vb09",3,4,2,3,4,3,4,3,4,4,4,5,2,2,2,1,2,5,2,4,34,29
"R_66jPZqvTxJhlvLH",3,1,1,3,2,2,2,5,1,4,1,2,3,2,4,5,4,4,4,5,33,25
"R_516BC81lOL3M6Qh",3,2,3,4,4,3,2,2,3,3,3,4,2,2,3,2,1,4,3,2,28,27
"R_7gZSKxivcLjxOJr",2,4,2,3,1,4,4,2,3,5,2,1,2,3,2,4,3,2,3,1,29,24
"R_59zetEikIlYTIad",4,1,4,3,5,3,4,3,4,3,5,4,4,3,5,3,4,4,5,3,30,44
"R_6eqJTSW3zwu7ANE",2,1,2,5,4,1,2,3,4,5,4,5,2,4,2,2,3,4,3,4,34,28
"R_5hxswS2xy8GQ8qP",1,3,2,2,3,3,3,3,5,2,2,2,2,3,2,2,1,4,3,2,26,24
"R_6gSi5HhPt3oAxfR",1,2,1,2,1,2,1,2,1,2,1,2,1,2,1,2,1,2,1,2,20,10
"R_3cwq0wtPh8hsz81",4,4,5,4,5,5,3,4,4,3,4,5,5,5,4,5,5,5,5,3,43,44
"R_57aHAd10ZZNuNxf",1,1,1,4,5,1,1,1,1,4,4,4,4,4,4,1,1,5,2,3,28,24
"R_3fnMhk29KXeSNNv",5,4,4,4,5,4,4,5,5,4,4,4,5,4,1,4,5,5,3,4,42,41
"R_1Mp5i366LBfPz2h",4,4,5,5,4,2,4,4,5,4,4,5,4,4,4,4,4,4,5,4,40,43
"R_6VgwOqGHVJ9OhaG",3,4,5,2,4,2,3,3,5,3,1,3,2,4,5,2,3,1,4,2,26,35
"R_6sYM7BVH8NIIYyL",1,1,1,1,1,4,1,1,1,1,2,4,1,1,1,4,1,1,1,1,19,11
"R_68VdwXabFtrchAB",4,3,5,4,3,2,4,2,5,4,5,2,2,4,4,2,4,4,5,1,28,41
"R_5tr3EtXA4JtjBK4",1,1,4,5,2,3,4,2,3,3,2,4,5,4,3,4,3,4,2,3,33,29
"R_7cc70RHrlvPR3zA",4,5,5,5,3,5,5,3,5,2,5,5,5,4,2,3,5,4,1,2,38,40
"R_3hywElMMNFsJMYp",1,1,2,2,2,3,3,2,3,2,2,2,3,2,2,3,2,3,2,2,22,22
"R_5YcZ2KLBmTsu8z7",4,2,2,1,5,2,2,2,4,4,4,2,4,2,4,2,4,4,4,2,23,37
"R_3taQqJWDTVGH5FD",4,1,1,4,2,1,2,1,2,2,1,1,1,2,5,1,1,4,1,1,18,20
"R_5sF3tdUQgMMs3mh",1,2,3,2,3,3,2,3,4,2,2,3,3,3,3,3,2,2,4,3,26,27
"R_1VQqjr1jMDX4D0t",1,4,1,4,1,5,1,3,1,5,1,5,3,3,1,3,1,5,3,5,42,14
"R_3ASdQREkJCScnFU",2,3,3,3,4,2,2,3,3,2,3,3,3,3,2,3,3,2,3,2,26,28
"R_3ssZNEMQJjTRgrv",1,1,5,5,5,5,5,5,5,5,5,5,1,5,5,5,3,3,3,3,42,38
"R_1CI5WjcD32clL84",4,4,4,5,5,4,5,5,4,4,3,4,5,5,4,3,4,3,5,5,42,43
"R_7N8sYhBOoS80djp",1,2,4,3,3,4,2,2,2,2,2,4,2,3,3,2,3,3,2,2,27,24
"R_70eQ3TMoJEkaFpw",3,3,3,3,3,3,3,3,3,2,4,2,3,3,3,2,3,3,2,3,27,30
"R_1R7tP2droQgUfmO",4,1,5,3,4,1,5,1,5,4,4,1,3,3,3,2,4,2,4,2,20,41
"R_6V2YSWkZewg4Mbr",4,1,1,2,5,1,3,3,4,2,5,1,4,1,1,1,4,4,4,2,18,35
"R_3KjX0VUXmGoF42r",3,4,2,4,4,4,4,4,4,4,4,4,4,4,4,4,3,3,3,4,39,35
"R_6CVBhsrOfyzPwP8",4,1,2,3,5,2,4,2,4,4,5,4,2,3,2,2,2,2,4,2,25,34
"R_7HGkxVvQiH22rAZ",3,2,2,4,4,3,5,4,2,5,5,5,4,5,3,2,1,2,3,2,34,32
"R_5QuOL3HQafCkeba",4,2,3,2,4,4,3,3,4,3,4,3,2,3,3,2,4,4,3,2,28,34
"R_1RwxoXtULUMrphD",4,1,4,2,5,1,4,3,5,3,4,3,3,2,2,1,3,2,3,3,21,37
"R_6YVUnYdOJJIImnE",3,2,2,3,4,2,4,1,3,2,4,4,2,2,1,1,2,4,4,1,22,29
"R_1njHekJDMtWTrP3",5,1,5,4,3,4,5,2,5,5,5,4,4,5,5,2,3,5,4,2,34,44
"R_5gj9wbDcXgY6vUy",4,2,3,4,4,3,4,3,4,4,4,4,2,4,2,1,4,2,4,1,28,35
"R_65YeVxqNrqJAdSa",1,2,5,2,3,3,5,2,5,2,3,4,1,5,2,2,4,5,2,2,29,31
"R_70f3kJjYxEPcEfj",1,4,1,3,2,4,1,3,4,4,2,5,3,4,1,1,1,3,1,1,32,17
"R_6oI4XXTv6BYJ68W",4,3,3,5,5,3,4,3,5,5,4,4,4,2,4,2,1,4,5,4,35,39
"R_6MnFF7Nk4n9fxor",5,1,2,5,3,4,4,5,5,5,5,4,5,2,5,2,5,5,5,2,35,44
"R_5zIpozcCK0Em7Pj",4,3,3,4,3,2,3,3,4,3,3,3,3,3,4,3,3,3,4,3,30,34
"R_72JGymiY2HhXLge",2,1,2,3,2,2,2,1,2,4,2,3,1,1,1,2,1,3,2,1,21,17
"R_5LveHzx1fgprU5K",3,2,2,3,2,3,3,3,2,3,2,4,3,3,3,2,2,1,2,2,26,24
"R_7vNtg3jwCYkxeFP",5,2,5,2,4,1,4,2,2,3,4,2,4,2,1,1,2,3,4,3,21,35
"R_54ICgWblx5Ukwyt",3,4,2,3,3,3,2,2,3,4,3,4,3,4,2,4,2,3,2,4,35,25
"R_3OqJNGKsvNTZs9Y",4,3,4,4,2,4,4,4,4,3,4,2,3,3,4,2,3,4,4,3,32,36
"R_7ez7MriTXjejJC2",1,3,3,1,3,2,3,1,1,2,3,2,3,3,3,1,4,2,1,4,21,25
"R_12X5wmxWTc8qh3Z",4,3,4,3,2,4,3,4,3,3,2,3,4,4,3,2,3,3,4,3,32,32
"R_58I4Q6hfuzXQFOx",4,4,4,4,3,4,2,3,4,5,5,3,4,5,3,3,5,5,2,2,38,36
"R_1yrHLXxiXfBpYWJ",2,4,3,1,4,5,2,2,5,4,2,3,2,2,2,2,2,4,2,2,29,26
"R_7OPVx66hHwwPYOs",3,1,4,4,3,4,4,4,4,5,5,4,3,4,4,2,2,5,5,4,37,37
"R_7XiCVkmVutzQs1O",1,4,3,5,4,5,5,5,2,3,4,4,3,4,4,5,3,3,5,5,43,34
"R_7prIEyfgxpjQhvr",4,3,3,5,3,4,5,5,4,5,5,5,2,4,5,5,4,5,4,3,44,39
"R_10wUwpQmoXdvyO7",5,1,4,1,1,1,4,1,5,4,4,3,1,4,4,1,4,3,4,2,21,36
"R_6rkXrCLgJVt3dDj",5,5,4,3,4,3,4,4,5,4,3,4,4,3,4,5,4,3,4,5,39,41
"R_3BA91EDJt5yeJqO",2,3,2,2,4,1,2,1,3,1,2,2,2,1,1,2,1,1,2,3,17,21
"R_37HTjiEy7eyRlhw",4,1,4,3,4,1,2,1,3,4,4,1,2,4,3,1,2,1,2,4,21,30
"R_1FLkMO3vfrw1uMy",3,2,1,3,3,1,1,2,4,4,3,2,2,3,1,1,2,1,1,1,20,21
"R_5C8ynOQuZHN74qM",5,5,5,3,4,5,5,5,4,4,3,5,3,5,5,5,4,5,4,5,47,42
"R_1IwmMjhBLuoyiCB",5,1,5,1,5,1,5,1,5,3,5,1,5,1,4,1,5,5,5,1,16,49
"R_3eRg4N5LM6CcG2m",4,1,3,1,3,1,4,1,5,1,3,1,4,1,3,1,3,1,3,1,10,35
"R_3A0fWLi30ZPDSVj",4,4,4,3,4,4,3,4,4,4,3,4,4,4,4,3,4,3,4,3,36,38
"R_7oQPi2nKfOL50KB",1,1,1,1,1,1,3,3,1,1,1,1,1,1,1,1,1,1,4,1,12,15
"R_1jiCSCifVR3LAdW",1,1,1,3,2,4,4,4,4,5,5,3,4,5,4,2,4,3,3,1,31,32
"R_5FJlyc0MyLnL958",4,1,4,3,5,2,3,3,5,3,4,2,4,3,5,2,4,2,4,4,25,42
"R_7aIYFnFjpt0UAvv",4,2,2,4,4,4,4,4,2,4,4,4,2,2,2,2,4,4,2,2,32,30
"R_5h0gUw9g6wRMdEg",3,3,3,3,3,3,3,3,4,3,4,3,4,2,1,2,1,3,4,3,28,30
"R_6pBg2X782vUmMdX",1,1,5,1,5,5,1,1,1,1,1,1,1,1,1,5,1,1,2,1,18,19
"R_3gtgjYgYKrJi389",4,3,2,3,2,4,3,1,3,2,3,4,2,4,3,4,3,4,3,4,33,28
"R_1n8GzjSOT8GaTQd",5,4,5,5,4,5,4,5,4,5,4,5,4,5,5,4,3,5,5,4,47,43
"R_1OHG95IozQ4AcJr",4,3,4,3,4,3,4,3,4,3,4,4,4,3,3,3,4,3,3,3,31,38
"R_7usJiKjcEwzZD7h",3,1,3,3,4,4,3,3,3,3,3,3,3,3,3,3,3,3,3,1,27,31
"R_3KljfxutjygJ3AR",4,2,2,4,5,2,4,3,5,2,4,2,3,4,2,2,4,3,3,2,26,36
"R_1pHdMVd3hcQrGy5",2,3,2,3,2,4,2,2,3,4,3,2,2,3,2,2,4,3,4,2,28,26
"R_7QtEnEFa3wAx3zj",4,1,2,2,2,1,2,1,4,2,2,1,4,1,2,1,2,1,2,1,12,26
"R_6DHqxnMKvrVBXwt",1,1,1,1,5,2,1,1,1,1,1,1,1,1,1,1,1,1,1,1,11,14
"R_5ePuhcORGYi2UIb",3,1,4,1,4,1,2,3,2,3,4,2,3,2,3,2,4,2,4,2,19,33
"R_59aWMbuIYpL4Fe0",3,2,4,3,3,1,3,2,3,3,3,1,2,1,2,1,3,3,2,2,19,28
"R_1rxI0dJppoKlOQV",1,1,2,1,3,3,1,2,1,3,1,1,1,3,1,1,1,1,1,3,19,13
"R_1wzYgUpy8FENH76",5,3,2,4,1,4,1,1,3,4,1,2,1,3,1,3,1,2,1,2,28,17
"R_6Sg0CtULnaAoFH3",5,2,2,3,3,1,2,1,5,4,4,3,4,4,4,3,2,5,5,1,27,36
"R_3TIykVe1REHdYQ1",2,3,1,3,2,3,3,2,3,2,2,3,3,2,2,1,2,2,1,2,23,21
"R_7sMwTP3HEqmcbFT",5,4,4,4,2,1,4,1,5,4,4,1,2,4,4,1,4,4,4,1,25,38
"R_5PZqLMxUWGMxcIY",3,2,1,1,1,1,2,2,4,3,3,3,2,1,1,3,1,1,1,3,20,19
"R_5Rr4JPCkcwI0r8n",4,3,5,5,5,1,4,1,5,3,4,5,2,1,3,2,3,1,2,2,24,37
"R_7MlzTKkdXR9Aklr",5,4,1,4,1,4,1,4,1,4,5,4,4,4,4,5,4,4,4,4,41,30
"R_6cUpbnrwRnxakjh",3,2,3,4,2,3,4,2,3,3,2,3,2,3,2,3,2,2,3,4,29,26
"R_7YM6Rf2fdp8KueI",1,3,2,2,4,4,2,2,2,3,2,3,2,2,2,3,2,3,2,2,27,21
"R_5eL8vtV1yB7vh1T",4,1,3,2,1,1,3,2,2,3,4,2,3,1,1,1,4,3,4,2,18,29
"R_5rjShz1zc8hZVYE",5,4,4,3,3,4,3,4,3,4,4,5,4,4,3,4,4,4,5,4,40,38
"R_1OkCwKXdfwK5aqB",3,3,3,4,3,4,3,3,3,3,3,4,3,3,3,3,3,3,3,3,33,30
"R_7mDwOBw7s0qaQtq",3,3,2,4,2,4,4,3,3,4,3,4,4,4,4,4,4,4,4,3,37,33
"R_6dcNHppBA1Mp9Fe",3,4,3,3,2,3,3,3,3,3,3,3,4,3,3,3,3,3,3,3,31,30
"R_3wKU79SyjdyBMnk",1,2,1,1,1,1,1,2,2,3,2,4,2,4,2,5,2,3,2,4,29,16
"R_3qjIhgK5y3nUjpC",4,1,2,4,1,1,2,1,2,3,2,3,2,2,2,2,2,3,2,2,22,21
"R_5MbZihlyeCN4Qh1",3,3,3,3,3,3,2,2,2,4,3,3,1,2,4,1,2,4,2,3,28,25
"R_1qCWv1qlEmbuDLo",4,2,4,2,4,1,3,2,4,4,5,5,4,4,3,3,4,4,4,4,31,39
"R_10UxMDsMVIhnoh9",1,3,4,4,3,3,3,1,1,4,1,3,1,1,1,1,1,3,1,3,26,17
"R_6JiaiHsBq0h426B",5,4,4,5,5,5,5,4,4,4,3,5,5,5,4,3,4,4,3,5,44,42
"R_6CmetbM7zLZMhQa",2,2,2,4,4,1,2,2,3,2,4,2,2,3,2,2,2,2,2,3,23,25
"R_3ob7v6i1y9xUXQB",4,1,2,2,3,1,2,1,4,3,4,1,2,2,4,1,1,2,3,2,16,29
"R_3wjg1sZe0EkZHul",1,3,2,3,1,2,1,1,2,3,1,3,3,1,1,3,3,1,3,1,21,18
"R_3dKEPjLL1Nq6CrH",1,1,1,1,3,1,1,1,1,1,1,4,1,1,1,2,1,3,1,1,16,12
"R_18sf7b999Pv0w7f",3,1,3,5,1,5,5,3,4,2,5,4,1,2,1,1,1,5,3,4,32,27
"R_1YaLMRsxkrfQT9n",4,1,1,3,3,2,3,2,4,3,3,3,2,2,3,3,3,2,3,2,23,29
"R_5aFwsuByz1zLHFV",1,1,1,4,3,1,1,3,1,3,1,4,1,1,1,1,1,1,1,1,20,12
"R_7DO9gDBqtctC2Cb",2,1,2,1,4,4,4,2,1,4,4,4,2,2,2,2,4,1,4,1,22,29
"R_114g6pjuBx5AvQq",1,1,2,1,5,1,4,3,4,2,2,2,3,3,3,2,2,1,5,2,18,31
"R_7CNj430G9Gf6zkM",4,5,4,4,5,4,4,3,3,4,3,4,4,4,5,5,4,4,4,3,40,40
"R_3mUl4hnWkQsOtFp",1,4,4,4,1,4,1,1,2,3,3,5,2,3,2,4,2,4,2,2,34,20
"R_3GIAMSJFo6rQT77",1,1,1,4,3,1,1,1,1,1,1,4,1,1,1,3,1,1,3,1,18,14
"R_7He94ppuZrxRUXv",3,1,3,1,4,3,3,3,4,2,4,5,4,3,2,3,2,3,3,2,26,32
"R_58aQ9Lqu9T1jSbT",4,3,3,2,1,1,3,1,1,4,1,4,2,4,4,4,2,3,1,1,27,22
"R_3CDuwlSLevvpvPd",5,1,3,4,5,5,4,5,4,4,5,3,4,3,1,1,1,1,3,3,30,35
"R_10SgocvjcYGUOop",4,2,3,2,4,2,3,2,4,4,3,3,2,3,2,4,3,2,4,2,26,32
"R_5LgUimIlyauBn44",4,2,3,4,4,2,4,3,4,4,2,3,2,3,3,2,3,3,2,3,29,31
"R_7n1rRn9eyOS2Apu",2,2,2,2,2,1,2,2,2,2,1,3,2,2,2,2,2,2,2,2,20,19
"R_7yoeMH4cTH4yK9r",3,3,2,1,3,2,4,1,5,2,4,1,5,2,1,1,3,2,2,4,19,32
"R_7zDtMIE46cG6gN3",4,2,4,2,4,2,4,2,4,2,4,2,4,2,4,2,4,2,4,2,20,40
"R_5R1HoLDPMo5Qjq8",1,1,1,1,4,1,1,1,1,4,2,3,2,1,3,2,2,3,2,1,18,19
"R_1PHMnWDyU33tkcA",3,2,2,2,2,3,2,2,2,3,2,2,2,2,2,2,2,4,2,2,24,21
"R_7i5kRVat6jVWK6Q",5,3,4,4,4,4,4,4,3,3,4,5,4,5,5,4,2,3,2,2,37,37
"R_1Mm4TUF8lN3RH4h",2,3,4,4,4,3,4,4,5,4,5,5,4,4,4,4,4,4,5,4,39,41
"R_7lcb8GLvIYqVLE0",4,1,1,1,1,1,5,1,5,5,1,1,5,1,5,2,1,2,2,1,16,30
"R_6t9W9dvlvurObRd",5,1,5,4,5,1,5,3,5,3,5,3,5,3,5,1,4,1,5,1,21,49
"R_7F4Kd95yZmIuur2",2,3,2,4,3,2,1,2,4,2,2,3,2,2,1,4,1,4,2,2,28,20
"R_7PBbR4M62NpzphA",4,2,4,3,4,3,4,2,4,4,5,2,5,4,5,3,3,3,4,2,28,42
"R_5PDwTdxYhCMiqKl",3,3,2,2,4,2,3,3,2,2,2,2,3,3,2,2,2,2,2,2,23,25
"R_5TKRnfxPPN6kAyR",4,2,3,4,3,1,3,2,2,2,4,3,2,2,2,1,2,2,3,1,20,28
"R_7jW0xD08RZNhLMd",4,1,3,3,4,2,5,2,3,2,3,4,2,4,5,3,3,4,4,5,30,36
"R_5f3Ove9840ufj43",3,4,4,3,5,3,2,1,2,4,2,5,3,4,2,4,3,2,2,4,34,28
"R_1Yycgl6YkfeDV5f",3,3,4,3,1,4,3,3,3,4,3,2,4,4,4,3,4,3,3,4,33,32
"R_1w0LAI68jz3tHhs",5,4,3,2,4,4,4,3,2,5,4,5,4,4,4,3,2,5,4,4,39,36
"R_7HjeA5NVqNHEn4b",4,3,1,2,4,5,5,3,3,5,5,5,4,5,3,4,5,5,5,5,42,39
"R_1JdYMIXBbFnRhMK",3,2,3,3,3,4,3,3,3,3,3,4,3,3,3,3,3,3,3,3,31,30
"R_17TE3uIaNjj5GAS",4,1,4,4,5,1,4,1,5,3,4,4,3,3,3,4,2,3,4,1,25,38
"R_6Y4aGORvjvLXwT2",4,2,2,4,4,1,3,1,4,3,5,3,3,2,4,2,2,4,4,3,25,35
"R_1g0x63j7ZqA3O2L",2,2,2,2,2,3,4,3,4,4,5,4,4,4,4,5,4,5,4,4,36,35
"R_8tPLj3W5d5J65bj",4,2,3,4,4,2,3,3,4,4,5,5,4,4,4,4,4,4,4,4,36,39
"R_6fvkdtpITkdmssM",4,5,3,5,1,5,1,1,2,4,5,5,1,3,2,5,1,5,1,1,39,21
"R_1nblzQ53UCyyChb",2,5,2,4,4,4,2,3,3,4,4,5,2,4,2,4,2,5,1,4,42,24
"R_5pSBX41VIENVGlb",3,3,3,3,4,3,3,3,3,3,4,3,3,3,3,3,3,3,3,3,30,32
"R_3FHZz1SlTev7QDn",4,3,3,2,1,3,3,2,3,4,3,3,2,3,2,4,3,4,3,3,31,27
"R_7PUHaeEXlSIozB4",2,3,2,4,1,5,2,3,2,5,3,5,2,5,2,4,3,5,1,2,41,20
"R_1OrmfvViIIXPDdr",4,1,4,3,4,1,4,2,2,4,4,5,3,4,3,4,4,4,5,2,30,37
"R_5WJzyXm1bPb1Mqr",1,3,1,1,1,4,4,4,1,4,4,4,4,4,2,4,4,4,4,4,36,26
"R_1mL80iqJBhDtnVr",1,3,2,4,5,5,2,2,1,2,2,5,1,2,2,4,2,5,2,1,33,20
"R_1VcbQ3znfpYryoN",4,3,2,5,1,3,2,4,3,1,3,2,4,3,4,1,4,2,5,3,27,32
"R_73BSGFP020mNMRZ",4,4,4,4,4,4,5,5,5,4,4,4,5,4,4,4,5,4,4,4,41,44
"R_7znMte9Fn0Kw6yq",2,4,4,5,4,4,5,4,5,4,5,5,4,5,4,5,4,4,5,5,45,42
"R_5c6nqaZjkF2vfuj",4,2,3,3,2,2,3,3,5,2,4,2,3,2,3,2,1,2,3,4,24,31
"R_74HSw0iTvD62TuS",2,4,2,3,1,5,1,4,4,2,3,4,1,2,4,5,2,5,3,4,38,23
"R_3H0oNQ7oDr9XRRH",4,4,4,3,4,4,5,4,4,3,4,4,4,5,5,4,4,4,3,4,39,41
"R_6102HTDOsz0J6SJ",3,1,3,1,5,3,2,4,5,5,2,1,3,3,2,5,1,5,4,2,30,30
"R_5vcqYL0BizsO7Qd",2,1,1,5,3,5,3,5,5,5,5,4,1,5,3,5,5,5,5,5,45,33
"R_7dogZ0Oz7azj1Xw",1,1,3,3,2,5,1,1,3,5,2,4,3,4,4,4,4,3,3,1,31,26
"R_3f2DHwfgRS0sAJG",5,2,1,1,4,1,4,1,4,5,5,5,3,5,5,5,4,5,5,3,33,40
"R_71TYMAVazqHNOcV",3,3,3,3,4,2,4,3,4,2,5,4,3,2,4,5,4,4,4,2,30,38
"R_5EHpaPbouwc4Aui",4,2,1,4,4,4,2,3,4,3,4,4,3,2,4,3,4,2,4,2,29,34
"R_169hOny4gr1kra1",3,4,4,4,1,1,1,1,1,4,1,3,1,1,1,4,1,3,1,1,26,15
"R_7DBxEAwbQm3IGaZ",1,3,3,3,3,3,3,2,3,3,3,4,2,2,3,3,2,4,2,3,30,25
"R_72VqWQ64cS9s1eS",2,1,2,4,4,1,3,1,3,3,1,2,1,2,3,2,2,1,3,1,18,24
"R_5qKBbFgLjUv6MvY",3,3,3,3,2,3,4,5,5,3,3,3,5,3,4,3,3,3,3,3,32,35
"R_7S8Yw1ljOZQdAUV",2,2,2,3,2,2,3,3,2,3,2,2,2,3,2,2,2,2,2,3,25,21
"R_1ygyr8RAzKWxizU",5,2,3,4,4,1,4,2,5,3,5,4,5,2,5,4,5,4,4,2,28,45
"R_1zx0Ht0LHoseGoD",1,4,1,4,2,4,2,3,3,5,2,3,1,4,1,3,1,3,1,1,34,15
"R_1EWOAaGRUzstYXe",1,4,1,4,2,5,4,4,5,4,5,5,5,4,4,2,2,5,1,4,41,30
"R_3aCtBWhSdvXdKIv",3,1,2,1,4,1,2,1,1,3,2,1,1,1,1,1,1,2,2,2,14,19
"R_7qaqCc0Dq7AD704",2,3,2,3,3,4,3,3,3,3,3,4,3,4,3,3,2,3,3,3,33,27
"R_5zJj0DBWnq8VaiF",4,1,4,1,4,1,3,1,4,3,2,1,3,1,1,1,3,1,4,1,12,32
"R_7KBKtmqWpZeeFIC",4,2,4,2,2,3,3,3,2,4,2,2,2,3,3,4,2,2,2,2,27,26
"R_7sd776tgHyHsY4x",4,1,1,2,1,1,4,1,5,5,3,1,1,4,5,1,2,1,5,5,22,31
"R_7jd2sk5m4kwCFkh",4,5,5,5,2,4,4,5,5,5,4,5,2,5,4,5,5,5,4,4,48,39
"R_1uw8Em9r995XY3H",4,1,4,4,5,1,4,1,5,2,5,1,4,2,4,1,4,2,4,1,16,43
"R_6PdMi1TwYvawJlW",2,2,2,1,4,2,2,2,2,4,2,4,2,5,2,4,2,4,2,2,30,22
"R_7h6E7YF3YFBnKpD",5,4,4,4,4,4,4,4,4,5,4,5,5,5,4,5,4,4,4,4,44,42
"R_7qHB1hl0ryivssd",4,5,4,5,4,4,5,4,4,5,5,4,5,5,4,4,5,4,4,5,45,44
"R_16aV2o4LR1hMeDb",1,2,3,3,3,4,4,3,4,4,3,4,4,3,3,2,5,4,1,3,32,31
"R_67PcRAXtMP0JUaQ",1,2,3,4,5,4,2,3,4,5,4,3,2,2,2,4,2,2,2,3,32,27
"R_3gCQAlE9kRFCBjz",2,1,3,4,3,2,3,4,3,4,4,4,3,3,3,4,3,3,2,2,31,29
"R_6qwfdFvKxe98zeJ",4,4,2,5,5,4,4,2,4,3,4,3,4,5,5,2,3,2,1,2,32,36
"R_70uDhyahvtsqduM",2,3,3,3,3,3,3,3,2,2,2,2,3,2,3,2,2,2,2,3,25,25
"R_7K2UaEf13kPFlf5",4,2,4,4,4,2,4,2,5,3,5,3,5,2,4,2,4,3,5,2,25,44
"R_1m2a7udOCDun13J",1,2,1,4,2,4,1,3,4,5,2,5,1,5,1,3,1,4,1,5,40,15
"R_15F4qBHBI8cfkAB",3,5,4,5,5,4,5,5,5,4,5,5,4,5,5,5,4,5,5,5,48,45
"R_5qgj4blxxqm1H3i",2,1,1,3,1,1,1,1,4,2,1,5,1,5,1,5,1,3,2,2,28,15
"R_3dHciQA5t6DOvw3",2,5,4,4,5,4,4,5,3,4,4,5,4,3,4,5,4,3,5,4,42,39
"R_3dMlw1oFPhqtbXI",4,1,3,3,5,1,5,2,4,4,5,3,4,3,5,4,5,5,5,3,29,45
"R_3LbDPvF5pZ04z9T",3,1,1,1,5,1,3,1,4,3,4,2,5,1,1,2,1,3,5,1,16,32
"R_38NVKpny3dgtqyC",4,1,4,2,2,1,2,1,4,2,4,1,2,2,2,1,1,1,2,1,13,27
"R_5EiKfJljrEZ15zh",2,2,2,4,1,1,1,1,3,2,1,4,2,2,1,3,2,1,3,1,21,18
"R_7alPva89UP0o5eG",2,3,3,3,3,3,3,2,3,3,3,3,4,3,2,2,3,4,4,4,30,30
"R_1Pd4ZMroipqVHCj",4,1,4,3,5,2,3,2,3,3,3,2,3,3,4,2,3,2,3,2,22,35
"R_3HRRLg2KU5uPl6x",4,2,3,4,4,3,2,3,3,3,4,4,3,1,1,2,3,2,4,3,27,31
"R_5JgfZUL3aaCOYpO",3,1,4,4,4,2,5,1,4,4,4,4,4,4,3,4,4,3,4,2,29,39
"R_6dGknuFTemF90Vf",1,1,1,1,4,4,2,1,2,1,1,1,1,1,1,1,1,1,1,1,13,15
"R_6finOPOpHNPbG1j",4,1,3,2,3,1,4,2,3,3,3,3,4,2,3,1,2,2,3,1,18,32
"R_1EAsCCQKlzUirN1",3,1,1,1,3,1,3,1,4,3,2,2,2,2,1,2,2,2,2,2,17,23
"R_6zTpgls81lmbP0t",1,2,5,5,4,5,3,2,4,2,4,5,3,4,3,2,4,3,4,3,33,35
"R_11tlkNzOkYrwCUS",1,3,1,1,1,1,5,1,4,1,1,1,1,1,1,1,1,1,3,1,12,19
"R_6dFXBS5Si207siG",3,1,3,2,1,3,3,3,3,2,3,3,3,3,3,3,3,2,2,4,26,27
"R_6F06Glbz5OzTcL7",5,4,4,4,5,4,4,3,5,5,4,5,5,4,2,5,3,3,4,4,41,41
"R_7IrPij1BKJtdzbR",2,1,1,3,1,4,2,1,4,4,2,4,1,2,1,2,3,2,1,2,25,18
"R_72Siro7VW7tRzkZ",4,3,2,3,2,3,3,2,4,3,3,2,2,3,3,2,3,3,3,2,26,29
"R_1yX02JbLMN46ckp",4,3,3,3,3,3,2,4,3,4,4,4,2,3,2,3,3,4,4,3,34,30
"R_5zaS6WQFyO5qPmN",3,3,2,3,2,2,3,2,3,2,2,3,2,3,3,2,3,2,3,2,24,26
"R_6ldSvtUjE6pIjKN",3,3,3,3,3,3,4,3,3,3,3,3,4,3,3,3,3,3,3,3,30,32
"R_7rOG1T8grQYPs8h",3,4,3,1,1,3,2,4,3,2,4,2,4,4,2,1,4,4,3,2,27,29
"R_1AQLRnuKuEWNIkI",4,2,4,3,5,4,5,2,4,3,5,4,5,3,4,2,2,3,5,2,28,43
"R_1I6RIVENtMLqQUB",4,2,3,1,3,1,2,1,1,3,3,2,3,2,3,2,3,2,3,2,18,28
"R_3MXNNpQV2QTJ9Cy",2,1,2,4,4,1,2,1,3,2,2,3,2,2,1,1,2,3,2,1,19,22
"R_5PAwH071nrHgdJX",3,3,2,5,2,1,1,3,1,3,1,4,1,2,1,5,1,2,1,1,29,14
"R_1w4z1tu6mG3geuB",1,2,3,4,5,5,4,5,4,4,4,3,3,5,5,4,4,5,3,4,41,36
"R_5xzz9CXJ4AvzLcl",2,3,2,1,2,2,4,5,2,2,1,3,2,1,3,2,2,2,3,4,25,23
"R_6stlrHG7rffrDXP",2,2,4,5,5,2,1,2,5,2,5,5,1,1,2,2,1,4,2,5,30,28
"R_7iufYs99mW3yj5L",2,1,3,1,2,1,3,1,2,3,4,1,2,1,1,1,1,1,2,1,12,22
"R_5bWpWG1wlKatK7T",3,3,3,3,3,3,3,2,3,3,3,3,3,3,2,3,2,3,3,3,29,28
"R_5lCJPrnlL8uEYfv",2,3,4,4,3,5,3,1,3,5,3,4,5,4,4,4,4,5,5,4,39,36
"R_6GhiklJsQhaWgnf",3,3,2,3,2,2,3,3,3,3,4,4,1,3,2,3,2,3,2,4,31,24
"R_3r0y6BLStOncJIB",1,1,3,1,2,1,4,2,1,2,2,3,3,1,1,4,4,2,2,2,19,23
"R_60GddwPLZm2WSpL",3,1,3,4,1,3,3,1,3,4,3,3,1,3,1,3,1,1,1,1,24,20
"R_60P7JYiwnN3GzGk",1,5,1,5,1,3,2,3,1,3,3,5,1,3,3,5,3,5,2,3,40,18
"R_6LopW5umgokWXAU",1,4,3,4,4,1,4,4,5,1,4,4,1,5,1,1,1,4,1,1,29,25
"R_1pF8QYJFGD4hoCB",4,1,1,1,5,1,1,1,2,2,1,1,1,1,1,1,1,1,2,1,11,19
"R_3CTlFsCWnVhuvNW",4,5,3,4,4,5,4,4,4,4,4,4,5,4,5,4,3,3,3,4,41,39
"R_5H208Tm2byZ91Wb",2,1,4,4,1,2,1,1,4,5,1,4,2,4,1,4,2,2,2,2,29,20
"R_1F37Kmyp23VsB59",5,1,5,2,5,1,3,3,5,3,5,1,5,1,5,1,4,1,4,1,15,46
"R_5Ibmzt5tVhFDd6o",2,4,1,2,2,4,2,1,2,1,4,4,5,3,2,4,1,4,4,5,32,25
"R_5tE0mtDRo0YJ5aV",5,4,5,3,2,5,3,3,4,5,5,5,4,5,4,5,5,4,3,3,42,40
"R_6jiVTlT1R6EqKVe",5,1,5,3,3,1,2,1,4,3,5,1,4,3,3,1,3,3,5,3,20,39
"R_1rIk7td49Pow0et",3,5,5,4,5,3,4,4,5,5,4,4,5,4,3,4,4,5,3,4,42,41
"R_2oEC4HxII5jKLLL",2,4,3,2,5,4,4,2,3,3,2,1,4,1,3,3,1,4,4,1,25,31
"R_5ylvzzWFHrbDGxN",2,3,3,3,3,4,4,4,4,4,4,4,4,4,3,4,3,4,4,4,38,34
"R_1RxHm4OOuJlfpa9",5,1,3,2,4,2,3,1,5,3,5,1,3,2,5,1,4,4,2,1,18,39
"R_3McBmfq2KRDKQEC",4,1,4,2,2,3,2,2,2,3,1,2,1,1,2,1,1,3,1,1,19,20
"R_3ohy07eHUUeYKp2",3,3,1,3,2,2,1,1,1,5,1,4,1,3,1,1,1,3,1,1,26,13
"R_1qI5L2BLlPaAblK",2,2,2,3,4,3,1,3,3,1,3,2,4,5,4,2,1,1,3,3,25,27
"R_5PcoGWjFsRj1joE",4,2,2,4,2,2,2,2,4,2,4,4,2,3,2,2,2,2,2,2,25,26
"R_5WDB38s1vy5QYXV",1,1,1,1,1,1,5,1,1,1,1,1,1,1,1,1,5,1,1,1,10,18
"R_5e4NnaSSq4hFvKT",1,3,1,3,1,1,1,1,1,1,1,3,1,1,1,1,1,1,1,1,16,10
"R_7prJE4PhW8CpLxY",4,1,1,3,2,4,1,2,2,3,4,5,2,3,1,3,2,4,2,3,31,21
"R_11dqQxHnak3INK0",2,3,2,3,2,3,4,5,2,1,1,4,3,4,2,5,1,4,4,2,34,23
"R_1sayNeYv020u5P2",3,4,4,3,3,4,4,4,5,2,4,4,3,4,5,4,3,5,3,4,38,37
"R_1gqAMEtVincD3Mx",4,1,4,3,5,4,4,4,4,3,4,3,3,3,3,4,4,3,4,2,30,39
"R_7I75ACYSV00s1xA",2,2,1,3,2,3,1,2,1,4,2,5,1,4,2,4,2,5,2,3,35,16
"R_7fkm7IRFmJBvH8Z",3,2,4,2,1,4,3,2,1,4,3,3,3,4,2,1,3,3,1,4,29,24
"R_1gTpXjQHhju4ku4",2,3,2,5,3,1,2,4,4,4,5,4,1,3,3,4,1,5,1,5,38,24
"R_5DSfVLR66aTVyJX",4,3,2,4,2,3,2,3,3,2,2,4,2,3,2,3,3,3,3,3,31,25
"R_5Hq3m8mu135Eamq",4,1,3,1,2,1,4,1,5,2,4,2,3,1,4,1,4,4,3,2,16,36
"R_5igRmYVFik4Dfbz",1,1,3,1,4,4,3,4,4,4,3,3,1,5,4,1,1,1,1,3,27,25
"R_7kcQizqGgcWrDgJ",3,1,3,4,2,1,3,1,4,3,2,3,2,1,4,1,4,1,3,1,17,30
"R_1SigqWleAcLOX18",1,1,1,1,5,1,1,1,1,5,1,1,1,5,1,1,1,1,1,1,18,14
"R_1GuohUMMUEnFvRn",3,2,2,3,3,3,3,4,3,3,4,3,3,5,2,3,2,3,2,4,33,27
"R_1J6ANvk8Fq9aVe9",4,1,3,1,3,1,2,3,4,3,3,2,3,2,2,1,3,2,4,1,17,31
"R_53xVrBm2sxauD33",3,2,3,3,4,2,3,3,4,3,4,2,2,3,2,2,3,2,3,3,25,31
"R_56kHJEAy42p6fep",5,2,2,2,3,2,4,2,4,3,4,1,5,2,4,1,4,4,4,1,20,39
"R_13jeAW48Huud0cN",4,3,2,5,5,4,4,4,4,2,5,5,3,2,4,3,2,5,4,4,37,37
"R_3431dwm2WlFhKox",4,1,2,1,4,1,2,1,1,3,3,4,2,3,1,1,1,1,2,3,19,22
"R_5tllqoBWhJMjVLn",4,1,3,3,3,1,3,1,3,3,4,2,1,3,1,1,1,4,2,1,20,25
"R_7v3ctLFVjoKz0pK",4,2,4,4,3,2,2,4,3,4,2,3,2,2,4,2,2,2,2,2,27,28
"R_5RkoVc51g5LX74M",3,2,4,4,4,4,2,3,3,3,3,3,3,2,3,3,3,3,3,3,30,31
"R_1P0hCbjU556NeVt",5,4,5,5,1,5,4,5,1,5,5,4,5,5,5,4,5,5,4,5,47,40
"R_5kUFi3285msYNmp",4,4,2,4,4,1,4,5,5,4,5,5,2,2,5,4,2,5,5,2,36,38
"R_5Mt2Ssx1UR9Bu7v",5,5,5,4,3,5,3,5,4,3,3,5,4,3,3,2,3,5,2,5,42,35
"R_6Keox7S6SKhqp0J",1,4,1,2,1,3,1,1,1,4,1,4,4,2,1,3,1,4,1,3,30,13
"R_9qTXNQzcUzej4rJ",5,5,4,5,5,5,1,3,1,5,4,5,5,5,5,5,5,5,2,4,47,37
"R_7Do44e0FzIKW61m",3,3,3,3,3,3,3,2,2,3,4,4,3,3,3,3,3,3,3,3,30,30
"R_3pi2cf2s5Wk8Hbf",2,4,4,4,1,3,3,3,4,4,4,3,4,4,4,4,4,5,4,5,39,34
"R_61G9f4NTJ1OFOUp",4,1,3,4,4,2,4,2,5,4,5,3,4,3,4,2,2,5,4,1,27,39
"R_6OYI8Wx0Yh8Oy5x",4,1,3,2,5,1,2,3,1,2,2,2,2,2,2,1,1,1,1,1,16,23
"R_7lgJ0wSMeyqbLkM",4,1,3,2,2,2,2,2,3,3,2,3,2,2,1,1,2,3,2,2,21,23
"R_7maUNcUixGsUwVM",4,4,2,3,4,3,4,2,4,4,5,4,4,3,2,4,2,3,3,4,34,34
"R_5CIp3b0EeTBsPeB",2,3,2,3,4,4,3,4,3,4,4,4,3,4,4,4,3,4,4,3,37,32
"R_77HP1j2rwKQe7N7",2,1,1,1,4,4,1,2,1,4,1,4,2,1,1,4,1,2,4,4,27,18
"R_35sflNi1UfK3GgX",4,4,4,4,5,3,4,4,3,4,4,5,3,5,3,5,3,5,3,3,42,36
"R_5l49BYgerK37t0B",3,4,3,4,1,3,5,1,3,3,4,1,4,4,2,1,2,4,2,3,28,29
"R_6VPwmew9n51jfhv",3,1,3,1,1,1,1,1,3,1,3,1,1,1,1,1,1,1,1,1,10,18
"R_6qfD38WBGs83PA1",5,5,4,4,4,4,5,4,3,3,5,4,3,5,4,2,1,5,4,3,39,38
"R_6sojCaqFbEVE0kF",3,1,4,1,4,1,1,1,5,1,5,1,1,1,3,1,1,1,1,1,10,28
"R_796XHMtpGldWMfD",5,4,2,4,4,5,2,4,4,4,5,5,4,4,2,4,2,5,2,4,43,32
"R_6gBkRCJzWl9nLyZ",1,2,2,2,4,1,1,1,1,1,1,2,2,1,3,2,1,2,1,1,15,17
"R_7CkUojfXdv83rVS",3,2,4,3,4,2,4,3,3,2,4,3,3,2,4,2,4,3,4,2,24,37
"R_6bUJOXQEMmerkGJ",4,5,4,4,5,3,5,4,5,3,4,5,3,4,5,3,4,5,3,4,40,42
"R_1MNjVMHuxVNF9vh",4,1,3,2,4,1,5,1,3,2,5,1,3,2,4,1,5,3,4,1,15,40
"R_3QWy7IDjLL7BsyZ",3,3,3,3,3,3,3,3,4,3,3,4,3,4,4,4,4,4,4,4,35,34
"R_1Ivoupgo6cPb4Vz",4,1,4,4,5,1,5,1,4,5,5,4,4,5,3,2,5,4,5,1,28,44
"R_5jNiaP9MZBLp8We",5,1,5,1,1,1,1,1,5,5,5,1,5,5,5,1,5,1,5,1,18,42
"R_65HCxOsrOiKfAHO",4,1,4,1,4,1,1,1,1,1,1,5,4,1,1,4,1,1,1,1,17,22
"R_1Pc8wxv0ZlELcsM",1,1,3,3,2,1,3,3,1,1,1,1,1,1,1,1,1,1,1,1,14,15
"R_3M0yEAfxtGvjxgg",2,3,1,2,2,4,2,1,4,1,2,4,2,5,4,2,3,4,2,1,27,24
"R_5ml43dIlAw8oIUL",5,1,5,4,4,1,1,1,1,1,1,1,5,1,1,1,1,1,1,1,13,25
"R_7HCDGhzCVyMcWRf",4,1,4,3,5,1,3,1,3,2,4,1,3,1,1,1,3,1,3,1,13,33
"R_74Jnn31p8bZJ0oV",2,3,3,2,3,4,4,2,2,3,3,2,3,3,4,3,2,4,3,2,28,29
"R_14cqqmC18GfGrlL",4,1,2,1,5,1,4,1,1,2,4,1,2,1,1,1,4,1,4,1,11,31
"R_75ucgeXStJa1V61",2,1,4,2,2,2,4,2,4,2,4,2,4,2,4,2,4,2,4,2,19,36
"R_7fpuylnspmTVhDZ",3,1,3,2,4,1,2,3,3,2,2,1,1,3,2,1,2,3,2,3,20,24
"R_7oHoBfFvzG02dPx",4,2,5,4,3,2,3,2,4,2,5,2,5,2,5,1,2,2,4,1,20,40
"R_3aLKr40ggIcY3Sh",3,1,3,1,3,2,2,2,2,2,2,1,2,2,2,2,2,2,2,2,17,23
"R_1GjIwQ4QXOAiYC9",5,3,2,4,1,1,3,4,3,4,2,4,2,3,4,4,2,3,3,3,33,27
"R_6afwr302sZ5FdwG",5,1,3,4,1,2,5,2,4,2,4,2,4,1,2,2,4,5,4,1,22,36
"R_3JRHjFHo4dug7vP",4,1,2,2,4,1,2,2,2,3,3,2,3,3,2,2,3,2,3,2,20,28
"R_17Ch8wcmALBzGsh",4,1,4,2,5,2,5,1,5,2,4,3,4,2,4,2,5,4,5,2,21,45
"R_5roJofK0pjcS6D4",4,1,2,1,2,1,3,1,4,1,4,1,2,1,1,3,1,2,2,1,13,25
"R_7uQFgrlb8gUiu4G",2,2,2,3,2,1,2,1,2,3,2,4,2,2,2,2,2,1,1,1,20,19
"R_1wGi9qq07Whb26k",3,1,4,2,5,3,4,2,4,3,4,2,3,3,3,3,3,2,3,2,23,36
"R_7TTrPo04jfcdqT8",2,2,2,2,4,1,2,2,2,4,2,2,2,2,1,2,2,2,1,2,21,20
"R_1ansoMEzya1SoHV",4,1,3,1,1,1,2,1,1,3,2,1,4,3,1,1,1,4,1,1,17,20
"R_3S93nGR1rveZsqE",3,2,2,2,3,3,2,1,3,3,2,2,1,1,1,4,2,3,1,1,22,20
"R_7CwGoJGPPGQCqYi",3,1,3,3,5,1,3,3,3,3,3,3,1,3,3,3,3,2,3,3,25,30
"R_3zqKeoTgNEjbqaT",3,3,3,3,4,3,3,3,3,4,4,3,4,4,3,4,3,4,4,3,34,34
"R_6YnfscV6JUhC2IO",3,1,1,2,1,1,1,1,1,1,1,4,1,1,1,1,1,1,1,1,14,12
"R_57SyBCB2WuXpQl3",1,4,5,4,3,2,4,5,4,4,2,4,3,3,2,4,2,5,2,4,39,28
"R_6fl1Cje1nzzEqTt",5,1,5,2,4,2,3,2,5,3,5,1,5,3,4,1,3,1,3,2,18,42
"R_1Z5B8gSr6ms3TIB",1,2,1,3,1,1,1,1,1,1,1,3,1,1,1,1,1,1,1,1,15,10
"R_1to7h2sr7mOYwdH",2,4,5,4,1,4,3,5,3,4,5,3,4,5,3,4,5,3,4,5,41,35
"R_3oJRpsDvPPeXwxH",1,4,1,3,1,2,3,4,5,5,1,4,1,5,1,5,1,5,1,5,42,16
"R_5DvTy7gRvsnJFlf",2,3,2,4,4,2,2,3,3,2,2,2,3,3,2,2,3,2,3,2,25,26
"R_6AGMvKD6asAi17f",3,1,1,1,3,1,2,1,3,2,3,3,1,2,2,2,1,1,1,1,15,20
"R_7rJ4KRWsQQehYLi",3,1,1,1,1,1,3,1,1,1,1,4,1,1,1,1,1,1,1,1,13,14
"R_5K3GpWFOAgsRDmY",4,3,5,4,4,5,3,4,3,3,2,4,2,3,2,2,3,2,4,2,32,32
"R_18IEZEGCBmQ2QGZ",4,5,4,2,4,4,5,1,5,4,4,2,2,1,4,2,4,4,4,2,27,40
"R_741SXbyfRKi7Gdz",4,1,2,3,3,3,3,4,4,3,3,3,3,3,4,3,3,3,3,5,31,32
"R_7jAa7muxvbj6VfH",4,3,1,3,3,2,1,1,2,3,1,1,1,3,1,1,1,3,1,1,21,16
"R_7ZbXnsQUZeEczCN",1,1,4,1,1,1,1,1,1,2,1,4,1,2,1,2,3,2,1,1,17,15
"R_58JkO0vNl64sBQ5",4,2,2,3,3,2,2,2,3,4,4,4,2,2,2,2,2,3,2,2,26,26
"R_6fNxEPNSxfWVXCV",1,2,1,1,2,1,2,1,1,2,1,1,1,1,1,1,1,1,1,1,12,12
"R_7LFp9JfEfzRZN9T",4,3,2,2,1,1,2,1,4,4,3,3,2,3,1,2,1,5,2,1,25,22
"R_5imU0pR4LvN98ob",5,1,3,1,4,3,1,4,5,5,5,5,5,5,5,5,3,5,5,5,39,41
"R_5rdhhnq2msr4Z76",4,1,1,1,4,1,3,1,4,4,4,4,4,4,4,4,4,1,5,1,22,37
"R_7OVm8AfdCMyQ9MN",5,2,2,4,4,4,4,4,4,4,4,4,1,1,1,4,1,5,5,1,33,31
"R_5tEHudzMUduPpvp",3,5,4,2,5,1,2,3,5,5,3,2,2,3,4,2,5,3,2,1,27,35
"R_7VgR6sHl7EZK123",5,2,4,3,3,1,4,1,5,5,5,3,4,5,4,1,2,1,4,1,23,40
"R_7g11nzA2jjUGmbK",2,4,3,3,4,4,5,4,4,4,4,4,4,4,3,2,2,2,1,4,35,32
"R_3wbm19TpYalz4t3",2,3,2,3,4,3,3,3,4,3,3,4,3,2,3,3,3,3,4,3,30,31
"R_7K0UXUthxYhSA0A",2,4,4,4,4,3,3,2,2,1,3,4,5,5,3,4,5,4,3,5,36,34
"R_3pzfaf2zS5IXoRN",5,4,4,4,5,5,5,4,4,4,4,5,5,5,3,2,4,3,4,5,41,43
"R_1KnyBcZsWHfSfNn",1,1,1,1,3,1,1,1,1,3,2,3,1,3,1,1,1,3,3,1,18,15
"R_7NTV4FIYDIiLroV",4,1,5,4,5,4,4,4,5,3,5,2,4,4,5,1,5,2,5,3,28,47
"R_35TRQRUFWQLKFOx",1,1,1,5,1,5,1,1,1,5,5,5,1,5,1,5,1,5,1,5,42,14
"R_5pPh0hxn4w8gztS",3,2,2,4,2,4,2,3,2,4,3,4,2,3,3,3,2,2,3,2,31,24
"R_5rYrCxZ79sliXyb",1,1,3,3,3,1,2,1,4,2,2,1,1,1,1,1,1,1,1,1,13,19
"R_5qP9pcvJiErJg66",4,1,3,2,5,2,2,1,1,3,2,3,2,1,1,2,2,1,2,2,18,24
"R_1my0gusJNwVN47S",2,3,1,3,1,2,1,1,5,5,5,3,5,3,1,5,2,5,5,1,31,28
"R_3WUzt3NkpV5zakt",3,3,3,3,3,3,3,1,1,1,1,1,1,1,1,1,1,1,1,2,17,18
"R_7RWkqOusSPiqPeM",4,1,3,2,5,1,2,1,3,4,5,1,1,3,2,1,5,5,5,1,20,35
"R_5uwW1GNPHEPZEjP",5,5,5,5,3,5,3,5,3,5,3,5,3,5,3,5,3,5,3,3,48,34
"R_5WCihAOgcUedcZk",4,2,3,1,4,4,3,2,4,1,2,2,3,3,2,2,4,4,3,3,24,32
"R_3MR2wOcKDEOtwyF",1,1,2,3,3,2,2,3,2,2,2,2,3,3,3,3,2,4,1,2,25,21
"R_3m1UZFQc7rb44l9",1,1,2,2,2,1,1,1,1,1,1,5,1,1,1,3,1,5,1,2,22,12
"R_65EAY7lqI7ivK4L",3,1,4,2,4,1,4,4,4,4,3,3,4,4,3,3,2,3,3,3,28,34
"R_3gRbotitIRcBM7b",1,1,2,1,3,1,1,1,3,1,4,1,2,1,1,1,3,1,3,1,10,23
"R_6ePcGCUHHITSAEc",4,1,2,1,3,1,4,1,4,1,2,2,3,2,3,1,2,1,4,1,12,31
"R_11szzmPs5mGRu6J",3,2,2,2,5,1,2,3,2,2,2,2,2,2,2,1,2,2,2,2,19,24
"R_5gj5yKRvpTzaVNx",1,1,1,1,4,1,4,1,1,3,1,1,1,1,1,1,1,1,1,1,12,16
"R_75tnqr6vGdsHloP",1,1,1,1,3,1,1,1,1,3,1,1,1,1,1,1,1,1,1,1,12,12
"R_5RyHeKsHGHX3r7X",2,1,1,1,5,1,5,1,1,1,1,1,1,1,1,1,1,1,1,1,10,19
"R_3uxMDIM68Ryg7Zb",3,1,2,1,1,1,1,1,1,1,1,3,1,1,1,1,1,1,1,1,12,13
"R_7IQPqmlATzALGUO",2,4,2,4,3,4,4,3,3,4,1,4,4,4,3,4,1,4,5,4,39,28
"R_3xDlq2S6uPw5w8P",4,4,3,4,1,3,1,1,1,4,3,1,1,1,1,1,2,1,4,1,21,21
"R_3dYGhjebxDJwtJ4",3,4,3,3,2,1,3,3,3,3,2,4,2,3,2,3,2,3,1,3,30,23
"R_170LRwVEPhBnadb",4,3,3,3,3,1,2,1,3,3,3,3,2,3,1,1,1,2,2,1,21,24
"R_5DpW3cwN0vrKupI",4,1,4,2,4,2,2,1,4,5,5,5,5,5,4,4,4,5,2,4,34,38
"R_1YJ4PhVqGeXyzaV",3,1,3,1,5,1,3,1,2,3,3,1,1,1,1,1,2,1,3,1,12,26
"R_5wLKofpoMG6ifbr",2,1,1,1,2,1,3,1,4,1,1,2,1,2,1,1,1,1,1,1,12,17
"R_1i1OwAEpRdxdVN7",3,2,3,2,3,1,3,3,4,3,2,3,1,2,2,2,2,2,3,3,23,26
"R_3M9xhlRWE2z06ER",3,1,4,4,4,1,3,1,1,1,5,1,4,1,4,1,4,3,4,1,15,36
"R_5LtmRRCFrFNzPxb",4,1,5,1,1,3,3,1,1,3,3,2,4,4,2,1,1,1,1,1,18,25
"R_5lt6t4j8YY71s3C",4,1,4,1,3,1,3,1,3,3,2,2,2,2,1,1,1,2,3,1,15,26
"R_3flcaFWiEzGlW0z",2,1,1,1,3,1,3,3,1,3,1,1,3,3,1,1,1,3,3,3,20,19
"R_5R4wMYSZx064Fxq",1,1,2,1,4,2,1,3,4,2,4,1,1,1,2,1,1,4,2,3,19,22
"R_5JfL2nIAUug4iPa",2,1,2,2,3,3,3,3,2,3,3,4,4,2,1,3,1,3,2,3,27,23
"R_6oM8rMgHrXTOZ0o",4,5,5,5,5,4,5,4,5,5,5,5,4,5,5,4,5,5,4,5,47,47
"R_5pKjJBb1i8PpMbj",5,1,4,1,4,1,4,1,5,3,5,1,5,2,5,1,5,1,5,1,13,47
"R_3COVtMZnAkIXYQx",3,3,3,2,2,3,3,3,3,3,3,3,4,3,4,3,3,2,2,4,29,30
"R_3RTiyVGeYz0aYlX",5,4,5,4,5,5,5,4,5,5,4,5,4,4,5,4,5,4,5,4,43,48
"R_9Ko6VUlnS5brTqN",3,1,2,2,2,2,2,2,2,2,1,5,2,2,2,1,1,2,2,2,21,19
"R_13f26CHXBygN3UE",4,1,2,1,5,1,2,1,4,4,4,1,2,4,2,1,2,4,4,2,20,31
"R_6HOG4TBXusNkrXT",3,2,3,3,1,1,3,3,4,3,3,3,2,3,3,3,2,2,3,2,25,27
"R_7isTWLL25asnz86",2,1,2,3,2,3,3,1,3,4,3,2,1,2,3,2,1,2,1,1,21,21
"R_3nNsH4otQiGWhBf",1,2,3,3,3,3,3,3,3,3,3,3,3,3,3,3,3,3,3,3,29,28
"R_7CE0guvfyrrt836",4,1,4,3,4,1,4,1,3,3,4,3,3,3,1,1,3,1,3,1,18,33
"R_7fZQD4Jf65YZHCU",2,2,2,1,3,2,2,1,2,2,3,1,3,1,1,1,2,1,2,1,13,22
"R_7Hzwt9UmKWEwFQH",4,1,3,3,4,2,3,2,2,3,3,3,3,2,3,2,2,2,3,1,21,30
"R_1coUgYVdOvnwtTb",3,2,1,1,3,1,3,1,1,3,1,1,1,2,1,1,1,1,2,1,14,17
"R_1nwsNfArFfIHHtB",2,3,2,3,2,1,3,1,3,4,2,4,1,3,2,3,2,4,1,2,28,20
"R_6veV1V1XDql3BJi",4,3,4,3,3,1,3,1,4,1,4,1,3,1,4,1,4,1,4,1,14,37
"R_3PRnL9GkacgrAn6",2,2,2,4,4,4,5,3,5,4,4,3,5,4,4,3,2,2,2,3,32,35
"R_6m37LAKqjV0TJuC",4,4,3,4,5,5,3,4,4,4,5,4,4,4,5,5,4,1,5,5,40,42
"R_1WJ8M91QaGqkKrx",4,5,4,4,4,5,5,5,5,5,5,3,1,4,4,4,4,5,5,5,45,41
"R_7QEZnQTtIJiVFow",4,2,4,3,3,1,4,1,5,3,5,3,4,2,2,2,2,3,4,1,21,37
"R_3E1lAhesUhGJxEd",3,2,2,4,3,3,4,2,3,2,1,4,3,2,1,3,4,3,2,2,27,26
"R_3CNS4ExL4KVFzTw",1,1,2,1,5,1,5,1,5,4,5,3,4,5,4,2,3,4,3,4,26,37
"R_5q8XXif9YDAgoQV",3,2,4,4,4,2,3,2,5,4,4,4,4,3,5,4,4,4,4,1,30,40
"R_1pVBtsd9NtU9y8d",3,1,3,4,4,3,2,3,4,3,4,4,2,2,3,2,2,3,2,5,30,29
"R_5Tdv92OtUPduJbP",1,2,3,4,5,4,3,2,1,2,3,4,5,4,3,2,1,2,3,4,30,28
"R_1ZpdzuFb6nfizmN",1,1,3,4,4,1,4,1,2,3,4,1,3,3,4,3,4,4,4,1,22,33
"R_6jTBkys7hizQQIH",3,4,4,2,3,4,4,3,2,3,4,3,3,4,4,2,3,4,3,4,33,33
"R_7jUlInnnlaVlm8J",2,2,4,2,2,5,3,3,5,3,3,5,2,5,2,3,4,3,3,2,33,30
"R_5SwchB5xw2PBOO3",4,1,3,2,4,2,3,2,3,2,4,3,2,2,2,2,3,2,4,2,20,32
"R_62gNZjHo4EQTbBy",2,1,4,2,4,2,1,1,4,4,2,2,4,2,4,1,1,1,3,2,18,29
"R_6t3Tr4mwzMdFcAg",2,3,4,4,5,5,5,4,4,4,5,3,4,4,5,4,5,4,4,5,40,43
"R_5r2HFQsXV0AewHn",3,1,2,2,4,2,4,2,2,4,4,2,2,2,2,2,2,2,4,2,21,29
"R_1diUIDmLMvzF6aY",4,1,2,2,4,3,4,2,4,4,4,2,2,3,2,2,2,2,4,2,23,32
"R_1IsWVQc0OZa6DNr",4,1,2,4,4,1,4,1,4,4,3,2,2,2,2,2,2,3,4,2,22,31
"R_6zCi0ZMwXNY1dGs",5,1,2,4,5,4,2,3,1,2,4,1,2,3,5,1,2,5,4,4,28,32
"R_7ey8UkBc9W3Pnj3",1,1,1,1,3,1,3,3,3,3,3,3,2,3,1,1,3,3,1,4,23,21
"R_1Hno6wtMOtcC0cW",4,1,2,4,5,1,4,1,5,4,5,1,5,3,5,1,4,1,4,1,18,43
"R_6f6SFVdsQoo2mz6",4,2,3,2,4,3,4,3,4,3,4,3,4,3,4,2,2,5,2,4,30,35
"R_3mk6xQHooB8Huby",4,4,4,4,3,3,4,4,5,5,4,5,4,4,4,4,4,5,4,3,41,40
"R_5j8p5Vo90h0FG1x",5,1,3,1,2,1,1,1,1,1,1,1,1,1,1,1,1,1,1,1,10,17
"R_5GVVqzHEujWmsNP",4,2,4,5,4,5,2,3,5,5,4,5,5,5,5,3,4,5,5,4,42,42
"R_1e8rHsVDW9fQOzo",5,1,5,1,5,1,3,2,5,5,5,5,5,3,5,2,4,1,4,2,23,46
"R_3XnsJpTLws66Xar",3,2,3,3,3,3,3,3,3,3,4,3,3,4,3,4,3,4,3,4,33,31
"R_6ESDeeWeeX7ZQeG",4,1,3,1,5,1,4,1,5,4,4,5,3,3,3,3,1,3,4,4,26,36
"R_1DP9eJZCP1OBbNh",5,4,5,5,4,5,3,1,5,5,3,5,2,4,4,4,5,4,5,5,42,41
"R_12eqqTBycuY6KFr",4,1,4,4,3,2,2,1,4,1,4,1,3,3,4,1,4,2,4,2,18,36
"R_3PcpXLqgY3JN4Ac",5,1,5,1,5,3,5,1,4,4,5,3,5,5,4,1,5,1,5,1,21,48
"R_7DYWGg0sn2qvHTX",1,3,4,5,5,1,5,1,5,4,4,1,1,2,3,3,2,3,3,1,24,33
"R_5SLTqvccMdG5oul",5,4,4,5,5,4,5,4,4,5,5,5,5,4,4,4,4,5,5,4,44,46
"R_7vpFRXW8ufjTUiZ",3,4,3,4,4,3,4,2,3,4,4,4,2,4,2,3,2,4,2,3,35,29
"R_52lhe45eUySh6NK",2,3,4,4,4,3,5,3,4,5,3,5,4,5,3,4,4,5,4,4,41,37
"R_1VaolO01zRBuxUY",4,1,3,3,3,3,2,3,3,3,3,2,2,3,3,2,3,3,3,3,26,29
"R_5Ky0tWaYFSLDAT5",4,4,5,4,1,4,3,5,5,5,4,5,5,5,4,3,4,3,5,4,42,40
"R_1FRqnmZCAG3xmWl",3,3,2,3,4,4,3,4,4,5,3,3,2,2,2,2,3,2,1,3,31,27
"R_75TpK6lYpXxnUGl",3,4,3,3,2,4,4,3,4,4,4,5,4,4,4,3,3,4,3,3,37,34
"R_65uuOBQuhlHu4cy",3,4,5,3,3,5,4,4,3,5,3,4,5,3,3,4,5,4,3,4,40,37
"R_7DrS6Fm6TrOqra9",2,4,2,4,2,5,3,4,2,4,4,5,2,4,2,2,2,5,3,2,39,24
"R_5PzNB33lG690A60",3,5,3,2,5,1,1,1,4,4,5,2,4,4,4,4,1,2,2,3,28,32
"R_54DicyqwBIaTQvR",4,1,4,4,5,1,4,2,4,3,4,1,2,2,2,1,2,1,4,2,18,35
"R_5JrblWrGRpNsRAW",5,4,4,4,4,4,4,4,4,4,4,5,5,4,5,4,5,4,5,5,42,45
"R_3GNvpqbl7vKY4HQ",5,1,5,1,5,1,5,1,5,1,5,1,5,1,5,1,5,1,5,1,10,50
"R_38U7lY4dRg210M2",3,3,3,3,3,3,3,3,3,5,4,3,3,3,3,3,3,3,3,3,32,31
"R_1kyjyFMadgqbC1P",3,1,1,3,1,1,1,1,1,1,1,3,1,1,1,1,1,1,1,1,14,12
"R_7kby0wT3hZX3eTL",3,1,3,3,2,1,3,1,3,3,3,2,2,2,2,1,1,2,4,1,17,26
"R_6LGrAKPdslOIyjH",5,4,4,5,3,3,5,4,5,4,4,4,4,4,5,5,4,4,4,4,41,43
"R_7kG3WFkHGrSbhqN",4,1,2,3,2,3,1,1,3,5,3,4,2,3,1,1,1,5,1,1,27,20
"R_6g6nUxrNBYlWHG3",5,4,4,5,3,3,5,4,5,4,4,4,4,4,3,5,3,4,4,4,41,40
"R_7gT4ovKVXu6wfSg",4,2,4,2,4,4,2,3,4,3,1,2,5,2,3,4,3,4,2,5,31,32
"R_6WOu2X3EXLmpG5j",5,4,4,5,3,3,4,3,5,4,3,4,3,4,5,5,4,4,3,4,40,39
"R_5D7AvHDLoubPD6d",5,1,1,4,3,1,1,1,3,3,1,1,1,1,1,1,1,3,1,1,17,18
"R_5sp1OTcYxdTBOPc",5,3,4,5,4,3,5,4,5,3,4,4,3,4,5,5,3,4,4,4,39,42
"R_5feArODia9KIdNJ",5,1,3,4,4,3,4,2,5,4,4,4,2,4,4,1,3,4,4,2,29,38
"R_6813LD5V2VBexyh",1,2,3,5,4,4,2,3,3,4,2,5,2,3,4,2,3,4,4,4,36,28
"R_5wtMvFOrwYs2lmV",2,5,1,5,1,5,1,1,1,5,3,5,1,3,1,5,1,5,1,3,42,13
"R_6COZ2QDg7ahTBro",4,2,4,2,2,2,4,4,4,4,4,3,2,4,4,2,2,4,2,2,29,32
"R_30dmf15IH492c6J",1,2,3,5,4,4,2,3,3,4,2,5,2,3,4,2,3,4,4,4,36,28
"R_7uplO4CroJuK1Bf",3,3,4,3,4,4,3,2,4,4,2,4,4,3,3,3,2,5,4,3,34,33
"R_5E112Kdc9B5eeIq",4,5,1,4,2,4,1,4,3,2,3,4,1,4,2,1,1,4,1,2,34,19
"R_6EiyxtDCB1wuyL5",2,1,1,2,3,1,3,1,1,3,1,3,1,3,1,3,1,3,1,1,21,15
"R_1oAQTesiRxTvn55",4,3,4,2,3,4,4,4,3,3,3,4,3,4,4,3,3,4,5,3,34,36
"R_35NGvxIeJE1eqfZ",2,4,2,4,2,4,2,4,2,3,2,4,2,4,2,4,2,4,2,4,39,20
"R_70hO1uBKtZ5Y1Ls",3,1,2,4,2,3,2,3,4,4,2,4,2,3,2,2,2,2,3,2,28,24
"R_72D8qSiOPXzVZ9R",3,3,4,5,4,3,3,4,5,4,3,3,4,5,4,3,3,4,5,4,38,38
"R_3ESboLdcNKqTQOS",2,3,3,3,2,3,2,3,2,4,3,3,3,2,3,3,2,4,3,3,31,25
"R_10OsPGhyDwBI9kE",2,3,5,3,1,3,1,3,3,2,2,3,1,4,1,1,2,3,2,1,26,20
"R_3Jg52uGh6mYxzJ7",1,4,1,4,1,5,1,1,1,4,2,5,1,4,1,4,1,5,1,4,40,11
"R_61hFbc6r2FVxfhi",2,2,1,5,2,4,2,3,4,5,2,5,1,3,2,4,2,4,4,4,39,22
"R_5azrZRXFW70Zl2M",4,5,5,4,4,4,4,2,4,4,5,4,3,4,4,4,3,3,4,5,39,40
"R_1X5v6e6MRhn3CTo",5,4,5,4,5,1,5,1,5,4,5,2,5,4,5,2,1,5,5,1,28,46
"R_1E9EKMVWG0b4myE",5,2,5,5,4,2,5,5,5,5,5,2,5,1,5,1,5,5,5,1,29,49
"R_7wvRFUArj8pMGpO",4,3,4,2,5,2,5,2,5,5,5,3,3,4,4,3,3,1,4,3,28,42
"R_161xBTa6RbcVN3X",2,1,5,1,5,1,3,3,1,1,2,1,1,1,1,1,1,1,1,1,12,22
"R_6Pjuw2O3aqRXaCU",5,1,3,2,3,3,5,3,3,1,4,4,2,4,3,4,1,4,1,3,29,30
"R_6TTP7rYj6gNjHKW",3,4,5,4,4,3,4,5,4,3,3,5,4,3,3,4,5,4,2,4,39,37
"R_5aCB9Qv1zahCbqV",4,5,4,5,4,3,5,4,3,4,5,4,3,4,5,4,5,4,4,5,42,42
"R_1170WjJHEpEXtWj",3,4,5,5,3,4,5,4,3,4,5,4,3,4,5,4,5,5,4,3,41,41
"R_1eappizCnpLxqEs",4,3,4,4,4,5,3,4,5,4,3,4,5,4,3,4,5,4,3,4,40,39
"R_1FCDb16uLfJe61S",4,5,4,5,4,4,5,4,4,3,4,5,4,5,4,4,4,5,4,5,45,41
"R_6zwNlroSnUwo2Y1",4,4,5,4,3,4,3,4,4,4,5,4,3,3,4,4,5,5,4,4,40,40
"R_6JFIsFakh0FzHSp",5,1,5,3,5,3,4,2,5,4,5,2,5,4,5,2,5,3,5,1,25,49
"R_51hi0ZPPmGnC4kd",1,5,4,3,3,4,2,3,5,4,4,4,3,3,1,5,3,3,4,4,38,30
"R_3aLaYt5sSDkTZu9",1,5,4,3,3,4,2,3,5,4,4,4,3,3,1,5,3,3,4,4,38,30
"R_1M4t1aCyvI7hvNf",3,1,2,1,4,2,4,2,3,3,4,3,3,3,3,4,3,3,3,3,25,32
"R_6FQwI5rrWRakAm4",3,4,2,4,2,2,3,3,3,3,4,5,4,3,3,4,1,5,2,2,35,27
"R_3Qo3HmUgryPo4vx",3,3,4,3,3,4,3,3,4,4,3,3,3,4,4,4,3,4,4,4,36,34
"R_7oWbHJRx9eVh3mF",3,5,3,5,1,1,3,3,3,5,3,4,1,4,4,4,3,4,2,2,37,26
"R_3hsStidCOPFiW3Y",4,3,4,4,3,3,4,3,4,4,3,4,4,4,4,4,3,4,4,4,37,37
"R_31twatt8LnXzkIy",4,3,3,4,5,4,5,4,4,5,4,3,4,5,4,4,4,5,5,4,41,42
"R_36TKpb8ZmQrG1Md",3,5,2,4,2,3,2,4,3,5,4,5,5,5,4,4,4,4,3,4,43,32
"R_6LHyi9WBKC5FUVg",5,4,4,4,3,4,5,4,4,5,5,5,5,4,5,4,4,5,3,4,43,43
"R_1lnl6Ks5BzlkQAb",5,4,1,5,1,2,1,2,3,5,5,5,4,4,5,4,1,4,3,4,39,29
"R_5Kdnbtdn92gv3g6",4,1,4,4,5,2,5,1,3,5,5,3,3,4,5,3,4,5,5,1,29,43
"R_6kTgvMGPho58kd2",5,4,3,4,5,5,4,3,4,5,4,3,4,4,5,4,3,3,3,4,39,40
"R_3Yyr40HiOUWXoL4",3,3,3,2,3,5,4,3,3,4,4,5,4,4,3,4,3,4,2,3,37,32
"R_1KeRptZnJeUCirK",4,3,5,4,4,3,5,4,5,4,4,5,3,4,5,4,3,5,4,4,40,42
"R_3qbb0SLpXxxiZmC",4,5,4,5,4,5,4,5,4,5,4,5,4,5,4,5,4,5,4,5,50,40
"R_7Fqjq4qdiq057IR",4,5,3,4,3,5,4,4,3,4,4,5,3,4,4,5,4,5,4,3,44,36
"R_3DGSVLkpPxRUC5j",4,4,5,3,4,3,5,4,3,5,4,4,5,4,5,3,4,5,4,4,39,43
"R_5MiBxGHwkvjd5fS",4,3,4,3,3,3,4,3,4,4,4,4,4,4,4,4,3,3,3,3,34,37
"R_5YTYvErYeB7OXAJ",4,3,5,4,4,4,5,4,3,4,5,4,5,4,3,5,4,4,3,5,41,41
"R_3MrOtETZMxyQ79T",4,3,5,4,3,4,5,4,5,3,5,4,3,4,4,3,5,4,4,3,36,43
"R_1t9bxsdmklM5cEE",4,5,4,3,4,5,4,3,5,3,4,5,4,4,3,5,4,4,5,4,41,41
"R_5IEtfH3JvpcVhac",5,5,3,4,3,3,3,3,3,2,2,2,3,3,3,2,2,3,3,2,29,30
"R_3Ed44PhFYdVkg9H",4,4,4,3,4,4,4,3,4,4,4,4,3,3,4,3,4,3,3,3,34,38
"R_5KnouKJdDXyA4Uh",4,4,5,4,3,4,3,3,3,3,2,2,3,5,4,3,3,2,2,3,33,32
"R_625ydHqllwQ449y",5,4,4,5,4,4,5,4,4,3,3,4,4,4,3,3,4,3,2,2,36,38
"R_3iJP5JV1LlKLLUS",4,4,4,4,4,4,4,2,4,4,4,2,4,4,4,4,4,3,4,3,34,40
"R_7dFOEPORpH5vgTn",5,5,5,5,4,3,3,4,4,3,2,2,3,2,2,4,4,4,3,5,37,35
"R_7oQLvdqVeX0KEpU",5,5,4,3,4,4,4,5,5,4,3,4,4,3,3,3,4,3,3,4,38,39
"R_6NaVxUE5LLOUlXQ",1,1,2,3,2,2,1,1,2,3,2,2,3,1,3,3,2,5,3,5,26,21
"R_3Ptj7hKnqAjIYef",3,2,4,2,3,2,4,3,2,3,2,3,4,3,2,3,4,3,2,3,27,30
"R_71A2ClMIG4OGeeB",1,1,2,3,2,2,1,1,2,3,2,2,3,1,3,3,2,5,3,5,26,21
"R_545IPftqM571fTX",1,1,2,3,2,2,1,1,2,3,2,2,3,1,3,3,2,5,3,5,26,21
"R_1RuoYcrkEweLS5r",3,4,3,4,3,2,4,3,4,3,2,4,3,2,3,4,3,2,3,4,32,31
"R_3hLQ7Joirxm7awc",4,3,3,4,3,4,3,4,3,3,4,3,3,4,3,4,3,4,3,4,37,32
"R_5oOUns02tRPImw9",3,3,3,2,4,4,2,3,4,2,4,1,2,3,2,4,3,3,2,3,28,29
"R_7j3agWxGKcTpHiZ",4,4,5,3,4,3,4,4,4,4,5,3,4,3,4,3,3,3,5,4,34,42
"R_3QyBUl5z6ucksbV",3,2,2,1,2,1,3,2,2,3,2,1,4,5,3,2,1,3,3,2,22,25
"R_7KQ2FYz3n58GzNe",4,5,3,5,1,3,3,3,4,5,3,5,3,5,4,4,4,5,3,2,42,32
"R_6iAa5nVnm6BWaI1",4,5,3,5,2,1,3,2,3,5,5,5,3,4,3,5,4,4,2,2,38,32
"R_5kRN7UyzQmL5c3o",4,5,3,4,1,1,2,2,3,5,4,5,4,4,4,3,4,4,5,4,37,34
"R_1Ea6I3fCrmPGeYj",5,4,3,4,1,2,3,4,4,5,4,5,5,5,4,4,3,4,3,4,41,35
"R_7imUoqivVEbziVk",4,4,2,4,3,4,4,4,4,5,4,5,3,3,4,4,5,4,3,4,41,36
"R_7pRKZd8tmoUNQOq",5,1,5,4,4,4,4,4,4,5,4,4,4,4,4,3,3,5,4,4,38,41
"R_6mlESN4QArS34U9",1,5,5,1,3,5,3,1,5,2,5,3,1,5,5,1,5,4,3,5,32,36
"R_6cbWWX0zPCvbauv",4,3,5,4,3,5,4,5,4,4,3,5,4,5,3,4,5,4,4,5,44,39
"R_5YxEPX40wPYohnr",4,3,5,4,5,4,4,4,5,4,5,4,4,5,3,5,4,5,4,4,42,43
"R_1kBtfHS3SD3r3JD",4,5,3,4,5,3,4,4,5,3,4,5,4,4,3,4,5,5,4,4,41,41
"R_77QkQMmGppCtLY9",5,3,5,4,5,5,3,3,5,3,5,5,5,5,5,5,3,5,5,3,41,46
"R_5IfUVw0ksInfSm7",4,2,5,4,5,1,4,3,5,4,4,2,4,4,5,3,4,4,5,5,32,45
"R_7jZK2iZDIUmc9gD",4,4,3,1,1,5,5,1,5,5,5,5,1,5,5,5,5,5,5,2,38,39
"R_5vldEJKdaodzFFf",1,3,1,4,3,2,2,2,1,4,5,3,4,3,2,1,1,4,1,1,27,21
"R_3QEX6liTEgJ8HIJ",5,5,5,5,5,5,4,5,5,5,5,5,5,4,5,5,5,5,4,4,48,48
"R_5IYabWsm6nMfFRX",5,1,5,2,5,5,5,1,2,2,5,1,5,1,1,1,4,5,5,1,20,42
"R_60BL20lGV4eQGiY",4,3,1,2,3,3,2,1,4,3,3,3,3,2,3,3,2,2,1,3,25,26
"R_5qwdKXOa7Hw57b0",2,1,2,4,1,3,4,2,4,3,4,2,2,4,4,3,3,4,4,2,28,30
"R_7Lb8Fic06UfMAVj",5,1,1,5,5,1,5,1,5,1,5,5,5,1,5,1,5,1,5,1,18,46
"R_5oAztSzty8uQOMb",2,1,4,4,3,3,3,2,5,1,2,2,4,2,1,2,5,4,3,2,23,32
"R_50bNphWOSre1AYf",4,1,4,4,5,3,4,1,4,4,4,5,5,2,2,2,2,4,5,1,27,39
"R_1Dr6VHcsjgsvXJM",4,1,3,3,4,1,2,1,1,5,4,2,2,1,5,2,2,1,1,3,20,28
"R_1nTKiKrWZdmlJw8",2,1,1,1,2,1,1,2,3,1,3,2,3,4,3,3,3,2,1,5,22,22
"R_3tJBSOV0wYaJFhn",1,3,3,3,3,3,2,3,3,2,3,2,2,2,3,3,3,3,2,3,27,25
"R_1D5rN1W6yXzVDea",1,3,1,4,2,4,2,4,2,4,1,2,2,3,3,3,3,3,3,3,33,20
"R_3XrBxzVCVDiZfUJ",4,4,4,3,2,3,4,3,4,4,4,4,2,4,4,4,2,3,4,4,36,34
"R_7gQ1PzcsaV46W9b",2,3,4,4,3,4,5,2,2,3,4,3,3,4,2,4,4,5,2,3,35,31
"R_7oehtxp4XxtLsLU",4,3,4,3,3,4,3,3,4,3,3,4,3,2,4,3,3,3,3,4,32,34
"R_7EbRGRmuQuiEu9L",4,5,3,2,3,3,2,3,1,4,3,3,2,3,3,2,1,4,3,3,32,25
"R_6RXjdQP47ZnOxc9",5,4,5,4,5,5,4,5,4,5,4,5,5,5,4,5,4,4,5,5,47,45
"R_1B5NM2vXggPA4bU",2,1,2,3,3,4,2,2,4,3,4,5,4,5,3,5,3,5,3,2,35,30
"R_6d2ognAHiZS1lex",4,5,4,3,4,5,5,3,4,4,5,4,3,4,5,4,3,4,5,4,40,42
"R_3DwDXACHoQkGkFL",3,3,3,4,3,3,3,4,4,4,2,2,4,3,3,3,3,2,3,3,31,31
"R_1Kv7xLwGgK9y1MJ",4,1,3,3,5,1,3,1,4,4,3,2,1,3,1,1,1,2,3,2,20,28
"R_6a8OTYFpUUCBv9j",1,4,1,4,1,4,1,1,1,4,1,3,1,3,1,1,1,5,1,1,30,10
"R_3zAATMQJDMn0z9D",5,5,4,3,2,1,2,3,4,5,4,3,2,3,2,2,3,4,5,4,33,33
"R_1wp1nCfIdq7Ghvw",5,4,3,4,2,1,4,4,3,2,1,4,2,2,4,5,2,1,4,4,31,30
"R_1MPDcfqHGRJsASq",3,2,3,4,4,3,1,1,3,4,4,4,3,1,1,1,1,2,3,3,25,26
"R_7f7Os0VfsV1bBqD",2,5,5,4,4,3,3,4,4,3,3,4,3,3,4,3,3,3,4,3,35,35
"R_71Rycl1SRLOXjdl",2,2,1,3,4,1,2,1,1,2,1,2,1,1,1,1,1,1,1,1,15,15
"R_3MSqMUSmHrf877f",1,3,2,4,2,4,3,2,2,2,2,3,2,2,2,2,2,2,2,2,26,20
"R_3uQ905LnwDukwBX",3,1,4,3,2,1,3,1,4,3,3,2,2,2,2,2,3,1,4,1,17,30
"R_16CQFut0Un0sG6R",1,1,1,3,3,3,2,3,3,3,1,4,1,2,1,2,2,3,1,2,26,16
"R_50O3NasU6D2NPwp",2,1,2,3,4,1,2,1,3,3,4,2,2,1,1,1,3,2,3,1,16,26
"R_3Y7iapK9nv5QW2t",2,1,1,2,5,1,3,2,4,3,3,2,2,2,1,1,3,1,3,1,16,27
"R_6f1zGTkG242oTpn",4,2,3,2,3,2,3,1,3,3,2,3,2,3,3,1,3,2,3,3,22,29
"R_7Hpp5Gdhdrii3ZP",4,3,4,3,3,1,1,3,1,4,1,3,1,3,1,1,1,1,3,1,23,20
"R_6aFWNDb1QCg7xqG",3,1,2,2,1,4,1,1,1,4,1,2,1,1,1,2,1,3,2,2,22,14
"R_7azQR2LfXuwQ045",3,3,3,2,5,4,5,4,4,4,3,3,4,3,4,3,2,2,3,3,31,36
"R_32mL6251A4OMWo1",3,2,2,2,4,2,3,2,2,3,3,4,2,4,2,2,2,4,2,2,27,25
"R_6zqCjHrr5VS8dhK",3,1,1,1,3,1,3,3,3,1,2,3,2,2,1,1,2,1,2,1,15,22
"R_58B834vt2VIsTjq",4,1,2,1,4,1,2,1,3,3,4,4,1,2,1,3,3,1,3,1,18,27
"R_3styNTEwLflkXBv",3,1,3,3,3,3,3,3,3,3,3,4,3,3,3,3,3,3,3,3,29,30
"R_7z6F6a8qSEtkUpu",1,3,2,3,1,3,1,1,1,4,1,5,1,3,2,4,2,3,2,1,30,14
"R_3BrmmIqLHGzgOtt",4,2,3,2,3,2,3,2,3,2,4,2,2,3,4,2,3,1,3,1,19,32
"R_3jqRXuYDV7vJHz3",1,4,2,2,1,1,2,1,3,2,2,1,1,1,1,1,1,1,1,1,15,15
"R_30KYXrzXgk1sCjL",3,2,3,1,4,3,5,3,5,3,5,3,3,3,3,3,4,5,5,3,29,40
"R_19tzlf6Bzch4aMz",4,1,4,2,5,1,4,1,5,4,5,2,4,3,5,2,5,1,5,1,18,46
"R_7HZDtfpr1lylGB2",3,3,1,2,3,3,4,4,4,3,3,3,3,3,3,3,4,4,3,3,31,31
"R_7dFH73kadpEEdMR",5,1,3,1,5,1,2,2,5,4,1,2,5,3,5,1,2,2,5,3,20,38
"R_3uUqhElAGbUAu8K",2,1,2,2,3,3,1,4,2,3,2,4,4,5,3,1,2,2,2,3,28,23
"R_5PzexzzrreikY11",4,1,3,3,4,2,3,3,3,3,3,4,3,3,4,3,3,4,3,3,29,33
"R_3lGhil9rbRSapBK",4,1,2,2,4,2,4,2,3,2,4,2,2,2,3,2,4,2,4,2,19,34
"R_6foLbP1LihRzBBG",3,4,2,3,3,3,3,3,3,3,3,3,3,4,2,3,3,3,3,3,32,28
"R_3j7xWUAFf8oQy3E",2,2,3,3,3,3,2,1,2,1,2,1,2,2,3,1,3,1,3,1,16,25
"R_3QloNqa4C8JA14A",5,1,4,3,1,1,3,3,5,3,4,4,3,4,3,3,4,4,5,2,28,37
"R_3F391TZADduEmBp",2,4,2,4,2,1,1,3,1,3,2,3,1,3,1,1,1,3,2,3,28,15
"R_65MFKWx6DsVNFgp",5,5,5,1,1,5,5,4,5,1,1,1,5,5,5,5,1,1,1,5,33,34
"R_6BQ4PdSlgJMjsSW",5,5,5,5,4,4,4,4,1,2,4,4,4,4,4,4,5,4,4,4,40,40
"R_6PiEEuV6F7GeCfz",1,3,2,4,2,3,3,2,2,4,2,4,2,4,2,3,3,4,2,3,34,21
"R_13LGZpxIVvIjkQx",3,3,3,3,3,3,3,3,3,3,3,3,3,4,3,3,2,2,3,2,29,29
"R_5C8iryvOPDgr5D3",3,2,3,3,2,1,4,3,3,3,3,3,3,3,3,3,3,3,3,3,27,30
"R_76JAAI979BSbyoh",3,3,2,3,5,3,3,3,3,3,3,3,2,4,4,3,5,3,5,5,33,35
"R_3y1qpf9dR062ozs",2,5,2,4,1,3,1,1,3,3,1,2,1,3,1,1,1,3,2,1,26,15
"R_3EnH2xACQU3m6UE",2,3,4,3,3,4,3,2,4,3,2,4,2,1,4,4,4,4,3,4,32,31
"R_6hSD7bHfgdexwkf",3,1,1,2,5,2,2,3,5,4,3,2,1,4,1,1,4,3,3,3,25,28
"R_7gSXadCWe1EZaMt",3,2,3,2,4,3,4,3,3,4,3,3,3,3,3,3,3,3,4,3,29,33
"R_7IyNizJs88szDN5",2,1,3,1,4,1,4,1,5,3,4,2,3,2,4,1,4,1,5,2,15,38
"R_3WAn43z1xujRIKR",3,3,1,2,1,3,2,1,3,3,4,2,4,2,2,4,2,5,3,3,28,25
"R_1ZQVzSjNzuSBY7T",4,1,2,2,5,2,3,2,4,3,4,2,4,2,4,2,2,2,4,1,19,36
"R_7my0lOdaHONUtac",2,4,4,4,4,5,4,3,2,4,3,4,4,4,2,4,2,4,2,3,39,29
"R_3QM3ZCFHWHHIqvA",3,4,5,3,2,2,2,1,4,5,4,5,2,5,5,2,3,3,4,4,34,34
"R_3HAuZPtNk9IdXVv",1,5,1,5,1,5,1,5,1,5,5,5,1,5,1,5,1,5,1,5,50,14
"R_137EjjJuUw85SKC",4,1,4,1,3,1,3,1,5,3,4,3,5,1,4,1,3,3,4,1,16,39
"R_1rqNVK3iy7pW3l8",5,5,4,5,1,5,4,5,5,5,3,5,4,5,4,5,4,5,4,5,50,38
"R_5KgVOPvf1NtFFQJ",4,3,4,3,3,1,3,2,4,4,3,2,4,3,3,2,2,1,4,3,24,34
"R_129TVln3oHIxpq9",3,1,3,3,4,3,4,2,3,4,3,3,4,3,3,4,4,2,4,3,28,35
"R_6FPQNWQNDaVd1hv",3,2,2,3,3,3,3,3,2,3,3,3,3,3,3,3,3,3,3,3,29,28
"R_7qrm8XbUnmqGIky",3,1,2,3,3,1,1,1,1,1,1,1,1,1,1,1,1,1,1,1,12,15
"R_1Q47VVl4Mr2nAkx",5,1,5,5,4,4,3,2,4,5,5,5,4,5,5,5,5,5,5,5,42,45
"R_3MwB3qunp2M6XKN",1,5,1,5,1,4,4,4,4,4,5,4,4,5,4,4,3,4,3,4,43,30
"R_3z7BUOjeTOxIvAJ",1,1,1,1,3,1,3,3,3,3,3,3,3,3,3,3,3,3,3,3,24,26
"R_5gOfedapFM3Ojol",1,1,1,3,1,1,1,1,1,1,1,1,1,1,1,1,1,1,1,1,12,10
"R_70cPbehz8YgjlAD",2,1,1,3,4,4,4,2,4,4,5,4,1,4,4,2,2,1,5,1,26,32
"R_75MCXE9iAmtsevV",1,1,1,1,4,1,1,1,1,1,1,1,1,1,1,1,1,1,1,1,10,13
"R_1tr712tjfR73hFG",3,3,3,3,3,3,3,3,3,3,3,3,3,3,3,3,3,3,3,3,30,30
"R_3E0gaNpg8ixuFG8",3,2,3,1,1,3,3,1,3,1,2,1,3,1,1,1,1,1,1,1,13,21
"R_5sZvJQyM6qKw9kf",4,1,2,3,4,3,4,1,2,1,3,1,2,1,2,1,1,2,2,1,15,26
"R_3mr5qyBCh8nDuok",1,1,1,1,5,1,1,1,1,1,1,1,1,1,1,1,1,1,1,1,10,14
"R_3ojXijZq4z3B08n",5,5,5,4,5,4,4,5,4,5,4,5,5,5,4,4,5,5,4,5,47,45
"R_6BNWPRT7rx1lpQd",3,4,3,2,4,2,4,4,3,3,4,2,3,4,3,2,3,4,3,2,29,33
"R_7QoXGIhQ6ltnz9D",5,1,5,1,5,4,1,1,1,1,1,5,1,1,1,1,5,1,1,1,17,26
"R_1PWpThWl7C85g65",4,4,4,5,5,5,5,4,4,4,4,4,4,4,5,5,5,5,4,4,44,44
"R_1fkszSr7PdTiFar",1,1,4,5,5,5,1,5,5,5,5,5,1,1,1,3,1,5,1,1,36,25
"R_1kGIRsNE7LNC5GH",3,3,3,3,5,3,3,3,3,3,3,3,3,3,3,3,3,3,3,3,30,32
"R_7j3abBq8VjyMdaI",3,1,3,3,3,3,3,3,3,3,3,3,3,1,3,1,3,1,3,1,20,30
"R_3I3DzLnCrGOhKMx",3,5,4,5,5,3,4,4,3,5,4,3,4,5,3,4,3,3,5,4,41,38
"R_73awMk9MUM9Wt7b",1,1,1,4,5,1,1,1,1,3,3,3,4,4,2,1,1,1,1,1,20,20
"R_74CrzwchZluPqTC",3,1,2,5,4,5,1,1,1,1,1,5,1,3,1,3,1,3,1,5,32,16
"R_3KV1xuzqAuxbJAd",2,1,4,4,3,3,1,2,4,1,3,4,1,1,2,2,1,3,3,1,22,24
"R_3n6HZ84xXzVZYWD",3,4,5,3,4,5,4,3,4,4,5,4,3,5,4,3,5,4,3,4,39,40
"R_5fltE28G8y5O2Nf",3,3,3,4,4,4,1,2,3,4,5,4,4,4,3,3,3,3,5,2,33,34
"R_137uU0cle84C0Eg",4,5,5,4,5,3,4,5,3,5,4,5,5,3,4,5,4,5,4,5,45,42
"R_13loJdlauVfZGet",4,4,3,3,3,3,3,3,3,3,3,3,3,3,3,3,3,3,3,3,31,31
"R_1z3tvcxEft0V8Bz",1,5,1,5,1,5,1,1,2,5,5,5,1,5,1,5,1,5,1,1,42,15
"R_70BEUnP9rajbD9q",5,5,1,3,1,5,1,1,5,5,5,5,5,5,5,5,5,5,5,5,44,38
"R_7Kr2dRserR88akN",3,1,2,1,1,1,2,1,1,5,3,3,1,3,1,1,1,2,1,1,19,16
"R_1NE7SPaqhcRo38F",1,1,1,1,5,1,1,1,1,1,1,1,1,1,1,1,1,1,1,1,10,14
"R_3Kd0ScxBeORmEup",5,5,5,5,5,5,5,5,5,5,5,5,5,5,5,4,4,4,5,5,48,49
"R_7dzmyOOs2upBV8i",1,1,2,4,4,3,2,4,4,2,2,4,2,1,1,2,3,3,3,1,25,24
"R_5GezpMhG5goUznd",1,1,1,1,1,1,1,1,1,2,1,1,1,1,1,1,1,1,1,1,11,10
"R_5kSf2VgpuYiOlhf",5,4,2,2,2,2,2,2,2,2,2,2,2,2,2,2,2,2,2,4,24,23
"R_3MA4k0zsZQcdJDP",5,2,5,1,5,1,5,2,5,4,5,1,5,4,5,1,4,1,5,1,18,49
"R_3wNf7MTZWA4OtYs",3,1,2,2,2,2,1,1,2,2,1,5,1,3,1,3,1,4,2,1,24,16
"R_1gXE5Tu9JMZtKoF",4,4,4,4,4,4,5,5,4,4,4,5,5,5,4,4,4,4,4,4,43,42
"R_1jXlpw7NlbcsXe1",5,4,2,4,2,5,2,3,4,2,3,5,4,5,4,5,4,3,4,4,40,34
"R_60YXKHoxZ9pM88c",3,1,3,1,5,1,4,1,1,3,4,1,3,1,1,1,4,1,3,1,12,31
"R_1nOvcmcwAZmasnv",1,4,1,4,1,2,3,3,2,4,2,1,4,4,1,2,2,3,2,2,29,19
"R_3Rn9S8JLpumEayd",2,3,3,2,4,1,1,1,4,3,2,2,1,2,2,2,1,2,1,3,21,21
"R_3gwIkd6W01wNgxW",1,1,1,1,1,4,1,1,1,5,4,5,1,5,4,5,1,1,1,1,29,16
"R_5bnYPjPBLRih4u5",1,1,1,1,1,1,1,1,1,1,1,1,1,1,1,1,1,1,1,1,10,10
"R_1CHjIG3AYAcL3jo",4,2,4,2,2,2,4,4,3,4,1,4,4,4,4,1,4,4,4,1,28,34
"R_5N4vuCrAZwl7GGE",3,4,4,3,3,3,4,4,3,4,4,3,3,NA,NA,NA,NA,NA,NA,NA,NA,NA
"R_5P05fOIY0EaSYPX",4,4,4,4,2,4,2,4,3,4,4,4,3,3,2,4,2,4,2,4,39,28
"R_5TAzlO7d4sUCnbX",2,3,4,3,4,3,3,2,3,3,4,5,4,3,3,2,3,3,4,3,30,34
"R_3Olf80nWFmmOSDu",1,1,1,3,1,3,3,3,3,3,4,3,3,3,3,3,3,3,3,3,28,25
"R_3n9j4KBCzsSrNmq",2,2,2,2,3,3,2,4,2,3,2,4,2,3,2,4,2,3,1,3,31,20
"R_6P6bCm0bhGY83GF",2,2,2,2,3,3,3,3,3,3,3,3,3,4,3,3,3,3,3,3,29,28
"R_7PZA0G9I5noAZwT",1,2,2,3,4,3,3,3,4,3,2,2,2,2,4,4,4,4,3,4,30,29
"R_7g9lcoV826k1byN",3,1,3,2,4,2,3,3,5,3,4,2,3,3,4,2,4,3,4,3,24,37
"R_50S6lE38rGSOmGd",5,1,2,4,5,1,5,3,1,4,5,5,5,4,1,1,1,5,5,1,29,35
"R_51E0WEpVsh8wfyV",5,5,1,5,1,5,5,5,1,5,5,5,1,1,5,5,5,5,5,5,46,34
"R_14BntYuTlNkORLb",3,1,3,4,5,4,3,3,4,4,2,5,1,3,2,5,4,2,3,3,34,30
"R_1oWY7yvZJq798bv",2,1,4,5,5,5,3,3,2,5,5,3,2,4,2,4,3,2,4,3,35,32
"R_3EsnRLEJX6rMS3z",2,2,2,2,4,4,4,4,4,4,4,4,2,4,4,4,4,4,4,4,36,34
"R_3SoBnEqWgFpuucq",2,1,3,1,4,2,4,3,4,3,4,2,3,3,2,2,4,1,4,2,20,34
"R_5EGdextoNLmtP3P",4,2,4,3,2,4,5,4,5,5,4,5,4,5,5,4,5,4,5,5,41,43
"R_5dAS058eVSScQOB",2,1,2,2,2,3,1,1,2,1,1,1,1,2,1,2,1,1,1,3,17,14
"R_5lW8nxS3ED8IwtD",1,4,1,5,5,5,1,5,1,5,1,5,1,1,1,5,1,5,1,5,45,14
"R_6sTHiqGfAZWdwUk",5,1,3,4,5,3,3,2,4,3,5,2,3,3,5,3,2,2,5,3,26,40
"R_7J559ajJq0WRhKN",3,3,1,1,3,1,1,3,3,3,1,1,1,1,1,1,1,1,1,1,16,16
"R_5HnsvN5jscCb3zK",1,2,2,3,4,3,3,3,4,3,2,2,2,2,4,4,4,4,3,4,30,29
"R_5jMU3x404AXXbNL",5,1,1,1,1,1,2,1,1,1,1,1,3,2,1,1,1,1,1,1,11,17
"R_32RNpNqvxw5NK5s",3,4,4,4,4,4,4,3,4,4,3,4,3,3,4,4,3,4,4,3,37,36
"R_5rVffMsBwjBxttI",4,3,4,3,2,3,3,3,4,4,3,3,3,4,4,3,3,3,4,3,32,34
"R_6PHJ2KWPUjRpeb7",1,1,1,4,4,3,4,1,3,3,3,4,1,4,1,4,3,3,1,1,28,22
"R_1ByxdcDcAFYIHUm",3,4,5,3,4,4,3,4,5,4,4,3,4,5,4,3,4,5,5,4,39,41
"R_1Ya0cOGHwfG4HRq",1,2,2,3,4,3,3,3,4,3,2,2,2,2,4,4,4,4,3,4,30,29
"R_5ePlK0DXvkNIAOE",4,4,4,5,4,5,4,5,4,5,4,4,5,4,4,4,3,4,5,4,44,41
"R_3dZaJNggSvlZfe7",3,1,2,2,3,2,3,1,3,3,3,2,2,2,2,2,2,1,3,1,17,26
"R_3kiEnofq1ydilqd",4,2,4,1,3,3,4,3,2,3,4,4,5,3,3,2,3,3,3,5,29,35
"R_3otLznU9Mjv3EOw",3,3,3,3,3,3,3,3,3,3,3,3,3,3,3,3,3,3,3,3,30,30
"R_6njg3OGBEiP8BAl",1,1,3,4,3,5,3,3,4,5,5,3,3,3,4,4,4,5,3,4,37,33
"R_3HtSz56NnEbZgFH",4,2,5,3,4,1,5,1,5,3,5,1,5,3,4,1,5,5,5,1,21,47
"R_5sBoPbDVLGGucl4",3,3,3,3,3,3,3,3,3,3,3,3,3,3,3,3,3,3,3,3,30,30
"R_6A89ny4xCsitc6R",1,1,1,1,1,1,1,1,1,1,1,1,1,1,1,1,1,1,1,1,10,10
"R_6vZC2n3E8MH60yJ",1,1,1,1,1,1,1,1,1,1,1,1,1,1,1,1,1,1,1,1,10,10
"R_1tTi3nQnh16312F",2,2,2,2,2,2,4,2,2,2,2,1,1,1,1,1,1,2,2,1,16,19
"R_7lR9TGRHqZMbUzL",4,4,4,4,4,5,5,5,5,5,5,5,5,5,4,4,4,4,4,4,45,44
"R_5CPIDhHhcVO1ksY",2,5,3,3,5,4,4,3,4,4,4,5,5,3,4,4,3,4,4,1,36,38
"R_5dEmQAxc6pREwrk",4,1,4,4,4,1,4,2,2,4,4,4,5,2,4,1,4,1,4,1,21,39
"R_5riQTcKu04YrJ8Q",5,4,4,4,4,5,4,4,4,4,5,4,4,4,4,4,4,4,4,4,41,42
"R_62SeFKMsQtZrCAI",1,1,1,1,1,1,1,1,1,1,1,1,1,1,1,1,1,1,1,1,10,10
"R_1f4fdJ2VCj3UYzn",1,1,1,1,1,1,1,1,1,1,1,1,1,1,1,1,1,1,1,1,10,10
"R_3dQZwswfqhpZQGd",3,3,3,3,3,3,3,3,3,3,3,3,3,3,3,3,3,3,3,3,30,30
"R_5B2PbRLXHku3vb1",5,1,5,5,5,1,3,1,1,5,5,3,5,3,2,2,4,4,3,1,26,38
"R_1Poo6RkrQbYcd7V",5,4,5,4,5,4,5,4,5,4,5,4,5,4,5,4,5,4,5,4,40,50
"R_1jY5VJbZTLJJ4A1",1,2,2,3,4,3,3,3,4,3,2,2,2,2,4,4,4,4,3,4,30,29
"R_3U4rqMUIErVMXn1",4,3,4,3,4,3,3,3,4,4,4,3,3,3,3,3,4,3,3,3,31,36
"R_3ZE7RNkQ8B4x1Ix",5,2,5,4,5,4,5,2,5,5,5,5,5,5,5,5,5,5,5,5,42,50
"R_7QXbr2n5EJdFLrH",1,3,1,3,1,1,1,1,1,1,1,1,1,1,1,1,1,1,1,1,14,10
"R_39gFtnOa6brbk7s",1,1,1,1,2,1,1,1,2,3,1,1,1,3,1,1,1,1,1,1,14,12
"R_5RkXHvlLA9F4UE1",5,1,1,1,4,1,1,1,1,1,1,4,1,1,4,1,1,1,1,1,13,20
"R_6E5y9wklvMsvTvI",4,5,2,2,5,4,3,2,4,5,4,3,3,5,4,3,5,4,3,5,38,37
"R_5OOeuSwF3NoDGmJ",3,1,3,1,3,1,2,1,4,4,1,3,1,3,1,1,1,1,2,1,17,21
"R_6rGcfY3BsgI3pOZ",3,1,3,3,3,1,3,3,3,5,3,3,3,3,4,4,3,3,3,3,29,31
"R_7g60wvmZzpv6ev9",5,5,5,5,5,5,5,4,5,5,4,4,4,5,5,4,3,5,5,5,47,46
"R_1iiqgW8jryQPdfj",1,2,3,3,1,1,2,2,1,3,1,3,1,3,1,1,3,2,2,2,22,16
"R_6KpxWcTLOt4UajG",1,2,2,3,4,3,3,3,4,3,2,2,2,2,4,4,4,4,3,4,30,29
"R_7Eji2ZMJKXWSYfq",1,1,3,3,2,2,3,2,2,2,4,2,2,2,2,2,3,1,4,1,18,26
"R_1NvKKT5Pv3LrK93",5,5,5,4,5,5,5,5,4,5,5,5,4,5,5,5,5,5,5,5,49,48
"R_3rpFBgzWe95J0GH",2,1,1,4,2,1,2,1,2,2,1,2,1,1,1,1,1,1,1,1,15,14
"R_50YyzeQlUHj3UWM",5,3,3,3,5,3,3,3,5,3,3,3,3,3,3,3,3,3,3,3,30,36
"R_3iTmEmgEHHLZlEB",5,4,3,5,4,3,4,3,3,5,4,5,4,5,4,5,4,3,5,2,40,40
"R_6dgzoAjUW24zQ8o",1,1,1,1,1,4,1,3,1,5,1,5,1,1,1,1,1,1,1,1,23,10
"R_17ya2KUMdAB4Z5O",3,4,4,4,3,2,4,2,4,2,4,2,4,2,2,2,4,4,2,2,26,34
"R_63POuFAgIQIzehj",1,1,4,1,1,1,4,4,4,4,4,3,2,4,4,4,2,2,2,4,28,28
"R_7pPHt5MLl0UHRY0",5,4,4,5,4,3,3,4,3,5,3,5,4,5,4,3,5,4,3,4,42,38
"R_7yfcCCzqH4aTTTX",5,4,5,4,5,1,5,3,5,4,5,4,5,4,5,3,5,2,5,1,30,50
"R_1Pz1l6tqGYwdi4p",1,1,1,1,1,1,1,1,1,1,1,1,1,1,1,1,1,1,1,1,10,10
"R_3PTNchgrczSxV7t",1,2,1,4,2,2,3,3,2,2,3,4,2,2,2,2,3,2,2,1,24,21
"R_3f77OOIuCsmWwxS",5,1,5,1,5,1,5,1,5,5,4,4,5,3,4,3,5,3,5,3,25,48
"R_3qrqL0OiTuaSL9w",4,1,4,1,4,1,4,1,4,2,4,1,3,1,1,1,4,1,4,1,11,36
"R_7yfHXO3TTW5y0k3",4,3,2,5,5,5,3,3,1,3,1,1,1,1,5,1,1,1,1,5,28,24
"R_77I0m2ExmdUP138",4,4,5,5,4,4,5,5,4,4,5,4,5,5,4,4,5,4,4,4,43,45
"R_1D6xR48qcL2tTNK",3,2,3,3,3,3,3,3,3,3,3,3,3,3,3,3,3,3,3,3,29,30
"R_1DOzGq64U2tGnLF",3,2,4,2,5,5,3,3,2,5,2,2,3,5,1,1,4,2,4,3,30,31
"R_7kczJBoueHOm2M0",4,3,2,3,4,3,3,3,3,4,3,3,3,3,3,3,1,2,2,2,29,28
"R_5Zu1O96PzO2EGkN",4,2,3,3,4,3,4,3,5,4,5,4,4,4,4,4,5,5,5,2,34,43
"R_3P0cFiIHsojpsZ9",3,3,3,3,3,3,3,3,3,3,4,2,4,3,2,3,3,3,3,3,29,31
"R_56GdiL109c0yVsR",3,3,2,4,4,4,2,4,4,2,3,4,4,4,2,4,3,3,3,2,34,30
